date,sku,product_name,category,units_sold,promo_flag
2024-11-22,SCR-WD-300,"Wood Screws 3"" Box (100ct)",Fasteners,14,0
2024-11-23,SCR-WD-300,"Wood Screws 3"" Box (100ct)",Fasteners,14,0
2024-11-24,SCR-WD-300,"Wood Screws 3"" Box (100ct)",Fasteners,22,0
2024-11-25,SCR-WD-300,"Wood Screws 3"" Box (100ct)",Fasteners,16,0
2024-11-26,SCR-WD-300,"Wood Screws 3"" Box (100ct)",Fasteners,0,0
2024-11-27,SCR-WD-300,"Wood Screws 3"" Box (100ct)",Fasteners,18,0
2024-11-28,SCR-WD-300,"Wood Screws 3"" Box (100ct)",Fasteners,20,0
2024-11-29,SCR-WD-300,"Wood Screws 3"" Box (100ct)",Fasteners,22,0
2024-11-30,SCR-WD-300,"Wood Screws 3"" Box (100ct)",Fasteners,11,0
2024-12-01,SCR-WD-300,"Wood Screws 3"" Box (100ct)",Fasteners,15,0
2024-12-02,SCR-WD-300,"Wood Screws 3"" Box (100ct)",Fasteners,10,0
2024-12-03,SCR-WD-300,"Wood Screws 3"" Box (100ct)",Fasteners,12,0
2024-12-04,SCR-WD-300,"Wood Screws 3"" Box (100ct)",Fasteners,8,0
2024-12-05,SCR-WD-300,"Wood Screws 3"" Box (100ct)",Fasteners,10,0
2024-12-06,SCR-WD-300,"Wood Screws 3"" Box (100ct)",Fasteners,12,0
2024-12-07,SCR-WD-300,"Wood Screws 3"" Box (100ct)",Fasteners,21,0
2024-12-08,SCR-WD-300,"Wood Screws 3"" Box (100ct)",Fasteners,17,0
2024-12-09,SCR-WD-300,"Wood Screws 3"" Box (100ct)",Fasteners,0,0
2024-12-10,SCR-WD-300,"Wood Screws 3"" Box (100ct)",Fasteners,10,0
2024-12-11,SCR-WD-300,"Wood Screws 3"" Box (100ct)",Fasteners,18,0
2024-12-12,SCR-WD-300,"Wood Screws 3"" Box (100ct)",Fasteners,17,0
2024-12-13,SCR-WD-300,"Wood Screws 3"" Box (100ct)",Fasteners,13,0
2024-12-14,SCR-WD-300,"Wood Screws 3"" Box (100ct)",Fasteners,27,0
2024-12-15,SCR-WD-300,"Wood Screws 3"" Box (100ct)",Fasteners,22,0
2024-12-16,SCR-WD-300,"Wood Screws 3"" Box (100ct)",Fasteners,23,0
2024-12-17,SCR-WD-300,"Wood Screws 3"" Box (100ct)",Fasteners,15,0
2024-12-18,SCR-WD-300,"Wood Screws 3"" Box (100ct)",Fasteners,16,0
2024-12-19,SCR-WD-300,"Wood Screws 3"" Box (100ct)",Fasteners,21,0
2024-12-20,SCR-WD-300,"Wood Screws 3"" Box (100ct)",Fasteners,12,0
2024-12-21,SCR-WD-300,"Wood Screws 3"" Box (100ct)",Fasteners,26,0
2024-12-22,SCR-WD-300,"Wood Screws 3"" Box (100ct)",Fasteners,13,0
2024-12-23,SCR-WD-300,"Wood Screws 3"" Box (100ct)",Fasteners,20,0
2024-12-24,SCR-WD-300,"Wood Screws 3"" Box (100ct)",Fasteners,12,0
2024-12-25,SCR-WD-300,"Wood Screws 3"" Box (100ct)",Fasteners,19,0
2024-12-26,SCR-WD-300,"Wood Screws 3"" Box (100ct)",Fasteners,12,0
2024-12-27,SCR-WD-300,"Wood Screws 3"" Box (100ct)",Fasteners,13,0
2024-12-28,SCR-WD-300,"Wood Screws 3"" Box (100ct)",Fasteners,19,0
2024-12-29,SCR-WD-300,"Wood Screws 3"" Box (100ct)",Fasteners,13,0
2024-12-30,SCR-WD-300,"Wood Screws 3"" Box (100ct)",Fasteners,17,0
2024-12-31,SCR-WD-300,"Wood Screws 3"" Box (100ct)",Fasteners,18,0
2025-01-01,SCR-WD-300,"Wood Screws 3"" Box (100ct)",Fasteners,11,0
2025-01-02,SCR-WD-300,"Wood Screws 3"" Box (100ct)",Fasteners,11,0
2025-01-03,SCR-WD-300,"Wood Screws 3"" Box (100ct)",Fasteners,12,0
2025-01-04,SCR-WD-300,"Wood Screws 3"" Box (100ct)",Fasteners,14,0
2025-01-05,SCR-WD-300,"Wood Screws 3"" Box (100ct)",Fasteners,26,0
2025-01-06,SCR-WD-300,"Wood Screws 3"" Box (100ct)",Fasteners,10,0
2025-01-07,SCR-WD-300,"Wood Screws 3"" Box (100ct)",Fasteners,16,0
2025-01-08,SCR-WD-300,"Wood Screws 3"" Box (100ct)",Fasteners,12,0
2025-01-09,SCR-WD-300,"Wood Screws 3"" Box (100ct)",Fasteners,19,0
2025-01-10,SCR-WD-300,"Wood Screws 3"" Box (100ct)",Fasteners,15,0
2025-01-11,SCR-WD-300,"Wood Screws 3"" Box (100ct)",Fasteners,16,0
2025-01-12,SCR-WD-300,"Wood Screws 3"" Box (100ct)",Fasteners,19,0
2025-01-13,SCR-WD-300,"Wood Screws 3"" Box (100ct)",Fasteners,16,0
2025-01-14,SCR-WD-300,"Wood Screws 3"" Box (100ct)",Fasteners,19,0
2025-01-15,SCR-WD-300,"Wood Screws 3"" Box (100ct)",Fasteners,15,0
2025-01-16,SCR-WD-300,"Wood Screws 3"" Box (100ct)",Fasteners,18,0
2025-01-17,SCR-WD-300,"Wood Screws 3"" Box (100ct)",Fasteners,14,0
2025-01-18,SCR-WD-300,"Wood Screws 3"" Box (100ct)",Fasteners,0,0
2025-01-19,SCR-WD-300,"Wood Screws 3"" Box (100ct)",Fasteners,19,0
2025-01-20,SCR-WD-300,"Wood Screws 3"" Box (100ct)",Fasteners,16,0
2025-01-21,SCR-WD-300,"Wood Screws 3"" Box (100ct)",Fasteners,15,0
2025-01-22,SCR-WD-300,"Wood Screws 3"" Box (100ct)",Fasteners,16,0
2025-01-23,SCR-WD-300,"Wood Screws 3"" Box (100ct)",Fasteners,14,0
2025-01-24,SCR-WD-300,"Wood Screws 3"" Box (100ct)",Fasteners,14,0
2025-01-25,SCR-WD-300,"Wood Screws 3"" Box (100ct)",Fasteners,20,0
2025-01-26,SCR-WD-300,"Wood Screws 3"" Box (100ct)",Fasteners,18,0
2025-01-27,SCR-WD-300,"Wood Screws 3"" Box (100ct)",Fasteners,13,0
2025-01-28,SCR-WD-300,"Wood Screws 3"" Box (100ct)",Fasteners,15,0
2025-01-29,SCR-WD-300,"Wood Screws 3"" Box (100ct)",Fasteners,17,0
2025-01-30,SCR-WD-300,"Wood Screws 3"" Box (100ct)",Fasteners,19,0
2025-01-31,SCR-WD-300,"Wood Screws 3"" Box (100ct)",Fasteners,17,0
2025-02-01,SCR-WD-300,"Wood Screws 3"" Box (100ct)",Fasteners,26,0
2025-02-02,SCR-WD-300,"Wood Screws 3"" Box (100ct)",Fasteners,21,0
2025-02-03,SCR-WD-300,"Wood Screws 3"" Box (100ct)",Fasteners,14,0
2025-02-04,SCR-WD-300,"Wood Screws 3"" Box (100ct)",Fasteners,12,0
2025-02-05,SCR-WD-300,"Wood Screws 3"" Box (100ct)",Fasteners,16,0
2025-02-06,SCR-WD-300,"Wood Screws 3"" Box (100ct)",Fasteners,13,0
2025-02-07,SCR-WD-300,"Wood Screws 3"" Box (100ct)",Fasteners,14,0
2025-02-08,SCR-WD-300,"Wood Screws 3"" Box (100ct)",Fasteners,18,0
2025-02-09,SCR-WD-300,"Wood Screws 3"" Box (100ct)",Fasteners,16,0
2025-02-10,SCR-WD-300,"Wood Screws 3"" Box (100ct)",Fasteners,14,0
2025-02-11,SCR-WD-300,"Wood Screws 3"" Box (100ct)",Fasteners,11,0
2025-02-12,SCR-WD-300,"Wood Screws 3"" Box (100ct)",Fasteners,14,0
2025-02-13,SCR-WD-300,"Wood Screws 3"" Box (100ct)",Fasteners,19,0
2025-02-14,SCR-WD-300,"Wood Screws 3"" Box (100ct)",Fasteners,14,0
2025-02-15,SCR-WD-300,"Wood Screws 3"" Box (100ct)",Fasteners,21,0
2025-02-16,SCR-WD-300,"Wood Screws 3"" Box (100ct)",Fasteners,17,0
2025-02-17,SCR-WD-300,"Wood Screws 3"" Box (100ct)",Fasteners,16,0
2025-02-18,SCR-WD-300,"Wood Screws 3"" Box (100ct)",Fasteners,14,0
2025-02-19,SCR-WD-300,"Wood Screws 3"" Box (100ct)",Fasteners,19,1
2025-02-20,SCR-WD-300,"Wood Screws 3"" Box (100ct)",Fasteners,15,0
2025-02-21,SCR-WD-300,"Wood Screws 3"" Box (100ct)",Fasteners,12,0
2025-02-22,SCR-WD-300,"Wood Screws 3"" Box (100ct)",Fasteners,18,0
2025-02-23,SCR-WD-300,"Wood Screws 3"" Box (100ct)",Fasteners,26,0
2025-02-24,SCR-WD-300,"Wood Screws 3"" Box (100ct)",Fasteners,24,0
2025-02-25,SCR-WD-300,"Wood Screws 3"" Box (100ct)",Fasteners,12,0
2025-02-26,SCR-WD-300,"Wood Screws 3"" Box (100ct)",Fasteners,15,0
2025-02-27,SCR-WD-300,"Wood Screws 3"" Box (100ct)",Fasteners,16,0
2025-02-28,SCR-WD-300,"Wood Screws 3"" Box (100ct)",Fasteners,15,0
2025-03-01,SCR-WD-300,"Wood Screws 3"" Box (100ct)",Fasteners,18,0
2025-03-02,SCR-WD-300,"Wood Screws 3"" Box (100ct)",Fasteners,33,0
2025-03-03,SCR-WD-300,"Wood Screws 3"" Box (100ct)",Fasteners,14,0
2025-03-04,SCR-WD-300,"Wood Screws 3"" Box (100ct)",Fasteners,11,0
2025-03-05,SCR-WD-300,"Wood Screws 3"" Box (100ct)",Fasteners,21,0
2025-03-06,SCR-WD-300,"Wood Screws 3"" Box (100ct)",Fasteners,27,1
2025-03-07,SCR-WD-300,"Wood Screws 3"" Box (100ct)",Fasteners,16,0
2025-03-08,SCR-WD-300,"Wood Screws 3"" Box (100ct)",Fasteners,15,0
2025-03-09,SCR-WD-300,"Wood Screws 3"" Box (100ct)",Fasteners,15,0
2025-03-10,SCR-WD-300,"Wood Screws 3"" Box (100ct)",Fasteners,20,0
2025-03-11,SCR-WD-300,"Wood Screws 3"" Box (100ct)",Fasteners,14,0
2025-03-12,SCR-WD-300,"Wood Screws 3"" Box (100ct)",Fasteners,14,0
2025-03-13,SCR-WD-300,"Wood Screws 3"" Box (100ct)",Fasteners,9,0
2025-03-14,SCR-WD-300,"Wood Screws 3"" Box (100ct)",Fasteners,14,0
2025-03-15,SCR-WD-300,"Wood Screws 3"" Box (100ct)",Fasteners,23,0
2025-03-16,SCR-WD-300,"Wood Screws 3"" Box (100ct)",Fasteners,20,0
2025-03-17,SCR-WD-300,"Wood Screws 3"" Box (100ct)",Fasteners,15,0
2025-03-18,SCR-WD-300,"Wood Screws 3"" Box (100ct)",Fasteners,12,0
2025-03-19,SCR-WD-300,"Wood Screws 3"" Box (100ct)",Fasteners,14,0
2025-03-20,SCR-WD-300,"Wood Screws 3"" Box (100ct)",Fasteners,14,0
2025-03-21,SCR-WD-300,"Wood Screws 3"" Box (100ct)",Fasteners,0,0
2025-03-22,SCR-WD-300,"Wood Screws 3"" Box (100ct)",Fasteners,19,0
2025-03-23,SCR-WD-300,"Wood Screws 3"" Box (100ct)",Fasteners,21,0
2025-03-24,SCR-WD-300,"Wood Screws 3"" Box (100ct)",Fasteners,17,0
2025-03-25,SCR-WD-300,"Wood Screws 3"" Box (100ct)",Fasteners,16,0
2025-03-26,SCR-WD-300,"Wood Screws 3"" Box (100ct)",Fasteners,15,0
2025-03-27,SCR-WD-300,"Wood Screws 3"" Box (100ct)",Fasteners,15,0
2025-03-28,SCR-WD-300,"Wood Screws 3"" Box (100ct)",Fasteners,12,0
2025-03-29,SCR-WD-300,"Wood Screws 3"" Box (100ct)",Fasteners,20,0
2025-03-30,SCR-WD-300,"Wood Screws 3"" Box (100ct)",Fasteners,22,0
2025-03-31,SCR-WD-300,"Wood Screws 3"" Box (100ct)",Fasteners,19,0
2025-04-01,SCR-WD-300,"Wood Screws 3"" Box (100ct)",Fasteners,19,0
2025-04-02,SCR-WD-300,"Wood Screws 3"" Box (100ct)",Fasteners,0,0
2025-04-03,SCR-WD-300,"Wood Screws 3"" Box (100ct)",Fasteners,14,0
2025-04-04,SCR-WD-300,"Wood Screws 3"" Box (100ct)",Fasteners,21,0
2025-04-05,SCR-WD-300,"Wood Screws 3"" Box (100ct)",Fasteners,25,0
2025-04-06,SCR-WD-300,"Wood Screws 3"" Box (100ct)",Fasteners,14,0
2025-04-07,SCR-WD-300,"Wood Screws 3"" Box (100ct)",Fasteners,14,0
2025-04-08,SCR-WD-300,"Wood Screws 3"" Box (100ct)",Fasteners,15,0
2025-04-09,SCR-WD-300,"Wood Screws 3"" Box (100ct)",Fasteners,16,0
2025-04-10,SCR-WD-300,"Wood Screws 3"" Box (100ct)",Fasteners,11,0
2025-04-11,SCR-WD-300,"Wood Screws 3"" Box (100ct)",Fasteners,13,0
2025-04-12,SCR-WD-300,"Wood Screws 3"" Box (100ct)",Fasteners,0,0
2025-04-13,SCR-WD-300,"Wood Screws 3"" Box (100ct)",Fasteners,0,1
2025-04-14,SCR-WD-300,"Wood Screws 3"" Box (100ct)",Fasteners,15,0
2025-04-15,SCR-WD-300,"Wood Screws 3"" Box (100ct)",Fasteners,13,0
2025-04-16,SCR-WD-300,"Wood Screws 3"" Box (100ct)",Fasteners,13,0
2025-04-17,SCR-WD-300,"Wood Screws 3"" Box (100ct)",Fasteners,12,0
2025-04-18,SCR-WD-300,"Wood Screws 3"" Box (100ct)",Fasteners,11,0
2025-04-19,SCR-WD-300,"Wood Screws 3"" Box (100ct)",Fasteners,20,0
2025-04-20,SCR-WD-300,"Wood Screws 3"" Box (100ct)",Fasteners,19,0
2025-04-21,SCR-WD-300,"Wood Screws 3"" Box (100ct)",Fasteners,14,0
2025-04-22,SCR-WD-300,"Wood Screws 3"" Box (100ct)",Fasteners,15,0
2025-04-23,SCR-WD-300,"Wood Screws 3"" Box (100ct)",Fasteners,12,0
2025-04-24,SCR-WD-300,"Wood Screws 3"" Box (100ct)",Fasteners,14,0
2025-04-25,SCR-WD-300,"Wood Screws 3"" Box (100ct)",Fasteners,0,0
2025-04-26,SCR-WD-300,"Wood Screws 3"" Box (100ct)",Fasteners,22,0
2025-04-27,SCR-WD-300,"Wood Screws 3"" Box (100ct)",Fasteners,15,0
2025-04-28,SCR-WD-300,"Wood Screws 3"" Box (100ct)",Fasteners,20,0
2025-04-29,SCR-WD-300,"Wood Screws 3"" Box (100ct)",Fasteners,0,0
2025-04-30,SCR-WD-300,"Wood Screws 3"" Box (100ct)",Fasteners,8,0
2025-05-01,SCR-WD-300,"Wood Screws 3"" Box (100ct)",Fasteners,11,0
2025-05-02,SCR-WD-300,"Wood Screws 3"" Box (100ct)",Fasteners,20,0
2025-05-03,SCR-WD-300,"Wood Screws 3"" Box (100ct)",Fasteners,20,0
2025-05-04,SCR-WD-300,"Wood Screws 3"" Box (100ct)",Fasteners,18,0
2025-05-05,SCR-WD-300,"Wood Screws 3"" Box (100ct)",Fasteners,15,0
2025-05-06,SCR-WD-300,"Wood Screws 3"" Box (100ct)",Fasteners,11,0
2025-05-07,SCR-WD-300,"Wood Screws 3"" Box (100ct)",Fasteners,16,0
2025-05-08,SCR-WD-300,"Wood Screws 3"" Box (100ct)",Fasteners,15,0
2025-05-09,SCR-WD-300,"Wood Screws 3"" Box (100ct)",Fasteners,0,0
2025-05-10,SCR-WD-300,"Wood Screws 3"" Box (100ct)",Fasteners,16,0
2025-05-11,SCR-WD-300,"Wood Screws 3"" Box (100ct)",Fasteners,17,0
2025-05-12,SCR-WD-300,"Wood Screws 3"" Box (100ct)",Fasteners,20,0
2025-05-13,SCR-WD-300,"Wood Screws 3"" Box (100ct)",Fasteners,19,0
2025-05-14,SCR-WD-300,"Wood Screws 3"" Box (100ct)",Fasteners,11,0
2025-05-15,SCR-WD-300,"Wood Screws 3"" Box (100ct)",Fasteners,17,0
2025-05-16,SCR-WD-300,"Wood Screws 3"" Box (100ct)",Fasteners,15,0
2025-05-17,SCR-WD-300,"Wood Screws 3"" Box (100ct)",Fasteners,23,0
2025-05-18,SCR-WD-300,"Wood Screws 3"" Box (100ct)",Fasteners,15,0
2025-05-19,SCR-WD-300,"Wood Screws 3"" Box (100ct)",Fasteners,22,0
2025-05-20,SCR-WD-300,"Wood Screws 3"" Box (100ct)",Fasteners,13,0
2025-05-21,SCR-WD-300,"Wood Screws 3"" Box (100ct)",Fasteners,14,0
2025-05-22,SCR-WD-300,"Wood Screws 3"" Box (100ct)",Fasteners,14,0
2025-05-23,SCR-WD-300,"Wood Screws 3"" Box (100ct)",Fasteners,8,0
2025-05-24,SCR-WD-300,"Wood Screws 3"" Box (100ct)",Fasteners,18,0
2025-05-25,SCR-WD-300,"Wood Screws 3"" Box (100ct)",Fasteners,13,0
2025-05-26,SCR-WD-300,"Wood Screws 3"" Box (100ct)",Fasteners,17,0
2025-05-27,SCR-WD-300,"Wood Screws 3"" Box (100ct)",Fasteners,12,0
2025-05-28,SCR-WD-300,"Wood Screws 3"" Box (100ct)",Fasteners,14,0
2025-05-29,SCR-WD-300,"Wood Screws 3"" Box (100ct)",Fasteners,16,0
2025-05-30,SCR-WD-300,"Wood Screws 3"" Box (100ct)",Fasteners,19,0
2025-05-31,SCR-WD-300,"Wood Screws 3"" Box (100ct)",Fasteners,25,0
2025-06-01,SCR-WD-300,"Wood Screws 3"" Box (100ct)",Fasteners,13,0
2025-06-02,SCR-WD-300,"Wood Screws 3"" Box (100ct)",Fasteners,19,0
2025-06-03,SCR-WD-300,"Wood Screws 3"" Box (100ct)",Fasteners,15,0
2025-06-04,SCR-WD-300,"Wood Screws 3"" Box (100ct)",Fasteners,12,0
2025-06-05,SCR-WD-300,"Wood Screws 3"" Box (100ct)",Fasteners,18,0
2025-06-06,SCR-WD-300,"Wood Screws 3"" Box (100ct)",Fasteners,23,0
2025-06-07,SCR-WD-300,"Wood Screws 3"" Box (100ct)",Fasteners,12,0
2025-06-08,SCR-WD-300,"Wood Screws 3"" Box (100ct)",Fasteners,21,0
2025-06-09,SCR-WD-300,"Wood Screws 3"" Box (100ct)",Fasteners,16,0
2025-06-10,SCR-WD-300,"Wood Screws 3"" Box (100ct)",Fasteners,13,0
2025-06-11,SCR-WD-300,"Wood Screws 3"" Box (100ct)",Fasteners,20,0
2025-06-12,SCR-WD-300,"Wood Screws 3"" Box (100ct)",Fasteners,11,0
2025-06-13,SCR-WD-300,"Wood Screws 3"" Box (100ct)",Fasteners,14,0
2025-06-14,SCR-WD-300,"Wood Screws 3"" Box (100ct)",Fasteners,14,0
2025-06-15,SCR-WD-300,"Wood Screws 3"" Box (100ct)",Fasteners,10,0
2025-06-16,SCR-WD-300,"Wood Screws 3"" Box (100ct)",Fasteners,19,0
2025-06-17,SCR-WD-300,"Wood Screws 3"" Box (100ct)",Fasteners,12,0
2025-06-18,SCR-WD-300,"Wood Screws 3"" Box (100ct)",Fasteners,14,0
2025-06-19,SCR-WD-300,"Wood Screws 3"" Box (100ct)",Fasteners,14,0
2025-06-20,SCR-WD-300,"Wood Screws 3"" Box (100ct)",Fasteners,16,0
2025-06-21,SCR-WD-300,"Wood Screws 3"" Box (100ct)",Fasteners,19,0
2025-06-22,SCR-WD-300,"Wood Screws 3"" Box (100ct)",Fasteners,21,0
2025-06-23,SCR-WD-300,"Wood Screws 3"" Box (100ct)",Fasteners,17,0
2025-06-24,SCR-WD-300,"Wood Screws 3"" Box (100ct)",Fasteners,11,0
2025-06-25,SCR-WD-300,"Wood Screws 3"" Box (100ct)",Fasteners,14,0
2025-06-26,SCR-WD-300,"Wood Screws 3"" Box (100ct)",Fasteners,20,0
2025-06-27,SCR-WD-300,"Wood Screws 3"" Box (100ct)",Fasteners,16,0
2025-06-28,SCR-WD-300,"Wood Screws 3"" Box (100ct)",Fasteners,0,0
2025-06-29,SCR-WD-300,"Wood Screws 3"" Box (100ct)",Fasteners,20,0
2025-06-30,SCR-WD-300,"Wood Screws 3"" Box (100ct)",Fasteners,15,0
2025-07-01,SCR-WD-300,"Wood Screws 3"" Box (100ct)",Fasteners,17,0
2025-07-02,SCR-WD-300,"Wood Screws 3"" Box (100ct)",Fasteners,16,0
2025-07-03,SCR-WD-300,"Wood Screws 3"" Box (100ct)",Fasteners,15,0
2025-07-04,SCR-WD-300,"Wood Screws 3"" Box (100ct)",Fasteners,15,0
2025-07-05,SCR-WD-300,"Wood Screws 3"" Box (100ct)",Fasteners,24,0
2025-07-06,SCR-WD-300,"Wood Screws 3"" Box (100ct)",Fasteners,18,0
2025-07-07,SCR-WD-300,"Wood Screws 3"" Box (100ct)",Fasteners,13,0
2025-07-08,SCR-WD-300,"Wood Screws 3"" Box (100ct)",Fasteners,22,1
2025-07-09,SCR-WD-300,"Wood Screws 3"" Box (100ct)",Fasteners,20,0
2025-07-10,SCR-WD-300,"Wood Screws 3"" Box (100ct)",Fasteners,11,0
2025-07-11,SCR-WD-300,"Wood Screws 3"" Box (100ct)",Fasteners,16,0
2025-07-12,SCR-WD-300,"Wood Screws 3"" Box (100ct)",Fasteners,0,0
2025-07-13,SCR-WD-300,"Wood Screws 3"" Box (100ct)",Fasteners,26,0
2025-07-14,SCR-WD-300,"Wood Screws 3"" Box (100ct)",Fasteners,14,0
2025-07-15,SCR-WD-300,"Wood Screws 3"" Box (100ct)",Fasteners,15,0
2025-07-16,SCR-WD-300,"Wood Screws 3"" Box (100ct)",Fasteners,15,0
2025-07-17,SCR-WD-300,"Wood Screws 3"" Box (100ct)",Fasteners,20,0
2025-07-18,SCR-WD-300,"Wood Screws 3"" Box (100ct)",Fasteners,12,0
2025-07-19,SCR-WD-300,"Wood Screws 3"" Box (100ct)",Fasteners,10,0
2025-07-20,SCR-WD-300,"Wood Screws 3"" Box (100ct)",Fasteners,14,0
2025-07-21,SCR-WD-300,"Wood Screws 3"" Box (100ct)",Fasteners,17,0
2025-07-22,SCR-WD-300,"Wood Screws 3"" Box (100ct)",Fasteners,12,0
2025-07-23,SCR-WD-300,"Wood Screws 3"" Box (100ct)",Fasteners,13,0
2025-07-24,SCR-WD-300,"Wood Screws 3"" Box (100ct)",Fasteners,14,0
2025-07-25,SCR-WD-300,"Wood Screws 3"" Box (100ct)",Fasteners,20,0
2025-07-26,SCR-WD-300,"Wood Screws 3"" Box (100ct)",Fasteners,12,0
2025-07-27,SCR-WD-300,"Wood Screws 3"" Box (100ct)",Fasteners,18,0
2025-07-28,SCR-WD-300,"Wood Screws 3"" Box (100ct)",Fasteners,16,0
2025-07-29,SCR-WD-300,"Wood Screws 3"" Box (100ct)",Fasteners,23,0
2025-07-30,SCR-WD-300,"Wood Screws 3"" Box (100ct)",Fasteners,0,1
2025-07-31,SCR-WD-300,"Wood Screws 3"" Box (100ct)",Fasteners,6,0
2025-08-01,SCR-WD-300,"Wood Screws 3"" Box (100ct)",Fasteners,16,0
2025-08-02,SCR-WD-300,"Wood Screws 3"" Box (100ct)",Fasteners,25,0
2025-08-03,SCR-WD-300,"Wood Screws 3"" Box (100ct)",Fasteners,21,0
2025-08-04,SCR-WD-300,"Wood Screws 3"" Box (100ct)",Fasteners,15,0
2025-08-05,SCR-WD-300,"Wood Screws 3"" Box (100ct)",Fasteners,17,0
2025-08-06,SCR-WD-300,"Wood Screws 3"" Box (100ct)",Fasteners,17,0
2025-08-07,SCR-WD-300,"Wood Screws 3"" Box (100ct)",Fasteners,0,0
2025-08-08,SCR-WD-300,"Wood Screws 3"" Box (100ct)",Fasteners,18,0
2025-08-09,SCR-WD-300,"Wood Screws 3"" Box (100ct)",Fasteners,0,0
2025-08-10,SCR-WD-300,"Wood Screws 3"" Box (100ct)",Fasteners,18,0
2025-08-11,SCR-WD-300,"Wood Screws 3"" Box (100ct)",Fasteners,21,0
2025-08-12,SCR-WD-300,"Wood Screws 3"" Box (100ct)",Fasteners,13,0
2025-08-13,SCR-WD-300,"Wood Screws 3"" Box (100ct)",Fasteners,9,0
2025-08-14,SCR-WD-300,"Wood Screws 3"" Box (100ct)",Fasteners,16,0
2025-08-15,SCR-WD-300,"Wood Screws 3"" Box (100ct)",Fasteners,22,0
2025-08-16,SCR-WD-300,"Wood Screws 3"" Box (100ct)",Fasteners,0,0
2025-08-17,SCR-WD-300,"Wood Screws 3"" Box (100ct)",Fasteners,22,0
2025-08-18,SCR-WD-300,"Wood Screws 3"" Box (100ct)",Fasteners,16,0
2025-08-19,SCR-WD-300,"Wood Screws 3"" Box (100ct)",Fasteners,12,0
2025-08-20,SCR-WD-300,"Wood Screws 3"" Box (100ct)",Fasteners,10,0
2025-08-21,SCR-WD-300,"Wood Screws 3"" Box (100ct)",Fasteners,9,0
2025-08-22,SCR-WD-300,"Wood Screws 3"" Box (100ct)",Fasteners,14,0
2025-08-23,SCR-WD-300,"Wood Screws 3"" Box (100ct)",Fasteners,21,0
2025-08-24,SCR-WD-300,"Wood Screws 3"" Box (100ct)",Fasteners,19,0
2025-08-25,SCR-WD-300,"Wood Screws 3"" Box (100ct)",Fasteners,14,0
2025-08-26,SCR-WD-300,"Wood Screws 3"" Box (100ct)",Fasteners,14,0
2025-08-27,SCR-WD-300,"Wood Screws 3"" Box (100ct)",Fasteners,13,0
2025-08-28,SCR-WD-300,"Wood Screws 3"" Box (100ct)",Fasteners,12,0
2025-08-29,SCR-WD-300,"Wood Screws 3"" Box (100ct)",Fasteners,14,0
2025-08-30,SCR-WD-300,"Wood Screws 3"" Box (100ct)",Fasteners,35,1
2025-08-31,SCR-WD-300,"Wood Screws 3"" Box (100ct)",Fasteners,18,0
2025-09-01,SCR-WD-300,"Wood Screws 3"" Box (100ct)",Fasteners,16,0
2025-09-02,SCR-WD-300,"Wood Screws 3"" Box (100ct)",Fasteners,14,0
2025-09-03,SCR-WD-300,"Wood Screws 3"" Box (100ct)",Fasteners,16,0
2025-09-04,SCR-WD-300,"Wood Screws 3"" Box (100ct)",Fasteners,17,0
2025-09-05,SCR-WD-300,"Wood Screws 3"" Box (100ct)",Fasteners,17,0
2025-09-06,SCR-WD-300,"Wood Screws 3"" Box (100ct)",Fasteners,18,0
2025-09-07,SCR-WD-300,"Wood Screws 3"" Box (100ct)",Fasteners,18,0
2025-09-08,SCR-WD-300,"Wood Screws 3"" Box (100ct)",Fasteners,14,0
2025-09-09,SCR-WD-300,"Wood Screws 3"" Box (100ct)",Fasteners,17,0
2025-09-10,SCR-WD-300,"Wood Screws 3"" Box (100ct)",Fasteners,0,0
2025-09-11,SCR-WD-300,"Wood Screws 3"" Box (100ct)",Fasteners,14,0
2025-09-12,SCR-WD-300,"Wood Screws 3"" Box (100ct)",Fasteners,14,0
2025-09-13,SCR-WD-300,"Wood Screws 3"" Box (100ct)",Fasteners,0,0
2025-09-14,SCR-WD-300,"Wood Screws 3"" Box (100ct)",Fasteners,0,0
2025-09-15,SCR-WD-300,"Wood Screws 3"" Box (100ct)",Fasteners,15,0
2025-09-16,SCR-WD-300,"Wood Screws 3"" Box (100ct)",Fasteners,0,0
2025-09-17,SCR-WD-300,"Wood Screws 3"" Box (100ct)",Fasteners,0,0
2025-09-18,SCR-WD-300,"Wood Screws 3"" Box (100ct)",Fasteners,17,0
2025-09-19,SCR-WD-300,"Wood Screws 3"" Box (100ct)",Fasteners,11,0
2025-09-20,SCR-WD-300,"Wood Screws 3"" Box (100ct)",Fasteners,18,0
2025-09-21,SCR-WD-300,"Wood Screws 3"" Box (100ct)",Fasteners,17,0
2025-09-22,SCR-WD-300,"Wood Screws 3"" Box (100ct)",Fasteners,11,0
2025-09-23,SCR-WD-300,"Wood Screws 3"" Box (100ct)",Fasteners,6,0
2025-09-24,SCR-WD-300,"Wood Screws 3"" Box (100ct)",Fasteners,10,0
2025-09-25,SCR-WD-300,"Wood Screws 3"" Box (100ct)",Fasteners,18,0
2025-09-26,SCR-WD-300,"Wood Screws 3"" Box (100ct)",Fasteners,10,0
2025-09-27,SCR-WD-300,"Wood Screws 3"" Box (100ct)",Fasteners,20,0
2025-09-28,SCR-WD-300,"Wood Screws 3"" Box (100ct)",Fasteners,14,0
2025-09-29,SCR-WD-300,"Wood Screws 3"" Box (100ct)",Fasteners,11,0
2025-09-30,SCR-WD-300,"Wood Screws 3"" Box (100ct)",Fasteners,12,0
2025-10-01,SCR-WD-300,"Wood Screws 3"" Box (100ct)",Fasteners,0,0
2025-10-02,SCR-WD-300,"Wood Screws 3"" Box (100ct)",Fasteners,14,0
2025-10-03,SCR-WD-300,"Wood Screws 3"" Box (100ct)",Fasteners,14,0
2025-10-04,SCR-WD-300,"Wood Screws 3"" Box (100ct)",Fasteners,14,0
2025-10-05,SCR-WD-300,"Wood Screws 3"" Box (100ct)",Fasteners,15,0
2025-10-06,SCR-WD-300,"Wood Screws 3"" Box (100ct)",Fasteners,10,0
2025-10-07,SCR-WD-300,"Wood Screws 3"" Box (100ct)",Fasteners,17,0
2025-10-08,SCR-WD-300,"Wood Screws 3"" Box (100ct)",Fasteners,18,0
2025-10-09,SCR-WD-300,"Wood Screws 3"" Box (100ct)",Fasteners,13,0
2025-10-10,SCR-WD-300,"Wood Screws 3"" Box (100ct)",Fasteners,13,0
2025-10-11,SCR-WD-300,"Wood Screws 3"" Box (100ct)",Fasteners,24,0
2025-10-12,SCR-WD-300,"Wood Screws 3"" Box (100ct)",Fasteners,20,0
2025-10-13,SCR-WD-300,"Wood Screws 3"" Box (100ct)",Fasteners,0,0
2025-10-14,SCR-WD-300,"Wood Screws 3"" Box (100ct)",Fasteners,10,0
2025-10-15,SCR-WD-300,"Wood Screws 3"" Box (100ct)",Fasteners,16,0
2025-10-16,SCR-WD-300,"Wood Screws 3"" Box (100ct)",Fasteners,14,0
2025-10-17,SCR-WD-300,"Wood Screws 3"" Box (100ct)",Fasteners,17,0
2025-10-18,SCR-WD-300,"Wood Screws 3"" Box (100ct)",Fasteners,0,0
2025-10-19,SCR-WD-300,"Wood Screws 3"" Box (100ct)",Fasteners,18,0
2025-10-20,SCR-WD-300,"Wood Screws 3"" Box (100ct)",Fasteners,17,0
2025-10-21,SCR-WD-300,"Wood Screws 3"" Box (100ct)",Fasteners,12,0
2025-10-22,SCR-WD-300,"Wood Screws 3"" Box (100ct)",Fasteners,14,0
2025-10-23,SCR-WD-300,"Wood Screws 3"" Box (100ct)",Fasteners,17,0
2025-10-24,SCR-WD-300,"Wood Screws 3"" Box (100ct)",Fasteners,16,0
2025-10-25,SCR-WD-300,"Wood Screws 3"" Box (100ct)",Fasteners,16,0
2025-10-26,SCR-WD-300,"Wood Screws 3"" Box (100ct)",Fasteners,23,0
2025-10-27,SCR-WD-300,"Wood Screws 3"" Box (100ct)",Fasteners,11,0
2025-10-28,SCR-WD-300,"Wood Screws 3"" Box (100ct)",Fasteners,11,0
2025-10-29,SCR-WD-300,"Wood Screws 3"" Box (100ct)",Fasteners,7,0
2025-10-30,SCR-WD-300,"Wood Screws 3"" Box (100ct)",Fasteners,14,0
2025-10-31,SCR-WD-300,"Wood Screws 3"" Box (100ct)",Fasteners,17,0
2025-11-01,SCR-WD-300,"Wood Screws 3"" Box (100ct)",Fasteners,24,0
2025-11-02,SCR-WD-300,"Wood Screws 3"" Box (100ct)",Fasteners,24,0
2025-11-03,SCR-WD-300,"Wood Screws 3"" Box (100ct)",Fasteners,12,0
2025-11-04,SCR-WD-300,"Wood Screws 3"" Box (100ct)",Fasteners,18,0
2025-11-05,SCR-WD-300,"Wood Screws 3"" Box (100ct)",Fasteners,16,0
2025-11-06,SCR-WD-300,"Wood Screws 3"" Box (100ct)",Fasteners,15,0
2025-11-07,SCR-WD-300,"Wood Screws 3"" Box (100ct)",Fasteners,0,0
2025-11-08,SCR-WD-300,"Wood Screws 3"" Box (100ct)",Fasteners,14,0
2025-11-09,SCR-WD-300,"Wood Screws 3"" Box (100ct)",Fasteners,16,0
2025-11-10,SCR-WD-300,"Wood Screws 3"" Box (100ct)",Fasteners,17,0
2025-11-11,SCR-WD-300,"Wood Screws 3"" Box (100ct)",Fasteners,21,0
2025-11-12,SCR-WD-300,"Wood Screws 3"" Box (100ct)",Fasteners,15,0
2025-11-13,SCR-WD-300,"Wood Screws 3"" Box (100ct)",Fasteners,13,0
2025-11-14,SCR-WD-300,"Wood Screws 3"" Box (100ct)",Fasteners,19,0
2025-11-15,SCR-WD-300,"Wood Screws 3"" Box (100ct)",Fasteners,21,0
2025-11-16,SCR-WD-300,"Wood Screws 3"" Box (100ct)",Fasteners,18,0
2025-11-17,SCR-WD-300,"Wood Screws 3"" Box (100ct)",Fasteners,0,0
2025-11-18,SCR-WD-300,"Wood Screws 3"" Box (100ct)",Fasteners,0,0
2025-11-19,SCR-WD-300,"Wood Screws 3"" Box (100ct)",Fasteners,19,0
2025-11-20,SCR-WD-300,"Wood Screws 3"" Box (100ct)",Fasteners,11,0
2025-11-21,SCR-WD-300,"Wood Screws 3"" Box (100ct)",Fasteners,15,0
2025-11-22,SCR-WD-300,"Wood Screws 3"" Box (100ct)",Fasteners,14,0
2025-11-23,SCR-WD-300,"Wood Screws 3"" Box (100ct)",Fasteners,18,0
2025-11-24,SCR-WD-300,"Wood Screws 3"" Box (100ct)",Fasteners,12,0
2025-11-25,SCR-WD-300,"Wood Screws 3"" Box (100ct)",Fasteners,16,0
2025-11-26,SCR-WD-300,"Wood Screws 3"" Box (100ct)",Fasteners,11,0
2025-11-27,SCR-WD-300,"Wood Screws 3"" Box (100ct)",Fasteners,21,0
2025-11-28,SCR-WD-300,"Wood Screws 3"" Box (100ct)",Fasteners,14,0
2025-11-29,SCR-WD-300,"Wood Screws 3"" Box (100ct)",Fasteners,19,0
2025-11-30,SCR-WD-300,"Wood Screws 3"" Box (100ct)",Fasteners,22,0
2025-12-01,SCR-WD-300,"Wood Screws 3"" Box (100ct)",Fasteners,15,0
2025-12-02,SCR-WD-300,"Wood Screws 3"" Box (100ct)",Fasteners,11,0
2025-12-03,SCR-WD-300,"Wood Screws 3"" Box (100ct)",Fasteners,0,0
2025-12-04,SCR-WD-300,"Wood Screws 3"" Box (100ct)",Fasteners,18,0
2025-12-05,SCR-WD-300,"Wood Screws 3"" Box (100ct)",Fasteners,16,0
2025-12-06,SCR-WD-300,"Wood Screws 3"" Box (100ct)",Fasteners,17,0
2025-12-07,SCR-WD-300,"Wood Screws 3"" Box (100ct)",Fasteners,16,0
2025-12-08,SCR-WD-300,"Wood Screws 3"" Box (100ct)",Fasteners,12,0
2025-12-09,SCR-WD-300,"Wood Screws 3"" Box (100ct)",Fasteners,16,0
2025-12-10,SCR-WD-300,"Wood Screws 3"" Box (100ct)",Fasteners,22,0
2025-12-11,SCR-WD-300,"Wood Screws 3"" Box (100ct)",Fasteners,0,0
2025-12-12,SCR-WD-300,"Wood Screws 3"" Box (100ct)",Fasteners,13,0
2025-12-13,SCR-WD-300,"Wood Screws 3"" Box (100ct)",Fasteners,31,0
2025-12-14,SCR-WD-300,"Wood Screws 3"" Box (100ct)",Fasteners,16,0
2025-12-15,SCR-WD-300,"Wood Screws 3"" Box (100ct)",Fasteners,21,0
2025-12-16,SCR-WD-300,"Wood Screws 3"" Box (100ct)",Fasteners,23,0
2025-12-17,SCR-WD-300,"Wood Screws 3"" Box (100ct)",Fasteners,21,0
2025-12-18,SCR-WD-300,"Wood Screws 3"" Box (100ct)",Fasteners,14,0
2025-12-19,SCR-WD-300,"Wood Screws 3"" Box (100ct)",Fasteners,18,0
2025-12-20,SCR-WD-300,"Wood Screws 3"" Box (100ct)",Fasteners,23,0
2025-12-21,SCR-WD-300,"Wood Screws 3"" Box (100ct)",Fasteners,13,0
2025-12-22,SCR-WD-300,"Wood Screws 3"" Box (100ct)",Fasteners,8,0
2025-12-23,SCR-WD-300,"Wood Screws 3"" Box (100ct)",Fasteners,13,0
2025-12-24,SCR-WD-300,"Wood Screws 3"" Box (100ct)",Fasteners,11,0
2025-12-25,SCR-WD-300,"Wood Screws 3"" Box (100ct)",Fasteners,17,0
2025-12-26,SCR-WD-300,"Wood Screws 3"" Box (100ct)",Fasteners,11,0
2025-12-27,SCR-WD-300,"Wood Screws 3"" Box (100ct)",Fasteners,0,0
2025-12-28,SCR-WD-300,"Wood Screws 3"" Box (100ct)",Fasteners,16,0
2025-12-29,SCR-WD-300,"Wood Screws 3"" Box (100ct)",Fasteners,11,0
2025-12-30,SCR-WD-300,"Wood Screws 3"" Box (100ct)",Fasteners,16,0
2025-12-31,SCR-WD-300,"Wood Screws 3"" Box (100ct)",Fasteners,15,0
2026-01-01,SCR-WD-300,"Wood Screws 3"" Box (100ct)",Fasteners,22,0
2026-01-02,SCR-WD-300,"Wood Screws 3"" Box (100ct)",Fasteners,19,0
2026-01-03,SCR-WD-300,"Wood Screws 3"" Box (100ct)",Fasteners,16,0
2026-01-04,SCR-WD-300,"Wood Screws 3"" Box (100ct)",Fasteners,0,0
2026-01-05,SCR-WD-300,"Wood Screws 3"" Box (100ct)",Fasteners,17,0
2026-01-06,SCR-WD-300,"Wood Screws 3"" Box (100ct)",Fasteners,0,0
2026-01-07,SCR-WD-300,"Wood Screws 3"" Box (100ct)",Fasteners,13,0
2026-01-08,SCR-WD-300,"Wood Screws 3"" Box (100ct)",Fasteners,16,0
2026-01-09,SCR-WD-300,"Wood Screws 3"" Box (100ct)",Fasteners,14,0
2026-01-10,SCR-WD-300,"Wood Screws 3"" Box (100ct)",Fasteners,17,0
2026-01-11,SCR-WD-300,"Wood Screws 3"" Box (100ct)",Fasteners,14,0
2026-01-12,SCR-WD-300,"Wood Screws 3"" Box (100ct)",Fasteners,12,0
2026-01-13,SCR-WD-300,"Wood Screws 3"" Box (100ct)",Fasteners,15,0
2026-01-14,SCR-WD-300,"Wood Screws 3"" Box (100ct)",Fasteners,20,0
2026-01-15,SCR-WD-300,"Wood Screws 3"" Box (100ct)",Fasteners,7,0
2026-01-16,SCR-WD-300,"Wood Screws 3"" Box (100ct)",Fasteners,12,0
2026-01-17,SCR-WD-300,"Wood Screws 3"" Box (100ct)",Fasteners,20,0
2026-01-18,SCR-WD-300,"Wood Screws 3"" Box (100ct)",Fasteners,22,0
2026-01-19,SCR-WD-300,"Wood Screws 3"" Box (100ct)",Fasteners,17,0
2026-01-20,SCR-WD-300,"Wood Screws 3"" Box (100ct)",Fasteners,10,0
2026-01-21,SCR-WD-300,"Wood Screws 3"" Box (100ct)",Fasteners,10,0
2026-01-22,SCR-WD-300,"Wood Screws 3"" Box (100ct)",Fasteners,18,0
2026-01-23,SCR-WD-300,"Wood Screws 3"" Box (100ct)",Fasteners,18,0
2026-01-24,SCR-WD-300,"Wood Screws 3"" Box (100ct)",Fasteners,25,0
2026-01-25,SCR-WD-300,"Wood Screws 3"" Box (100ct)",Fasteners,16,0
2026-01-26,SCR-WD-300,"Wood Screws 3"" Box (100ct)",Fasteners,17,0
2026-01-27,SCR-WD-300,"Wood Screws 3"" Box (100ct)",Fasteners,16,0
2026-01-28,SCR-WD-300,"Wood Screws 3"" Box (100ct)",Fasteners,15,0
2026-01-29,SCR-WD-300,"Wood Screws 3"" Box (100ct)",Fasteners,12,0
2026-01-30,SCR-WD-300,"Wood Screws 3"" Box (100ct)",Fasteners,11,0
2026-01-31,SCR-WD-300,"Wood Screws 3"" Box (100ct)",Fasteners,17,0
2026-02-01,SCR-WD-300,"Wood Screws 3"" Box (100ct)",Fasteners,14,0
2026-02-02,SCR-WD-300,"Wood Screws 3"" Box (100ct)",Fasteners,15,0
2026-02-03,SCR-WD-300,"Wood Screws 3"" Box (100ct)",Fasteners,6,0
2026-02-04,SCR-WD-300,"Wood Screws 3"" Box (100ct)",Fasteners,18,0
2026-02-05,SCR-WD-300,"Wood Screws 3"" Box (100ct)",Fasteners,12,0
2026-02-06,SCR-WD-300,"Wood Screws 3"" Box (100ct)",Fasteners,12,0
2026-02-07,SCR-WD-300,"Wood Screws 3"" Box (100ct)",Fasteners,21,0
2026-02-08,SCR-WD-300,"Wood Screws 3"" Box (100ct)",Fasteners,18,0
2026-02-09,SCR-WD-300,"Wood Screws 3"" Box (100ct)",Fasteners,17,0
2026-02-10,SCR-WD-300,"Wood Screws 3"" Box (100ct)",Fasteners,12,0
2026-02-11,SCR-WD-300,"Wood Screws 3"" Box (100ct)",Fasteners,17,0
2026-02-12,SCR-WD-300,"Wood Screws 3"" Box (100ct)",Fasteners,14,0
2026-02-13,SCR-WD-300,"Wood Screws 3"" Box (100ct)",Fasteners,22,0
2026-02-14,SCR-WD-300,"Wood Screws 3"" Box (100ct)",Fasteners,14,0
2026-02-15,SCR-WD-300,"Wood Screws 3"" Box (100ct)",Fasteners,14,0
2026-02-16,SCR-WD-300,"Wood Screws 3"" Box (100ct)",Fasteners,11,0
2026-02-17,SCR-WD-300,"Wood Screws 3"" Box (100ct)",Fasteners,0,0
2026-02-18,SCR-WD-300,"Wood Screws 3"" Box (100ct)",Fasteners,14,0
2026-02-19,SCR-WD-300,"Wood Screws 3"" Box (100ct)",Fasteners,12,0
2026-02-20,SCR-WD-300,"Wood Screws 3"" Box (100ct)",Fasteners,24,0
2026-02-21,SCR-WD-300,"Wood Screws 3"" Box (100ct)",Fasteners,28,0
2026-02-22,SCR-WD-300,"Wood Screws 3"" Box (100ct)",Fasteners,19,0
2026-02-23,SCR-WD-300,"Wood Screws 3"" Box (100ct)",Fasteners,13,0
2026-02-24,SCR-WD-300,"Wood Screws 3"" Box (100ct)",Fasteners,15,0
2026-02-25,SCR-WD-300,"Wood Screws 3"" Box (100ct)",Fasteners,18,0
2026-02-26,SCR-WD-300,"Wood Screws 3"" Box (100ct)",Fasteners,13,0
2026-02-27,SCR-WD-300,"Wood Screws 3"" Box (100ct)",Fasteners,0,0
2026-02-28,SCR-WD-300,"Wood Screws 3"" Box (100ct)",Fasteners,23,0
2026-03-01,SCR-WD-300,"Wood Screws 3"" Box (100ct)",Fasteners,17,0
2026-03-02,SCR-WD-300,"Wood Screws 3"" Box (100ct)",Fasteners,18,0
2026-03-03,SCR-WD-300,"Wood Screws 3"" Box (100ct)",Fasteners,14,0
2026-03-04,SCR-WD-300,"Wood Screws 3"" Box (100ct)",Fasteners,10,0
2026-03-05,SCR-WD-300,"Wood Screws 3"" Box (100ct)",Fasteners,0,0
2026-03-06,SCR-WD-300,"Wood Screws 3"" Box (100ct)",Fasteners,14,0
2026-03-07,SCR-WD-300,"Wood Screws 3"" Box (100ct)",Fasteners,21,0
2026-03-08,SCR-WD-300,"Wood Screws 3"" Box (100ct)",Fasteners,20,0
2026-03-09,SCR-WD-300,"Wood Screws 3"" Box (100ct)",Fasteners,0,0
2026-03-10,SCR-WD-300,"Wood Screws 3"" Box (100ct)",Fasteners,13,0
2026-03-11,SCR-WD-300,"Wood Screws 3"" Box (100ct)",Fasteners,21,0
2026-03-12,SCR-WD-300,"Wood Screws 3"" Box (100ct)",Fasteners,14,0
2026-03-13,SCR-WD-300,"Wood Screws 3"" Box (100ct)",Fasteners,13,0
2026-03-14,SCR-WD-300,"Wood Screws 3"" Box (100ct)",Fasteners,20,0
2026-03-15,SCR-WD-300,"Wood Screws 3"" Box (100ct)",Fasteners,20,0
2026-03-16,SCR-WD-300,"Wood Screws 3"" Box (100ct)",Fasteners,11,0
2026-03-17,SCR-WD-300,"Wood Screws 3"" Box (100ct)",Fasteners,15,0
2026-03-18,SCR-WD-300,"Wood Screws 3"" Box (100ct)",Fasteners,16,0
2026-03-19,SCR-WD-300,"Wood Screws 3"" Box (100ct)",Fasteners,10,0
2026-03-20,SCR-WD-300,"Wood Screws 3"" Box (100ct)",Fasteners,13,0
2026-03-21,SCR-WD-300,"Wood Screws 3"" Box (100ct)",Fasteners,16,0
2026-03-22,SCR-WD-300,"Wood Screws 3"" Box (100ct)",Fasteners,9,0
2026-03-23,SCR-WD-300,"Wood Screws 3"" Box (100ct)",Fasteners,15,0
2026-03-24,SCR-WD-300,"Wood Screws 3"" Box (100ct)",Fasteners,12,0
2026-03-25,SCR-WD-300,"Wood Screws 3"" Box (100ct)",Fasteners,0,0
2026-03-26,SCR-WD-300,"Wood Screws 3"" Box (100ct)",Fasteners,17,0
2026-03-27,SCR-WD-300,"Wood Screws 3"" Box (100ct)",Fasteners,0,0
2026-03-28,SCR-WD-300,"Wood Screws 3"" Box (100ct)",Fasteners,18,0
2026-03-29,SCR-WD-300,"Wood Screws 3"" Box (100ct)",Fasteners,16,0
2026-03-30,SCR-WD-300,"Wood Screws 3"" Box (100ct)",Fasteners,16,0
2026-03-31,SCR-WD-300,"Wood Screws 3"" Box (100ct)",Fasteners,16,0
2026-04-01,SCR-WD-300,"Wood Screws 3"" Box (100ct)",Fasteners,18,0
2026-04-02,SCR-WD-300,"Wood Screws 3"" Box (100ct)",Fasteners,9,0
2026-04-03,SCR-WD-300,"Wood Screws 3"" Box (100ct)",Fasteners,17,0
2026-04-04,SCR-WD-300,"Wood Screws 3"" Box (100ct)",Fasteners,9,0
2026-04-05,SCR-WD-300,"Wood Screws 3"" Box (100ct)",Fasteners,18,0
2026-04-06,SCR-WD-300,"Wood Screws 3"" Box (100ct)",Fasteners,19,0
2026-04-07,SCR-WD-300,"Wood Screws 3"" Box (100ct)",Fasteners,18,0
2026-04-08,SCR-WD-300,"Wood Screws 3"" Box (100ct)",Fasteners,14,0
2026-04-09,SCR-WD-300,"Wood Screws 3"" Box (100ct)",Fasteners,15,0
2026-04-10,SCR-WD-300,"Wood Screws 3"" Box (100ct)",Fasteners,10,0
2026-04-11,SCR-WD-300,"Wood Screws 3"" Box (100ct)",Fasteners,15,0
2026-04-12,SCR-WD-300,"Wood Screws 3"" Box (100ct)",Fasteners,19,0
2026-04-13,SCR-WD-300,"Wood Screws 3"" Box (100ct)",Fasteners,12,0
2026-04-14,SCR-WD-300,"Wood Screws 3"" Box (100ct)",Fasteners,8,0
2026-04-15,SCR-WD-300,"Wood Screws 3"" Box (100ct)",Fasteners,0,0
2026-04-16,SCR-WD-300,"Wood Screws 3"" Box (100ct)",Fasteners,16,0
2026-04-17,SCR-WD-300,"Wood Screws 3"" Box (100ct)",Fasteners,13,0
2026-04-18,SCR-WD-300,"Wood Screws 3"" Box (100ct)",Fasteners,0,0
2026-04-19,SCR-WD-300,"Wood Screws 3"" Box (100ct)",Fasteners,16,0
2026-04-20,SCR-WD-300,"Wood Screws 3"" Box (100ct)",Fasteners,17,0
2026-04-21,SCR-WD-300,"Wood Screws 3"" Box (100ct)",Fasteners,0,0
2026-04-22,SCR-WD-300,"Wood Screws 3"" Box (100ct)",Fasteners,0,0
2026-04-23,SCR-WD-300,"Wood Screws 3"" Box (100ct)",Fasteners,15,0
2026-04-24,SCR-WD-300,"Wood Screws 3"" Box (100ct)",Fasteners,15,0
2026-04-25,SCR-WD-300,"Wood Screws 3"" Box (100ct)",Fasteners,0,0
2026-04-26,SCR-WD-300,"Wood Screws 3"" Box (100ct)",Fasteners,15,0
2026-04-27,SCR-WD-300,"Wood Screws 3"" Box (100ct)",Fasteners,10,0
2026-04-28,SCR-WD-300,"Wood Screws 3"" Box (100ct)",Fasteners,19,0
2026-04-29,SCR-WD-300,"Wood Screws 3"" Box (100ct)",Fasteners,21,0
2026-04-30,SCR-WD-300,"Wood Screws 3"" Box (100ct)",Fasteners,15,0
2026-05-01,SCR-WD-300,"Wood Screws 3"" Box (100ct)",Fasteners,20,0
2026-05-02,SCR-WD-300,"Wood Screws 3"" Box (100ct)",Fasteners,25,0
2026-05-03,SCR-WD-300,"Wood Screws 3"" Box (100ct)",Fasteners,13,0
2026-05-04,SCR-WD-300,"Wood Screws 3"" Box (100ct)",Fasteners,16,0
2026-05-05,SCR-WD-300,"Wood Screws 3"" Box (100ct)",Fasteners,8,0
2026-05-06,SCR-WD-300,"Wood Screws 3"" Box (100ct)",Fasteners,17,0
2026-05-07,SCR-WD-300,"Wood Screws 3"" Box (100ct)",Fasteners,8,0
2026-05-08,SCR-WD-300,"Wood Screws 3"" Box (100ct)",Fasteners,16,0
2026-05-09,SCR-WD-300,"Wood Screws 3"" Box (100ct)",Fasteners,16,0
2026-05-10,SCR-WD-300,"Wood Screws 3"" Box (100ct)",Fasteners,18,0
2026-05-11,SCR-WD-300,"Wood Screws 3"" Box (100ct)",Fasteners,16,0
2026-05-12,SCR-WD-300,"Wood Screws 3"" Box (100ct)",Fasteners,13,0
2026-05-13,SCR-WD-300,"Wood Screws 3"" Box (100ct)",Fasteners,16,0
2026-05-14,SCR-WD-300,"Wood Screws 3"" Box (100ct)",Fasteners,9,0
2026-05-15,SCR-WD-300,"Wood Screws 3"" Box (100ct)",Fasteners,9,0
2024-11-22,SCR-DW-150,"Drywall Screws 1.5"" Box (200ct)",Fasteners,6,0
2024-11-23,SCR-DW-150,"Drywall Screws 1.5"" Box (200ct)",Fasteners,13,0
2024-11-24,SCR-DW-150,"Drywall Screws 1.5"" Box (200ct)",Fasteners,0,0
2024-11-25,SCR-DW-150,"Drywall Screws 1.5"" Box (200ct)",Fasteners,6,0
2024-11-26,SCR-DW-150,"Drywall Screws 1.5"" Box (200ct)",Fasteners,11,0
2024-11-27,SCR-DW-150,"Drywall Screws 1.5"" Box (200ct)",Fasteners,6,0
2024-11-28,SCR-DW-150,"Drywall Screws 1.5"" Box (200ct)",Fasteners,0,0
2024-11-29,SCR-DW-150,"Drywall Screws 1.5"" Box (200ct)",Fasteners,6,0
2024-11-30,SCR-DW-150,"Drywall Screws 1.5"" Box (200ct)",Fasteners,12,0
2024-12-01,SCR-DW-150,"Drywall Screws 1.5"" Box (200ct)",Fasteners,8,0
2024-12-02,SCR-DW-150,"Drywall Screws 1.5"" Box (200ct)",Fasteners,6,0
2024-12-03,SCR-DW-150,"Drywall Screws 1.5"" Box (200ct)",Fasteners,8,0
2024-12-04,SCR-DW-150,"Drywall Screws 1.5"" Box (200ct)",Fasteners,4,0
2024-12-05,SCR-DW-150,"Drywall Screws 1.5"" Box (200ct)",Fasteners,6,0
2024-12-06,SCR-DW-150,"Drywall Screws 1.5"" Box (200ct)",Fasteners,7,0
2024-12-07,SCR-DW-150,"Drywall Screws 1.5"" Box (200ct)",Fasteners,8,0
2024-12-08,SCR-DW-150,"Drywall Screws 1.5"" Box (200ct)",Fasteners,10,0
2024-12-09,SCR-DW-150,"Drywall Screws 1.5"" Box (200ct)",Fasteners,6,0
2024-12-10,SCR-DW-150,"Drywall Screws 1.5"" Box (200ct)",Fasteners,6,0
2024-12-11,SCR-DW-150,"Drywall Screws 1.5"" Box (200ct)",Fasteners,9,0
2024-12-12,SCR-DW-150,"Drywall Screws 1.5"" Box (200ct)",Fasteners,15,0
2024-12-13,SCR-DW-150,"Drywall Screws 1.5"" Box (200ct)",Fasteners,7,0
2024-12-14,SCR-DW-150,"Drywall Screws 1.5"" Box (200ct)",Fasteners,15,0
2024-12-15,SCR-DW-150,"Drywall Screws 1.5"" Box (200ct)",Fasteners,5,0
2024-12-16,SCR-DW-150,"Drywall Screws 1.5"" Box (200ct)",Fasteners,8,0
2024-12-17,SCR-DW-150,"Drywall Screws 1.5"" Box (200ct)",Fasteners,8,0
2024-12-18,SCR-DW-150,"Drywall Screws 1.5"" Box (200ct)",Fasteners,8,0
2024-12-19,SCR-DW-150,"Drywall Screws 1.5"" Box (200ct)",Fasteners,10,0
2024-12-20,SCR-DW-150,"Drywall Screws 1.5"" Box (200ct)",Fasteners,7,0
2024-12-21,SCR-DW-150,"Drywall Screws 1.5"" Box (200ct)",Fasteners,7,0
2024-12-22,SCR-DW-150,"Drywall Screws 1.5"" Box (200ct)",Fasteners,6,0
2024-12-23,SCR-DW-150,"Drywall Screws 1.5"" Box (200ct)",Fasteners,6,0
2024-12-24,SCR-DW-150,"Drywall Screws 1.5"" Box (200ct)",Fasteners,7,0
2024-12-25,SCR-DW-150,"Drywall Screws 1.5"" Box (200ct)",Fasteners,1,0
2024-12-26,SCR-DW-150,"Drywall Screws 1.5"" Box (200ct)",Fasteners,5,0
2024-12-27,SCR-DW-150,"Drywall Screws 1.5"" Box (200ct)",Fasteners,15,0
2024-12-28,SCR-DW-150,"Drywall Screws 1.5"" Box (200ct)",Fasteners,10,0
2024-12-29,SCR-DW-150,"Drywall Screws 1.5"" Box (200ct)",Fasteners,13,0
2024-12-30,SCR-DW-150,"Drywall Screws 1.5"" Box (200ct)",Fasteners,8,0
2024-12-31,SCR-DW-150,"Drywall Screws 1.5"" Box (200ct)",Fasteners,11,0
2025-01-01,SCR-DW-150,"Drywall Screws 1.5"" Box (200ct)",Fasteners,0,0
2025-01-02,SCR-DW-150,"Drywall Screws 1.5"" Box (200ct)",Fasteners,4,0
2025-01-03,SCR-DW-150,"Drywall Screws 1.5"" Box (200ct)",Fasteners,11,0
2025-01-04,SCR-DW-150,"Drywall Screws 1.5"" Box (200ct)",Fasteners,14,0
2025-01-05,SCR-DW-150,"Drywall Screws 1.5"" Box (200ct)",Fasteners,12,0
2025-01-06,SCR-DW-150,"Drywall Screws 1.5"" Box (200ct)",Fasteners,10,0
2025-01-07,SCR-DW-150,"Drywall Screws 1.5"" Box (200ct)",Fasteners,4,0
2025-01-08,SCR-DW-150,"Drywall Screws 1.5"" Box (200ct)",Fasteners,9,0
2025-01-09,SCR-DW-150,"Drywall Screws 1.5"" Box (200ct)",Fasteners,11,1
2025-01-10,SCR-DW-150,"Drywall Screws 1.5"" Box (200ct)",Fasteners,10,0
2025-01-11,SCR-DW-150,"Drywall Screws 1.5"" Box (200ct)",Fasteners,9,0
2025-01-12,SCR-DW-150,"Drywall Screws 1.5"" Box (200ct)",Fasteners,8,0
2025-01-13,SCR-DW-150,"Drywall Screws 1.5"" Box (200ct)",Fasteners,7,0
2025-01-14,SCR-DW-150,"Drywall Screws 1.5"" Box (200ct)",Fasteners,6,0
2025-01-15,SCR-DW-150,"Drywall Screws 1.5"" Box (200ct)",Fasteners,7,0
2025-01-16,SCR-DW-150,"Drywall Screws 1.5"" Box (200ct)",Fasteners,6,0
2025-01-17,SCR-DW-150,"Drywall Screws 1.5"" Box (200ct)",Fasteners,11,0
2025-01-18,SCR-DW-150,"Drywall Screws 1.5"" Box (200ct)",Fasteners,10,0
2025-01-19,SCR-DW-150,"Drywall Screws 1.5"" Box (200ct)",Fasteners,9,0
2025-01-20,SCR-DW-150,"Drywall Screws 1.5"" Box (200ct)",Fasteners,7,0
2025-01-21,SCR-DW-150,"Drywall Screws 1.5"" Box (200ct)",Fasteners,5,0
2025-01-22,SCR-DW-150,"Drywall Screws 1.5"" Box (200ct)",Fasteners,12,0
2025-01-23,SCR-DW-150,"Drywall Screws 1.5"" Box (200ct)",Fasteners,11,0
2025-01-24,SCR-DW-150,"Drywall Screws 1.5"" Box (200ct)",Fasteners,7,0
2025-01-25,SCR-DW-150,"Drywall Screws 1.5"" Box (200ct)",Fasteners,13,0
2025-01-26,SCR-DW-150,"Drywall Screws 1.5"" Box (200ct)",Fasteners,8,0
2025-01-27,SCR-DW-150,"Drywall Screws 1.5"" Box (200ct)",Fasteners,3,0
2025-01-28,SCR-DW-150,"Drywall Screws 1.5"" Box (200ct)",Fasteners,5,0
2025-01-29,SCR-DW-150,"Drywall Screws 1.5"" Box (200ct)",Fasteners,8,0
2025-01-30,SCR-DW-150,"Drywall Screws 1.5"" Box (200ct)",Fasteners,10,0
2025-01-31,SCR-DW-150,"Drywall Screws 1.5"" Box (200ct)",Fasteners,0,0
2025-02-01,SCR-DW-150,"Drywall Screws 1.5"" Box (200ct)",Fasteners,10,0
2025-02-02,SCR-DW-150,"Drywall Screws 1.5"" Box (200ct)",Fasteners,5,0
2025-02-03,SCR-DW-150,"Drywall Screws 1.5"" Box (200ct)",Fasteners,0,0
2025-02-04,SCR-DW-150,"Drywall Screws 1.5"" Box (200ct)",Fasteners,9,0
2025-02-05,SCR-DW-150,"Drywall Screws 1.5"" Box (200ct)",Fasteners,7,0
2025-02-06,SCR-DW-150,"Drywall Screws 1.5"" Box (200ct)",Fasteners,11,0
2025-02-07,SCR-DW-150,"Drywall Screws 1.5"" Box (200ct)",Fasteners,6,0
2025-02-08,SCR-DW-150,"Drywall Screws 1.5"" Box (200ct)",Fasteners,11,0
2025-02-09,SCR-DW-150,"Drywall Screws 1.5"" Box (200ct)",Fasteners,16,0
2025-02-10,SCR-DW-150,"Drywall Screws 1.5"" Box (200ct)",Fasteners,7,0
2025-02-11,SCR-DW-150,"Drywall Screws 1.5"" Box (200ct)",Fasteners,18,1
2025-02-12,SCR-DW-150,"Drywall Screws 1.5"" Box (200ct)",Fasteners,9,0
2025-02-13,SCR-DW-150,"Drywall Screws 1.5"" Box (200ct)",Fasteners,10,0
2025-02-14,SCR-DW-150,"Drywall Screws 1.5"" Box (200ct)",Fasteners,5,0
2025-02-15,SCR-DW-150,"Drywall Screws 1.5"" Box (200ct)",Fasteners,15,0
2025-02-16,SCR-DW-150,"Drywall Screws 1.5"" Box (200ct)",Fasteners,12,0
2025-02-17,SCR-DW-150,"Drywall Screws 1.5"" Box (200ct)",Fasteners,0,0
2025-02-18,SCR-DW-150,"Drywall Screws 1.5"" Box (200ct)",Fasteners,5,0
2025-02-19,SCR-DW-150,"Drywall Screws 1.5"" Box (200ct)",Fasteners,12,0
2025-02-20,SCR-DW-150,"Drywall Screws 1.5"" Box (200ct)",Fasteners,7,0
2025-02-21,SCR-DW-150,"Drywall Screws 1.5"" Box (200ct)",Fasteners,8,0
2025-02-22,SCR-DW-150,"Drywall Screws 1.5"" Box (200ct)",Fasteners,12,0
2025-02-23,SCR-DW-150,"Drywall Screws 1.5"" Box (200ct)",Fasteners,9,0
2025-02-24,SCR-DW-150,"Drywall Screws 1.5"" Box (200ct)",Fasteners,9,0
2025-02-25,SCR-DW-150,"Drywall Screws 1.5"" Box (200ct)",Fasteners,7,0
2025-02-26,SCR-DW-150,"Drywall Screws 1.5"" Box (200ct)",Fasteners,9,0
2025-02-27,SCR-DW-150,"Drywall Screws 1.5"" Box (200ct)",Fasteners,5,0
2025-02-28,SCR-DW-150,"Drywall Screws 1.5"" Box (200ct)",Fasteners,0,0
2025-03-01,SCR-DW-150,"Drywall Screws 1.5"" Box (200ct)",Fasteners,9,0
2025-03-02,SCR-DW-150,"Drywall Screws 1.5"" Box (200ct)",Fasteners,6,0
2025-03-03,SCR-DW-150,"Drywall Screws 1.5"" Box (200ct)",Fasteners,8,0
2025-03-04,SCR-DW-150,"Drywall Screws 1.5"" Box (200ct)",Fasteners,9,0
2025-03-05,SCR-DW-150,"Drywall Screws 1.5"" Box (200ct)",Fasteners,7,0
2025-03-06,SCR-DW-150,"Drywall Screws 1.5"" Box (200ct)",Fasteners,9,0
2025-03-07,SCR-DW-150,"Drywall Screws 1.5"" Box (200ct)",Fasteners,8,0
2025-03-08,SCR-DW-150,"Drywall Screws 1.5"" Box (200ct)",Fasteners,10,0
2025-03-09,SCR-DW-150,"Drywall Screws 1.5"" Box (200ct)",Fasteners,7,0
2025-03-10,SCR-DW-150,"Drywall Screws 1.5"" Box (200ct)",Fasteners,7,0
2025-03-11,SCR-DW-150,"Drywall Screws 1.5"" Box (200ct)",Fasteners,9,0
2025-03-12,SCR-DW-150,"Drywall Screws 1.5"" Box (200ct)",Fasteners,10,0
2025-03-13,SCR-DW-150,"Drywall Screws 1.5"" Box (200ct)",Fasteners,7,0
2025-03-14,SCR-DW-150,"Drywall Screws 1.5"" Box (200ct)",Fasteners,11,0
2025-03-15,SCR-DW-150,"Drywall Screws 1.5"" Box (200ct)",Fasteners,9,0
2025-03-16,SCR-DW-150,"Drywall Screws 1.5"" Box (200ct)",Fasteners,11,0
2025-03-17,SCR-DW-150,"Drywall Screws 1.5"" Box (200ct)",Fasteners,8,0
2025-03-18,SCR-DW-150,"Drywall Screws 1.5"" Box (200ct)",Fasteners,17,0
2025-03-19,SCR-DW-150,"Drywall Screws 1.5"" Box (200ct)",Fasteners,11,0
2025-03-20,SCR-DW-150,"Drywall Screws 1.5"" Box (200ct)",Fasteners,2,0
2025-03-21,SCR-DW-150,"Drywall Screws 1.5"" Box (200ct)",Fasteners,5,0
2025-03-22,SCR-DW-150,"Drywall Screws 1.5"" Box (200ct)",Fasteners,15,0
2025-03-23,SCR-DW-150,"Drywall Screws 1.5"" Box (200ct)",Fasteners,6,0
2025-03-24,SCR-DW-150,"Drywall Screws 1.5"" Box (200ct)",Fasteners,7,0
2025-03-25,SCR-DW-150,"Drywall Screws 1.5"" Box (200ct)",Fasteners,9,0
2025-03-26,SCR-DW-150,"Drywall Screws 1.5"" Box (200ct)",Fasteners,5,0
2025-03-27,SCR-DW-150,"Drywall Screws 1.5"" Box (200ct)",Fasteners,7,0
2025-03-28,SCR-DW-150,"Drywall Screws 1.5"" Box (200ct)",Fasteners,10,0
2025-03-29,SCR-DW-150,"Drywall Screws 1.5"" Box (200ct)",Fasteners,6,0
2025-03-30,SCR-DW-150,"Drywall Screws 1.5"" Box (200ct)",Fasteners,11,0
2025-03-31,SCR-DW-150,"Drywall Screws 1.5"" Box (200ct)",Fasteners,11,0
2025-04-01,SCR-DW-150,"Drywall Screws 1.5"" Box (200ct)",Fasteners,4,0
2025-04-02,SCR-DW-150,"Drywall Screws 1.5"" Box (200ct)",Fasteners,7,0
2025-04-03,SCR-DW-150,"Drywall Screws 1.5"" Box (200ct)",Fasteners,6,0
2025-04-04,SCR-DW-150,"Drywall Screws 1.5"" Box (200ct)",Fasteners,11,0
2025-04-05,SCR-DW-150,"Drywall Screws 1.5"" Box (200ct)",Fasteners,14,0
2025-04-06,SCR-DW-150,"Drywall Screws 1.5"" Box (200ct)",Fasteners,0,0
2025-04-07,SCR-DW-150,"Drywall Screws 1.5"" Box (200ct)",Fasteners,0,0
2025-04-08,SCR-DW-150,"Drywall Screws 1.5"" Box (200ct)",Fasteners,3,0
2025-04-09,SCR-DW-150,"Drywall Screws 1.5"" Box (200ct)",Fasteners,4,0
2025-04-10,SCR-DW-150,"Drywall Screws 1.5"" Box (200ct)",Fasteners,12,0
2025-04-11,SCR-DW-150,"Drywall Screws 1.5"" Box (200ct)",Fasteners,9,0
2025-04-12,SCR-DW-150,"Drywall Screws 1.5"" Box (200ct)",Fasteners,13,0
2025-04-13,SCR-DW-150,"Drywall Screws 1.5"" Box (200ct)",Fasteners,9,0
2025-04-14,SCR-DW-150,"Drywall Screws 1.5"" Box (200ct)",Fasteners,4,0
2025-04-15,SCR-DW-150,"Drywall Screws 1.5"" Box (200ct)",Fasteners,11,0
2025-04-16,SCR-DW-150,"Drywall Screws 1.5"" Box (200ct)",Fasteners,11,0
2025-04-17,SCR-DW-150,"Drywall Screws 1.5"" Box (200ct)",Fasteners,5,0
2025-04-18,SCR-DW-150,"Drywall Screws 1.5"" Box (200ct)",Fasteners,7,0
2025-04-19,SCR-DW-150,"Drywall Screws 1.5"" Box (200ct)",Fasteners,6,0
2025-04-20,SCR-DW-150,"Drywall Screws 1.5"" Box (200ct)",Fasteners,12,0
2025-04-21,SCR-DW-150,"Drywall Screws 1.5"" Box (200ct)",Fasteners,0,0
2025-04-22,SCR-DW-150,"Drywall Screws 1.5"" Box (200ct)",Fasteners,6,0
2025-04-23,SCR-DW-150,"Drywall Screws 1.5"" Box (200ct)",Fasteners,0,0
2025-04-24,SCR-DW-150,"Drywall Screws 1.5"" Box (200ct)",Fasteners,7,0
2025-04-25,SCR-DW-150,"Drywall Screws 1.5"" Box (200ct)",Fasteners,13,0
2025-04-26,SCR-DW-150,"Drywall Screws 1.5"" Box (200ct)",Fasteners,7,0
2025-04-27,SCR-DW-150,"Drywall Screws 1.5"" Box (200ct)",Fasteners,9,0
2025-04-28,SCR-DW-150,"Drywall Screws 1.5"" Box (200ct)",Fasteners,8,0
2025-04-29,SCR-DW-150,"Drywall Screws 1.5"" Box (200ct)",Fasteners,6,0
2025-04-30,SCR-DW-150,"Drywall Screws 1.5"" Box (200ct)",Fasteners,7,0
2025-05-01,SCR-DW-150,"Drywall Screws 1.5"" Box (200ct)",Fasteners,0,0
2025-05-02,SCR-DW-150,"Drywall Screws 1.5"" Box (200ct)",Fasteners,6,0
2025-05-03,SCR-DW-150,"Drywall Screws 1.5"" Box (200ct)",Fasteners,14,0
2025-05-04,SCR-DW-150,"Drywall Screws 1.5"" Box (200ct)",Fasteners,11,0
2025-05-05,SCR-DW-150,"Drywall Screws 1.5"" Box (200ct)",Fasteners,0,0
2025-05-06,SCR-DW-150,"Drywall Screws 1.5"" Box (200ct)",Fasteners,11,0
2025-05-07,SCR-DW-150,"Drywall Screws 1.5"" Box (200ct)",Fasteners,12,0
2025-05-08,SCR-DW-150,"Drywall Screws 1.5"" Box (200ct)",Fasteners,11,0
2025-05-09,SCR-DW-150,"Drywall Screws 1.5"" Box (200ct)",Fasteners,1,0
2025-05-10,SCR-DW-150,"Drywall Screws 1.5"" Box (200ct)",Fasteners,10,0
2025-05-11,SCR-DW-150,"Drywall Screws 1.5"" Box (200ct)",Fasteners,10,0
2025-05-12,SCR-DW-150,"Drywall Screws 1.5"" Box (200ct)",Fasteners,8,0
2025-05-13,SCR-DW-150,"Drywall Screws 1.5"" Box (200ct)",Fasteners,11,0
2025-05-14,SCR-DW-150,"Drywall Screws 1.5"" Box (200ct)",Fasteners,8,0
2025-05-15,SCR-DW-150,"Drywall Screws 1.5"" Box (200ct)",Fasteners,4,0
2025-05-16,SCR-DW-150,"Drywall Screws 1.5"" Box (200ct)",Fasteners,9,0
2025-05-17,SCR-DW-150,"Drywall Screws 1.5"" Box (200ct)",Fasteners,9,0
2025-05-18,SCR-DW-150,"Drywall Screws 1.5"" Box (200ct)",Fasteners,15,0
2025-05-19,SCR-DW-150,"Drywall Screws 1.5"" Box (200ct)",Fasteners,8,0
2025-05-20,SCR-DW-150,"Drywall Screws 1.5"" Box (200ct)",Fasteners,8,0
2025-05-21,SCR-DW-150,"Drywall Screws 1.5"" Box (200ct)",Fasteners,5,0
2025-05-22,SCR-DW-150,"Drywall Screws 1.5"" Box (200ct)",Fasteners,6,0
2025-05-23,SCR-DW-150,"Drywall Screws 1.5"" Box (200ct)",Fasteners,10,0
2025-05-24,SCR-DW-150,"Drywall Screws 1.5"" Box (200ct)",Fasteners,13,0
2025-05-25,SCR-DW-150,"Drywall Screws 1.5"" Box (200ct)",Fasteners,0,0
2025-05-26,SCR-DW-150,"Drywall Screws 1.5"" Box (200ct)",Fasteners,0,0
2025-05-27,SCR-DW-150,"Drywall Screws 1.5"" Box (200ct)",Fasteners,7,0
2025-05-28,SCR-DW-150,"Drywall Screws 1.5"" Box (200ct)",Fasteners,7,0
2025-05-29,SCR-DW-150,"Drywall Screws 1.5"" Box (200ct)",Fasteners,12,0
2025-05-30,SCR-DW-150,"Drywall Screws 1.5"" Box (200ct)",Fasteners,9,0
2025-05-31,SCR-DW-150,"Drywall Screws 1.5"" Box (200ct)",Fasteners,12,0
2025-06-01,SCR-DW-150,"Drywall Screws 1.5"" Box (200ct)",Fasteners,8,0
2025-06-02,SCR-DW-150,"Drywall Screws 1.5"" Box (200ct)",Fasteners,9,0
2025-06-03,SCR-DW-150,"Drywall Screws 1.5"" Box (200ct)",Fasteners,8,0
2025-06-04,SCR-DW-150,"Drywall Screws 1.5"" Box (200ct)",Fasteners,6,0
2025-06-05,SCR-DW-150,"Drywall Screws 1.5"" Box (200ct)",Fasteners,10,0
2025-06-06,SCR-DW-150,"Drywall Screws 1.5"" Box (200ct)",Fasteners,5,0
2025-06-07,SCR-DW-150,"Drywall Screws 1.5"" Box (200ct)",Fasteners,7,0
2025-06-08,SCR-DW-150,"Drywall Screws 1.5"" Box (200ct)",Fasteners,19,0
2025-06-09,SCR-DW-150,"Drywall Screws 1.5"" Box (200ct)",Fasteners,8,0
2025-06-10,SCR-DW-150,"Drywall Screws 1.5"" Box (200ct)",Fasteners,4,0
2025-06-11,SCR-DW-150,"Drywall Screws 1.5"" Box (200ct)",Fasteners,10,0
2025-06-12,SCR-DW-150,"Drywall Screws 1.5"" Box (200ct)",Fasteners,9,0
2025-06-13,SCR-DW-150,"Drywall Screws 1.5"" Box (200ct)",Fasteners,10,0
2025-06-14,SCR-DW-150,"Drywall Screws 1.5"" Box (200ct)",Fasteners,10,0
2025-06-15,SCR-DW-150,"Drywall Screws 1.5"" Box (200ct)",Fasteners,9,0
2025-06-16,SCR-DW-150,"Drywall Screws 1.5"" Box (200ct)",Fasteners,11,0
2025-06-17,SCR-DW-150,"Drywall Screws 1.5"" Box (200ct)",Fasteners,0,0
2025-06-18,SCR-DW-150,"Drywall Screws 1.5"" Box (200ct)",Fasteners,5,0
2025-06-19,SCR-DW-150,"Drywall Screws 1.5"" Box (200ct)",Fasteners,7,0
2025-06-20,SCR-DW-150,"Drywall Screws 1.5"" Box (200ct)",Fasteners,0,0
2025-06-21,SCR-DW-150,"Drywall Screws 1.5"" Box (200ct)",Fasteners,0,0
2025-06-22,SCR-DW-150,"Drywall Screws 1.5"" Box (200ct)",Fasteners,9,0
2025-06-23,SCR-DW-150,"Drywall Screws 1.5"" Box (200ct)",Fasteners,6,0
2025-06-24,SCR-DW-150,"Drywall Screws 1.5"" Box (200ct)",Fasteners,4,0
2025-06-25,SCR-DW-150,"Drywall Screws 1.5"" Box (200ct)",Fasteners,10,0
2025-06-26,SCR-DW-150,"Drywall Screws 1.5"" Box (200ct)",Fasteners,8,0
2025-06-27,SCR-DW-150,"Drywall Screws 1.5"" Box (200ct)",Fasteners,8,0
2025-06-28,SCR-DW-150,"Drywall Screws 1.5"" Box (200ct)",Fasteners,9,0
2025-06-29,SCR-DW-150,"Drywall Screws 1.5"" Box (200ct)",Fasteners,6,0
2025-06-30,SCR-DW-150,"Drywall Screws 1.5"" Box (200ct)",Fasteners,10,0
2025-07-01,SCR-DW-150,"Drywall Screws 1.5"" Box (200ct)",Fasteners,8,0
2025-07-02,SCR-DW-150,"Drywall Screws 1.5"" Box (200ct)",Fasteners,5,0
2025-07-03,SCR-DW-150,"Drywall Screws 1.5"" Box (200ct)",Fasteners,10,0
2025-07-04,SCR-DW-150,"Drywall Screws 1.5"" Box (200ct)",Fasteners,10,0
2025-07-05,SCR-DW-150,"Drywall Screws 1.5"" Box (200ct)",Fasteners,18,0
2025-07-06,SCR-DW-150,"Drywall Screws 1.5"" Box (200ct)",Fasteners,12,0
2025-07-07,SCR-DW-150,"Drywall Screws 1.5"" Box (200ct)",Fasteners,6,0
2025-07-08,SCR-DW-150,"Drywall Screws 1.5"" Box (200ct)",Fasteners,5,0
2025-07-09,SCR-DW-150,"Drywall Screws 1.5"" Box (200ct)",Fasteners,7,0
2025-07-10,SCR-DW-150,"Drywall Screws 1.5"" Box (200ct)",Fasteners,0,0
2025-07-11,SCR-DW-150,"Drywall Screws 1.5"" Box (200ct)",Fasteners,11,0
2025-07-12,SCR-DW-150,"Drywall Screws 1.5"" Box (200ct)",Fasteners,18,0
2025-07-13,SCR-DW-150,"Drywall Screws 1.5"" Box (200ct)",Fasteners,14,0
2025-07-14,SCR-DW-150,"Drywall Screws 1.5"" Box (200ct)",Fasteners,12,0
2025-07-15,SCR-DW-150,"Drywall Screws 1.5"" Box (200ct)",Fasteners,6,0
2025-07-16,SCR-DW-150,"Drywall Screws 1.5"" Box (200ct)",Fasteners,0,0
2025-07-17,SCR-DW-150,"Drywall Screws 1.5"" Box (200ct)",Fasteners,9,0
2025-07-18,SCR-DW-150,"Drywall Screws 1.5"" Box (200ct)",Fasteners,11,0
2025-07-19,SCR-DW-150,"Drywall Screws 1.5"" Box (200ct)",Fasteners,12,0
2025-07-20,SCR-DW-150,"Drywall Screws 1.5"" Box (200ct)",Fasteners,13,0
2025-07-21,SCR-DW-150,"Drywall Screws 1.5"" Box (200ct)",Fasteners,11,0
2025-07-22,SCR-DW-150,"Drywall Screws 1.5"" Box (200ct)",Fasteners,8,0
2025-07-23,SCR-DW-150,"Drywall Screws 1.5"" Box (200ct)",Fasteners,3,0
2025-07-24,SCR-DW-150,"Drywall Screws 1.5"" Box (200ct)",Fasteners,17,0
2025-07-25,SCR-DW-150,"Drywall Screws 1.5"" Box (200ct)",Fasteners,10,0
2025-07-26,SCR-DW-150,"Drywall Screws 1.5"" Box (200ct)",Fasteners,15,0
2025-07-27,SCR-DW-150,"Drywall Screws 1.5"" Box (200ct)",Fasteners,13,0
2025-07-28,SCR-DW-150,"Drywall Screws 1.5"" Box (200ct)",Fasteners,8,0
2025-07-29,SCR-DW-150,"Drywall Screws 1.5"" Box (200ct)",Fasteners,10,0
2025-07-30,SCR-DW-150,"Drywall Screws 1.5"" Box (200ct)",Fasteners,8,0
2025-07-31,SCR-DW-150,"Drywall Screws 1.5"" Box (200ct)",Fasteners,7,0
2025-08-01,SCR-DW-150,"Drywall Screws 1.5"" Box (200ct)",Fasteners,0,0
2025-08-02,SCR-DW-150,"Drywall Screws 1.5"" Box (200ct)",Fasteners,7,0
2025-08-03,SCR-DW-150,"Drywall Screws 1.5"" Box (200ct)",Fasteners,0,0
2025-08-04,SCR-DW-150,"Drywall Screws 1.5"" Box (200ct)",Fasteners,8,0
2025-08-05,SCR-DW-150,"Drywall Screws 1.5"" Box (200ct)",Fasteners,10,0
2025-08-06,SCR-DW-150,"Drywall Screws 1.5"" Box (200ct)",Fasteners,15,0
2025-08-07,SCR-DW-150,"Drywall Screws 1.5"" Box (200ct)",Fasteners,6,0
2025-08-08,SCR-DW-150,"Drywall Screws 1.5"" Box (200ct)",Fasteners,13,0
2025-08-09,SCR-DW-150,"Drywall Screws 1.5"" Box (200ct)",Fasteners,7,0
2025-08-10,SCR-DW-150,"Drywall Screws 1.5"" Box (200ct)",Fasteners,15,0
2025-08-11,SCR-DW-150,"Drywall Screws 1.5"" Box (200ct)",Fasteners,8,0
2025-08-12,SCR-DW-150,"Drywall Screws 1.5"" Box (200ct)",Fasteners,6,0
2025-08-13,SCR-DW-150,"Drywall Screws 1.5"" Box (200ct)",Fasteners,5,0
2025-08-14,SCR-DW-150,"Drywall Screws 1.5"" Box (200ct)",Fasteners,9,0
2025-08-15,SCR-DW-150,"Drywall Screws 1.5"" Box (200ct)",Fasteners,12,0
2025-08-16,SCR-DW-150,"Drywall Screws 1.5"" Box (200ct)",Fasteners,12,0
2025-08-17,SCR-DW-150,"Drywall Screws 1.5"" Box (200ct)",Fasteners,11,0
2025-08-18,SCR-DW-150,"Drywall Screws 1.5"" Box (200ct)",Fasteners,0,0
2025-08-19,SCR-DW-150,"Drywall Screws 1.5"" Box (200ct)",Fasteners,8,0
2025-08-20,SCR-DW-150,"Drywall Screws 1.5"" Box (200ct)",Fasteners,11,0
2025-08-21,SCR-DW-150,"Drywall Screws 1.5"" Box (200ct)",Fasteners,4,0
2025-08-22,SCR-DW-150,"Drywall Screws 1.5"" Box (200ct)",Fasteners,7,0
2025-08-23,SCR-DW-150,"Drywall Screws 1.5"" Box (200ct)",Fasteners,9,0
2025-08-24,SCR-DW-150,"Drywall Screws 1.5"" Box (200ct)",Fasteners,10,0
2025-08-25,SCR-DW-150,"Drywall Screws 1.5"" Box (200ct)",Fasteners,9,0
2025-08-26,SCR-DW-150,"Drywall Screws 1.5"" Box (200ct)",Fasteners,7,0
2025-08-27,SCR-DW-150,"Drywall Screws 1.5"" Box (200ct)",Fasteners,10,0
2025-08-28,SCR-DW-150,"Drywall Screws 1.5"" Box (200ct)",Fasteners,9,0
2025-08-29,SCR-DW-150,"Drywall Screws 1.5"" Box (200ct)",Fasteners,6,0
2025-08-30,SCR-DW-150,"Drywall Screws 1.5"" Box (200ct)",Fasteners,18,1
2025-08-31,SCR-DW-150,"Drywall Screws 1.5"" Box (200ct)",Fasteners,10,0
2025-09-01,SCR-DW-150,"Drywall Screws 1.5"" Box (200ct)",Fasteners,7,0
2025-09-02,SCR-DW-150,"Drywall Screws 1.5"" Box (200ct)",Fasteners,8,0
2025-09-03,SCR-DW-150,"Drywall Screws 1.5"" Box (200ct)",Fasteners,11,0
2025-09-04,SCR-DW-150,"Drywall Screws 1.5"" Box (200ct)",Fasteners,6,0
2025-09-05,SCR-DW-150,"Drywall Screws 1.5"" Box (200ct)",Fasteners,9,0
2025-09-06,SCR-DW-150,"Drywall Screws 1.5"" Box (200ct)",Fasteners,0,0
2025-09-07,SCR-DW-150,"Drywall Screws 1.5"" Box (200ct)",Fasteners,9,0
2025-09-08,SCR-DW-150,"Drywall Screws 1.5"" Box (200ct)",Fasteners,7,0
2025-09-09,SCR-DW-150,"Drywall Screws 1.5"" Box (200ct)",Fasteners,6,0
2025-09-10,SCR-DW-150,"Drywall Screws 1.5"" Box (200ct)",Fasteners,6,0
2025-09-11,SCR-DW-150,"Drywall Screws 1.5"" Box (200ct)",Fasteners,13,0
2025-09-12,SCR-DW-150,"Drywall Screws 1.5"" Box (200ct)",Fasteners,5,0
2025-09-13,SCR-DW-150,"Drywall Screws 1.5"" Box (200ct)",Fasteners,8,0
2025-09-14,SCR-DW-150,"Drywall Screws 1.5"" Box (200ct)",Fasteners,8,0
2025-09-15,SCR-DW-150,"Drywall Screws 1.5"" Box (200ct)",Fasteners,3,0
2025-09-16,SCR-DW-150,"Drywall Screws 1.5"" Box (200ct)",Fasteners,9,0
2025-09-17,SCR-DW-150,"Drywall Screws 1.5"" Box (200ct)",Fasteners,7,0
2025-09-18,SCR-DW-150,"Drywall Screws 1.5"" Box (200ct)",Fasteners,13,0
2025-09-19,SCR-DW-150,"Drywall Screws 1.5"" Box (200ct)",Fasteners,7,0
2025-09-20,SCR-DW-150,"Drywall Screws 1.5"" Box (200ct)",Fasteners,12,0
2025-09-21,SCR-DW-150,"Drywall Screws 1.5"" Box (200ct)",Fasteners,12,0
2025-09-22,SCR-DW-150,"Drywall Screws 1.5"" Box (200ct)",Fasteners,6,0
2025-09-23,SCR-DW-150,"Drywall Screws 1.5"" Box (200ct)",Fasteners,9,1
2025-09-24,SCR-DW-150,"Drywall Screws 1.5"" Box (200ct)",Fasteners,8,0
2025-09-25,SCR-DW-150,"Drywall Screws 1.5"" Box (200ct)",Fasteners,0,0
2025-09-26,SCR-DW-150,"Drywall Screws 1.5"" Box (200ct)",Fasteners,12,1
2025-09-27,SCR-DW-150,"Drywall Screws 1.5"" Box (200ct)",Fasteners,12,0
2025-09-28,SCR-DW-150,"Drywall Screws 1.5"" Box (200ct)",Fasteners,11,0
2025-09-29,SCR-DW-150,"Drywall Screws 1.5"" Box (200ct)",Fasteners,4,0
2025-09-30,SCR-DW-150,"Drywall Screws 1.5"" Box (200ct)",Fasteners,11,0
2025-10-01,SCR-DW-150,"Drywall Screws 1.5"" Box (200ct)",Fasteners,10,0
2025-10-02,SCR-DW-150,"Drywall Screws 1.5"" Box (200ct)",Fasteners,0,0
2025-10-03,SCR-DW-150,"Drywall Screws 1.5"" Box (200ct)",Fasteners,8,0
2025-10-04,SCR-DW-150,"Drywall Screws 1.5"" Box (200ct)",Fasteners,8,0
2025-10-05,SCR-DW-150,"Drywall Screws 1.5"" Box (200ct)",Fasteners,8,0
2025-10-06,SCR-DW-150,"Drywall Screws 1.5"" Box (200ct)",Fasteners,9,0
2025-10-07,SCR-DW-150,"Drywall Screws 1.5"" Box (200ct)",Fasteners,5,0
2025-10-08,SCR-DW-150,"Drywall Screws 1.5"" Box (200ct)",Fasteners,19,1
2025-10-09,SCR-DW-150,"Drywall Screws 1.5"" Box (200ct)",Fasteners,4,0
2025-10-10,SCR-DW-150,"Drywall Screws 1.5"" Box (200ct)",Fasteners,6,0
2025-10-11,SCR-DW-150,"Drywall Screws 1.5"" Box (200ct)",Fasteners,7,0
2025-10-12,SCR-DW-150,"Drywall Screws 1.5"" Box (200ct)",Fasteners,17,1
2025-10-13,SCR-DW-150,"Drywall Screws 1.5"" Box (200ct)",Fasteners,8,0
2025-10-14,SCR-DW-150,"Drywall Screws 1.5"" Box (200ct)",Fasteners,11,0
2025-10-15,SCR-DW-150,"Drywall Screws 1.5"" Box (200ct)",Fasteners,13,0
2025-10-16,SCR-DW-150,"Drywall Screws 1.5"" Box (200ct)",Fasteners,2,0
2025-10-17,SCR-DW-150,"Drywall Screws 1.5"" Box (200ct)",Fasteners,10,0
2025-10-18,SCR-DW-150,"Drywall Screws 1.5"" Box (200ct)",Fasteners,13,0
2025-10-19,SCR-DW-150,"Drywall Screws 1.5"" Box (200ct)",Fasteners,7,0
2025-10-20,SCR-DW-150,"Drywall Screws 1.5"" Box (200ct)",Fasteners,4,0
2025-10-21,SCR-DW-150,"Drywall Screws 1.5"" Box (200ct)",Fasteners,12,0
2025-10-22,SCR-DW-150,"Drywall Screws 1.5"" Box (200ct)",Fasteners,11,0
2025-10-23,SCR-DW-150,"Drywall Screws 1.5"" Box (200ct)",Fasteners,13,0
2025-10-24,SCR-DW-150,"Drywall Screws 1.5"" Box (200ct)",Fasteners,14,0
2025-10-25,SCR-DW-150,"Drywall Screws 1.5"" Box (200ct)",Fasteners,0,0
2025-10-26,SCR-DW-150,"Drywall Screws 1.5"" Box (200ct)",Fasteners,20,0
2025-10-27,SCR-DW-150,"Drywall Screws 1.5"" Box (200ct)",Fasteners,7,0
2025-10-28,SCR-DW-150,"Drywall Screws 1.5"" Box (200ct)",Fasteners,4,0
2025-10-29,SCR-DW-150,"Drywall Screws 1.5"" Box (200ct)",Fasteners,4,0
2025-10-30,SCR-DW-150,"Drywall Screws 1.5"" Box (200ct)",Fasteners,8,0
2025-10-31,SCR-DW-150,"Drywall Screws 1.5"" Box (200ct)",Fasteners,6,0
2025-11-01,SCR-DW-150,"Drywall Screws 1.5"" Box (200ct)",Fasteners,10,0
2025-11-02,SCR-DW-150,"Drywall Screws 1.5"" Box (200ct)",Fasteners,11,0
2025-11-03,SCR-DW-150,"Drywall Screws 1.5"" Box (200ct)",Fasteners,4,0
2025-11-04,SCR-DW-150,"Drywall Screws 1.5"" Box (200ct)",Fasteners,11,0
2025-11-05,SCR-DW-150,"Drywall Screws 1.5"" Box (200ct)",Fasteners,4,0
2025-11-06,SCR-DW-150,"Drywall Screws 1.5"" Box (200ct)",Fasteners,6,0
2025-11-07,SCR-DW-150,"Drywall Screws 1.5"" Box (200ct)",Fasteners,9,0
2025-11-08,SCR-DW-150,"Drywall Screws 1.5"" Box (200ct)",Fasteners,8,0
2025-11-09,SCR-DW-150,"Drywall Screws 1.5"" Box (200ct)",Fasteners,9,0
2025-11-10,SCR-DW-150,"Drywall Screws 1.5"" Box (200ct)",Fasteners,7,0
2025-11-11,SCR-DW-150,"Drywall Screws 1.5"" Box (200ct)",Fasteners,6,1
2025-11-12,SCR-DW-150,"Drywall Screws 1.5"" Box (200ct)",Fasteners,6,0
2025-11-13,SCR-DW-150,"Drywall Screws 1.5"" Box (200ct)",Fasteners,6,0
2025-11-14,SCR-DW-150,"Drywall Screws 1.5"" Box (200ct)",Fasteners,9,0
2025-11-15,SCR-DW-150,"Drywall Screws 1.5"" Box (200ct)",Fasteners,15,0
2025-11-16,SCR-DW-150,"Drywall Screws 1.5"" Box (200ct)",Fasteners,4,0
2025-11-17,SCR-DW-150,"Drywall Screws 1.5"" Box (200ct)",Fasteners,11,0
2025-11-18,SCR-DW-150,"Drywall Screws 1.5"" Box (200ct)",Fasteners,12,0
2025-11-19,SCR-DW-150,"Drywall Screws 1.5"" Box (200ct)",Fasteners,10,0
2025-11-20,SCR-DW-150,"Drywall Screws 1.5"" Box (200ct)",Fasteners,11,0
2025-11-21,SCR-DW-150,"Drywall Screws 1.5"" Box (200ct)",Fasteners,10,0
2025-11-22,SCR-DW-150,"Drywall Screws 1.5"" Box (200ct)",Fasteners,7,0
2025-11-23,SCR-DW-150,"Drywall Screws 1.5"" Box (200ct)",Fasteners,0,0
2025-11-24,SCR-DW-150,"Drywall Screws 1.5"" Box (200ct)",Fasteners,0,0
2025-11-25,SCR-DW-150,"Drywall Screws 1.5"" Box (200ct)",Fasteners,8,0
2025-11-26,SCR-DW-150,"Drywall Screws 1.5"" Box (200ct)",Fasteners,6,0
2025-11-27,SCR-DW-150,"Drywall Screws 1.5"" Box (200ct)",Fasteners,6,0
2025-11-28,SCR-DW-150,"Drywall Screws 1.5"" Box (200ct)",Fasteners,8,0
2025-11-29,SCR-DW-150,"Drywall Screws 1.5"" Box (200ct)",Fasteners,12,0
2025-11-30,SCR-DW-150,"Drywall Screws 1.5"" Box (200ct)",Fasteners,7,0
2025-12-01,SCR-DW-150,"Drywall Screws 1.5"" Box (200ct)",Fasteners,8,0
2025-12-02,SCR-DW-150,"Drywall Screws 1.5"" Box (200ct)",Fasteners,13,0
2025-12-03,SCR-DW-150,"Drywall Screws 1.5"" Box (200ct)",Fasteners,5,0
2025-12-04,SCR-DW-150,"Drywall Screws 1.5"" Box (200ct)",Fasteners,0,0
2025-12-05,SCR-DW-150,"Drywall Screws 1.5"" Box (200ct)",Fasteners,9,0
2025-12-06,SCR-DW-150,"Drywall Screws 1.5"" Box (200ct)",Fasteners,15,0
2025-12-07,SCR-DW-150,"Drywall Screws 1.5"" Box (200ct)",Fasteners,9,0
2025-12-08,SCR-DW-150,"Drywall Screws 1.5"" Box (200ct)",Fasteners,11,0
2025-12-09,SCR-DW-150,"Drywall Screws 1.5"" Box (200ct)",Fasteners,7,0
2025-12-10,SCR-DW-150,"Drywall Screws 1.5"" Box (200ct)",Fasteners,5,0
2025-12-11,SCR-DW-150,"Drywall Screws 1.5"" Box (200ct)",Fasteners,7,0
2025-12-12,SCR-DW-150,"Drywall Screws 1.5"" Box (200ct)",Fasteners,3,0
2025-12-13,SCR-DW-150,"Drywall Screws 1.5"" Box (200ct)",Fasteners,19,0
2025-12-14,SCR-DW-150,"Drywall Screws 1.5"" Box (200ct)",Fasteners,6,0
2025-12-15,SCR-DW-150,"Drywall Screws 1.5"" Box (200ct)",Fasteners,6,0
2025-12-16,SCR-DW-150,"Drywall Screws 1.5"" Box (200ct)",Fasteners,10,0
2025-12-17,SCR-DW-150,"Drywall Screws 1.5"" Box (200ct)",Fasteners,11,0
2025-12-18,SCR-DW-150,"Drywall Screws 1.5"" Box (200ct)",Fasteners,0,0
2025-12-19,SCR-DW-150,"Drywall Screws 1.5"" Box (200ct)",Fasteners,4,0
2025-12-20,SCR-DW-150,"Drywall Screws 1.5"" Box (200ct)",Fasteners,9,0
2025-12-21,SCR-DW-150,"Drywall Screws 1.5"" Box (200ct)",Fasteners,11,0
2025-12-22,SCR-DW-150,"Drywall Screws 1.5"" Box (200ct)",Fasteners,5,0
2025-12-23,SCR-DW-150,"Drywall Screws 1.5"" Box (200ct)",Fasteners,5,0
2025-12-24,SCR-DW-150,"Drywall Screws 1.5"" Box (200ct)",Fasteners,7,0
2025-12-25,SCR-DW-150,"Drywall Screws 1.5"" Box (200ct)",Fasteners,18,0
2025-12-26,SCR-DW-150,"Drywall Screws 1.5"" Box (200ct)",Fasteners,11,0
2025-12-27,SCR-DW-150,"Drywall Screws 1.5"" Box (200ct)",Fasteners,0,0
2025-12-28,SCR-DW-150,"Drywall Screws 1.5"" Box (200ct)",Fasteners,7,0
2025-12-29,SCR-DW-150,"Drywall Screws 1.5"" Box (200ct)",Fasteners,12,1
2025-12-30,SCR-DW-150,"Drywall Screws 1.5"" Box (200ct)",Fasteners,0,0
2025-12-31,SCR-DW-150,"Drywall Screws 1.5"" Box (200ct)",Fasteners,7,0
2026-01-01,SCR-DW-150,"Drywall Screws 1.5"" Box (200ct)",Fasteners,3,0
2026-01-02,SCR-DW-150,"Drywall Screws 1.5"" Box (200ct)",Fasteners,0,0
2026-01-03,SCR-DW-150,"Drywall Screws 1.5"" Box (200ct)",Fasteners,6,0
2026-01-04,SCR-DW-150,"Drywall Screws 1.5"" Box (200ct)",Fasteners,9,0
2026-01-05,SCR-DW-150,"Drywall Screws 1.5"" Box (200ct)",Fasteners,15,1
2026-01-06,SCR-DW-150,"Drywall Screws 1.5"" Box (200ct)",Fasteners,11,0
2026-01-07,SCR-DW-150,"Drywall Screws 1.5"" Box (200ct)",Fasteners,4,0
2026-01-08,SCR-DW-150,"Drywall Screws 1.5"" Box (200ct)",Fasteners,9,0
2026-01-09,SCR-DW-150,"Drywall Screws 1.5"" Box (200ct)",Fasteners,4,0
2026-01-10,SCR-DW-150,"Drywall Screws 1.5"" Box (200ct)",Fasteners,11,0
2026-01-11,SCR-DW-150,"Drywall Screws 1.5"" Box (200ct)",Fasteners,10,0
2026-01-12,SCR-DW-150,"Drywall Screws 1.5"" Box (200ct)",Fasteners,8,0
2026-01-13,SCR-DW-150,"Drywall Screws 1.5"" Box (200ct)",Fasteners,15,0
2026-01-14,SCR-DW-150,"Drywall Screws 1.5"" Box (200ct)",Fasteners,11,0
2026-01-15,SCR-DW-150,"Drywall Screws 1.5"" Box (200ct)",Fasteners,6,0
2026-01-16,SCR-DW-150,"Drywall Screws 1.5"" Box (200ct)",Fasteners,9,0
2026-01-17,SCR-DW-150,"Drywall Screws 1.5"" Box (200ct)",Fasteners,11,0
2026-01-18,SCR-DW-150,"Drywall Screws 1.5"" Box (200ct)",Fasteners,0,0
2026-01-19,SCR-DW-150,"Drywall Screws 1.5"" Box (200ct)",Fasteners,6,0
2026-01-20,SCR-DW-150,"Drywall Screws 1.5"" Box (200ct)",Fasteners,7,0
2026-01-21,SCR-DW-150,"Drywall Screws 1.5"" Box (200ct)",Fasteners,0,1
2026-01-22,SCR-DW-150,"Drywall Screws 1.5"" Box (200ct)",Fasteners,5,0
2026-01-23,SCR-DW-150,"Drywall Screws 1.5"" Box (200ct)",Fasteners,9,0
2026-01-24,SCR-DW-150,"Drywall Screws 1.5"" Box (200ct)",Fasteners,14,0
2026-01-25,SCR-DW-150,"Drywall Screws 1.5"" Box (200ct)",Fasteners,10,0
2026-01-26,SCR-DW-150,"Drywall Screws 1.5"" Box (200ct)",Fasteners,10,0
2026-01-27,SCR-DW-150,"Drywall Screws 1.5"" Box (200ct)",Fasteners,5,0
2026-01-28,SCR-DW-150,"Drywall Screws 1.5"" Box (200ct)",Fasteners,7,0
2026-01-29,SCR-DW-150,"Drywall Screws 1.5"" Box (200ct)",Fasteners,0,0
2026-01-30,SCR-DW-150,"Drywall Screws 1.5"" Box (200ct)",Fasteners,7,0
2026-01-31,SCR-DW-150,"Drywall Screws 1.5"" Box (200ct)",Fasteners,7,0
2026-02-01,SCR-DW-150,"Drywall Screws 1.5"" Box (200ct)",Fasteners,10,0
2026-02-02,SCR-DW-150,"Drywall Screws 1.5"" Box (200ct)",Fasteners,8,0
2026-02-03,SCR-DW-150,"Drywall Screws 1.5"" Box (200ct)",Fasteners,11,0
2026-02-04,SCR-DW-150,"Drywall Screws 1.5"" Box (200ct)",Fasteners,4,0
2026-02-05,SCR-DW-150,"Drywall Screws 1.5"" Box (200ct)",Fasteners,7,0
2026-02-06,SCR-DW-150,"Drywall Screws 1.5"" Box (200ct)",Fasteners,5,0
2026-02-07,SCR-DW-150,"Drywall Screws 1.5"" Box (200ct)",Fasteners,0,0
2026-02-08,SCR-DW-150,"Drywall Screws 1.5"" Box (200ct)",Fasteners,7,0
2026-02-09,SCR-DW-150,"Drywall Screws 1.5"" Box (200ct)",Fasteners,8,0
2026-02-10,SCR-DW-150,"Drywall Screws 1.5"" Box (200ct)",Fasteners,7,0
2026-02-11,SCR-DW-150,"Drywall Screws 1.5"" Box (200ct)",Fasteners,6,0
2026-02-12,SCR-DW-150,"Drywall Screws 1.5"" Box (200ct)",Fasteners,7,0
2026-02-13,SCR-DW-150,"Drywall Screws 1.5"" Box (200ct)",Fasteners,10,0
2026-02-14,SCR-DW-150,"Drywall Screws 1.5"" Box (200ct)",Fasteners,14,0
2026-02-15,SCR-DW-150,"Drywall Screws 1.5"" Box (200ct)",Fasteners,8,0
2026-02-16,SCR-DW-150,"Drywall Screws 1.5"" Box (200ct)",Fasteners,10,0
2026-02-17,SCR-DW-150,"Drywall Screws 1.5"" Box (200ct)",Fasteners,6,0
2026-02-18,SCR-DW-150,"Drywall Screws 1.5"" Box (200ct)",Fasteners,0,0
2026-02-19,SCR-DW-150,"Drywall Screws 1.5"" Box (200ct)",Fasteners,10,0
2026-02-20,SCR-DW-150,"Drywall Screws 1.5"" Box (200ct)",Fasteners,0,0
2026-02-21,SCR-DW-150,"Drywall Screws 1.5"" Box (200ct)",Fasteners,4,0
2026-02-22,SCR-DW-150,"Drywall Screws 1.5"" Box (200ct)",Fasteners,17,0
2026-02-23,SCR-DW-150,"Drywall Screws 1.5"" Box (200ct)",Fasteners,7,0
2026-02-24,SCR-DW-150,"Drywall Screws 1.5"" Box (200ct)",Fasteners,7,0
2026-02-25,SCR-DW-150,"Drywall Screws 1.5"" Box (200ct)",Fasteners,0,0
2026-02-26,SCR-DW-150,"Drywall Screws 1.5"" Box (200ct)",Fasteners,9,0
2026-02-27,SCR-DW-150,"Drywall Screws 1.5"" Box (200ct)",Fasteners,10,0
2026-02-28,SCR-DW-150,"Drywall Screws 1.5"" Box (200ct)",Fasteners,12,0
2026-03-01,SCR-DW-150,"Drywall Screws 1.5"" Box (200ct)",Fasteners,5,0
2026-03-02,SCR-DW-150,"Drywall Screws 1.5"" Box (200ct)",Fasteners,10,0
2026-03-03,SCR-DW-150,"Drywall Screws 1.5"" Box (200ct)",Fasteners,4,0
2026-03-04,SCR-DW-150,"Drywall Screws 1.5"" Box (200ct)",Fasteners,14,0
2026-03-05,SCR-DW-150,"Drywall Screws 1.5"" Box (200ct)",Fasteners,11,0
2026-03-06,SCR-DW-150,"Drywall Screws 1.5"" Box (200ct)",Fasteners,9,0
2026-03-07,SCR-DW-150,"Drywall Screws 1.5"" Box (200ct)",Fasteners,8,0
2026-03-08,SCR-DW-150,"Drywall Screws 1.5"" Box (200ct)",Fasteners,9,0
2026-03-09,SCR-DW-150,"Drywall Screws 1.5"" Box (200ct)",Fasteners,8,0
2026-03-10,SCR-DW-150,"Drywall Screws 1.5"" Box (200ct)",Fasteners,3,0
2026-03-11,SCR-DW-150,"Drywall Screws 1.5"" Box (200ct)",Fasteners,8,0
2026-03-12,SCR-DW-150,"Drywall Screws 1.5"" Box (200ct)",Fasteners,11,0
2026-03-13,SCR-DW-150,"Drywall Screws 1.5"" Box (200ct)",Fasteners,7,0
2026-03-14,SCR-DW-150,"Drywall Screws 1.5"" Box (200ct)",Fasteners,3,0
2026-03-15,SCR-DW-150,"Drywall Screws 1.5"" Box (200ct)",Fasteners,9,0
2026-03-16,SCR-DW-150,"Drywall Screws 1.5"" Box (200ct)",Fasteners,8,0
2026-03-17,SCR-DW-150,"Drywall Screws 1.5"" Box (200ct)",Fasteners,9,0
2026-03-18,SCR-DW-150,"Drywall Screws 1.5"" Box (200ct)",Fasteners,4,0
2026-03-19,SCR-DW-150,"Drywall Screws 1.5"" Box (200ct)",Fasteners,4,0
2026-03-20,SCR-DW-150,"Drywall Screws 1.5"" Box (200ct)",Fasteners,0,0
2026-03-21,SCR-DW-150,"Drywall Screws 1.5"" Box (200ct)",Fasteners,9,0
2026-03-22,SCR-DW-150,"Drywall Screws 1.5"" Box (200ct)",Fasteners,11,0
2026-03-23,SCR-DW-150,"Drywall Screws 1.5"" Box (200ct)",Fasteners,10,0
2026-03-24,SCR-DW-150,"Drywall Screws 1.5"" Box (200ct)",Fasteners,7,0
2026-03-25,SCR-DW-150,"Drywall Screws 1.5"" Box (200ct)",Fasteners,11,0
2026-03-26,SCR-DW-150,"Drywall Screws 1.5"" Box (200ct)",Fasteners,0,0
2026-03-27,SCR-DW-150,"Drywall Screws 1.5"" Box (200ct)",Fasteners,6,0
2026-03-28,SCR-DW-150,"Drywall Screws 1.5"" Box (200ct)",Fasteners,11,0
2026-03-29,SCR-DW-150,"Drywall Screws 1.5"" Box (200ct)",Fasteners,11,0
2026-03-30,SCR-DW-150,"Drywall Screws 1.5"" Box (200ct)",Fasteners,15,0
2026-03-31,SCR-DW-150,"Drywall Screws 1.5"" Box (200ct)",Fasteners,5,0
2026-04-01,SCR-DW-150,"Drywall Screws 1.5"" Box (200ct)",Fasteners,9,0
2026-04-02,SCR-DW-150,"Drywall Screws 1.5"" Box (200ct)",Fasteners,5,0
2026-04-03,SCR-DW-150,"Drywall Screws 1.5"" Box (200ct)",Fasteners,10,0
2026-04-04,SCR-DW-150,"Drywall Screws 1.5"" Box (200ct)",Fasteners,13,0
2026-04-05,SCR-DW-150,"Drywall Screws 1.5"" Box (200ct)",Fasteners,10,0
2026-04-06,SCR-DW-150,"Drywall Screws 1.5"" Box (200ct)",Fasteners,5,0
2026-04-07,SCR-DW-150,"Drywall Screws 1.5"" Box (200ct)",Fasteners,4,0
2026-04-08,SCR-DW-150,"Drywall Screws 1.5"" Box (200ct)",Fasteners,7,0
2026-04-09,SCR-DW-150,"Drywall Screws 1.5"" Box (200ct)",Fasteners,14,0
2026-04-10,SCR-DW-150,"Drywall Screws 1.5"" Box (200ct)",Fasteners,8,0
2026-04-11,SCR-DW-150,"Drywall Screws 1.5"" Box (200ct)",Fasteners,29,1
2026-04-12,SCR-DW-150,"Drywall Screws 1.5"" Box (200ct)",Fasteners,14,0
2026-04-13,SCR-DW-150,"Drywall Screws 1.5"" Box (200ct)",Fasteners,8,0
2026-04-14,SCR-DW-150,"Drywall Screws 1.5"" Box (200ct)",Fasteners,9,0
2026-04-15,SCR-DW-150,"Drywall Screws 1.5"" Box (200ct)",Fasteners,9,0
2026-04-16,SCR-DW-150,"Drywall Screws 1.5"" Box (200ct)",Fasteners,10,0
2026-04-17,SCR-DW-150,"Drywall Screws 1.5"" Box (200ct)",Fasteners,8,0
2026-04-18,SCR-DW-150,"Drywall Screws 1.5"" Box (200ct)",Fasteners,15,0
2026-04-19,SCR-DW-150,"Drywall Screws 1.5"" Box (200ct)",Fasteners,6,0
2026-04-20,SCR-DW-150,"Drywall Screws 1.5"" Box (200ct)",Fasteners,6,0
2026-04-21,SCR-DW-150,"Drywall Screws 1.5"" Box (200ct)",Fasteners,6,0
2026-04-22,SCR-DW-150,"Drywall Screws 1.5"" Box (200ct)",Fasteners,5,0
2026-04-23,SCR-DW-150,"Drywall Screws 1.5"" Box (200ct)",Fasteners,5,0
2026-04-24,SCR-DW-150,"Drywall Screws 1.5"" Box (200ct)",Fasteners,8,0
2026-04-25,SCR-DW-150,"Drywall Screws 1.5"" Box (200ct)",Fasteners,14,0
2026-04-26,SCR-DW-150,"Drywall Screws 1.5"" Box (200ct)",Fasteners,0,0
2026-04-27,SCR-DW-150,"Drywall Screws 1.5"" Box (200ct)",Fasteners,7,0
2026-04-28,SCR-DW-150,"Drywall Screws 1.5"" Box (200ct)",Fasteners,8,0
2026-04-29,SCR-DW-150,"Drywall Screws 1.5"" Box (200ct)",Fasteners,12,0
2026-04-30,SCR-DW-150,"Drywall Screws 1.5"" Box (200ct)",Fasteners,5,0
2026-05-01,SCR-DW-150,"Drywall Screws 1.5"" Box (200ct)",Fasteners,11,0
2026-05-02,SCR-DW-150,"Drywall Screws 1.5"" Box (200ct)",Fasteners,15,0
2026-05-03,SCR-DW-150,"Drywall Screws 1.5"" Box (200ct)",Fasteners,10,0
2026-05-04,SCR-DW-150,"Drywall Screws 1.5"" Box (200ct)",Fasteners,12,0
2026-05-05,SCR-DW-150,"Drywall Screws 1.5"" Box (200ct)",Fasteners,6,0
2026-05-06,SCR-DW-150,"Drywall Screws 1.5"" Box (200ct)",Fasteners,0,0
2026-05-07,SCR-DW-150,"Drywall Screws 1.5"" Box (200ct)",Fasteners,6,0
2026-05-08,SCR-DW-150,"Drywall Screws 1.5"" Box (200ct)",Fasteners,7,0
2026-05-09,SCR-DW-150,"Drywall Screws 1.5"" Box (200ct)",Fasteners,8,0
2026-05-10,SCR-DW-150,"Drywall Screws 1.5"" Box (200ct)",Fasteners,14,0
2026-05-11,SCR-DW-150,"Drywall Screws 1.5"" Box (200ct)",Fasteners,11,0
2026-05-12,SCR-DW-150,"Drywall Screws 1.5"" Box (200ct)",Fasteners,6,0
2026-05-13,SCR-DW-150,"Drywall Screws 1.5"" Box (200ct)",Fasteners,10,0
2026-05-14,SCR-DW-150,"Drywall Screws 1.5"" Box (200ct)",Fasteners,4,0
2026-05-15,SCR-DW-150,"Drywall Screws 1.5"" Box (200ct)",Fasteners,11,0
2024-11-22,BLT-HX-M10,Hex Bolts M10 x 50mm (50ct),Fasteners,0,0
2024-11-23,BLT-HX-M10,Hex Bolts M10 x 50mm (50ct),Fasteners,19,0
2024-11-24,BLT-HX-M10,Hex Bolts M10 x 50mm (50ct),Fasteners,20,0
2024-11-25,BLT-HX-M10,Hex Bolts M10 x 50mm (50ct),Fasteners,0,0
2024-11-26,BLT-HX-M10,Hex Bolts M10 x 50mm (50ct),Fasteners,13,0
2024-11-27,BLT-HX-M10,Hex Bolts M10 x 50mm (50ct),Fasteners,11,0
2024-11-28,BLT-HX-M10,Hex Bolts M10 x 50mm (50ct),Fasteners,12,0
2024-11-29,BLT-HX-M10,Hex Bolts M10 x 50mm (50ct),Fasteners,18,0
2024-11-30,BLT-HX-M10,Hex Bolts M10 x 50mm (50ct),Fasteners,32,0
2024-12-01,BLT-HX-M10,Hex Bolts M10 x 50mm (50ct),Fasteners,7,0
2024-12-02,BLT-HX-M10,Hex Bolts M10 x 50mm (50ct),Fasteners,12,0
2024-12-03,BLT-HX-M10,Hex Bolts M10 x 50mm (50ct),Fasteners,20,0
2024-12-04,BLT-HX-M10,Hex Bolts M10 x 50mm (50ct),Fasteners,14,0
2024-12-05,BLT-HX-M10,Hex Bolts M10 x 50mm (50ct),Fasteners,17,0
2024-12-06,BLT-HX-M10,Hex Bolts M10 x 50mm (50ct),Fasteners,9,0
2024-12-07,BLT-HX-M10,Hex Bolts M10 x 50mm (50ct),Fasteners,19,0
2024-12-08,BLT-HX-M10,Hex Bolts M10 x 50mm (50ct),Fasteners,12,0
2024-12-09,BLT-HX-M10,Hex Bolts M10 x 50mm (50ct),Fasteners,16,0
2024-12-10,BLT-HX-M10,Hex Bolts M10 x 50mm (50ct),Fasteners,12,0
2024-12-11,BLT-HX-M10,Hex Bolts M10 x 50mm (50ct),Fasteners,14,0
2024-12-12,BLT-HX-M10,Hex Bolts M10 x 50mm (50ct),Fasteners,7,0
2024-12-13,BLT-HX-M10,Hex Bolts M10 x 50mm (50ct),Fasteners,20,0
2024-12-14,BLT-HX-M10,Hex Bolts M10 x 50mm (50ct),Fasteners,0,0
2024-12-15,BLT-HX-M10,Hex Bolts M10 x 50mm (50ct),Fasteners,20,0
2024-12-16,BLT-HX-M10,Hex Bolts M10 x 50mm (50ct),Fasteners,14,0
2024-12-17,BLT-HX-M10,Hex Bolts M10 x 50mm (50ct),Fasteners,12,0
2024-12-18,BLT-HX-M10,Hex Bolts M10 x 50mm (50ct),Fasteners,12,0
2024-12-19,BLT-HX-M10,Hex Bolts M10 x 50mm (50ct),Fasteners,8,0
2024-12-20,BLT-HX-M10,Hex Bolts M10 x 50mm (50ct),Fasteners,13,0
2024-12-21,BLT-HX-M10,Hex Bolts M10 x 50mm (50ct),Fasteners,17,0
2024-12-22,BLT-HX-M10,Hex Bolts M10 x 50mm (50ct),Fasteners,9,0
2024-12-23,BLT-HX-M10,Hex Bolts M10 x 50mm (50ct),Fasteners,12,0
2024-12-24,BLT-HX-M10,Hex Bolts M10 x 50mm (50ct),Fasteners,0,0
2024-12-25,BLT-HX-M10,Hex Bolts M10 x 50mm (50ct),Fasteners,8,0
2024-12-26,BLT-HX-M10,Hex Bolts M10 x 50mm (50ct),Fasteners,20,0
2024-12-27,BLT-HX-M10,Hex Bolts M10 x 50mm (50ct),Fasteners,12,0
2024-12-28,BLT-HX-M10,Hex Bolts M10 x 50mm (50ct),Fasteners,12,0
2024-12-29,BLT-HX-M10,Hex Bolts M10 x 50mm (50ct),Fasteners,13,0
2024-12-30,BLT-HX-M10,Hex Bolts M10 x 50mm (50ct),Fasteners,19,0
2024-12-31,BLT-HX-M10,Hex Bolts M10 x 50mm (50ct),Fasteners,6,0
2025-01-01,BLT-HX-M10,Hex Bolts M10 x 50mm (50ct),Fasteners,0,0
2025-01-02,BLT-HX-M10,Hex Bolts M10 x 50mm (50ct),Fasteners,9,0
2025-01-03,BLT-HX-M10,Hex Bolts M10 x 50mm (50ct),Fasteners,14,0
2025-01-04,BLT-HX-M10,Hex Bolts M10 x 50mm (50ct),Fasteners,19,0
2025-01-05,BLT-HX-M10,Hex Bolts M10 x 50mm (50ct),Fasteners,18,0
2025-01-06,BLT-HX-M10,Hex Bolts M10 x 50mm (50ct),Fasteners,18,0
2025-01-07,BLT-HX-M10,Hex Bolts M10 x 50mm (50ct),Fasteners,12,0
2025-01-08,BLT-HX-M10,Hex Bolts M10 x 50mm (50ct),Fasteners,16,0
2025-01-09,BLT-HX-M10,Hex Bolts M10 x 50mm (50ct),Fasteners,16,0
2025-01-10,BLT-HX-M10,Hex Bolts M10 x 50mm (50ct),Fasteners,15,0
2025-01-11,BLT-HX-M10,Hex Bolts M10 x 50mm (50ct),Fasteners,22,0
2025-01-12,BLT-HX-M10,Hex Bolts M10 x 50mm (50ct),Fasteners,14,0
2025-01-13,BLT-HX-M10,Hex Bolts M10 x 50mm (50ct),Fasteners,14,0
2025-01-14,BLT-HX-M10,Hex Bolts M10 x 50mm (50ct),Fasteners,12,0
2025-01-15,BLT-HX-M10,Hex Bolts M10 x 50mm (50ct),Fasteners,6,0
2025-01-16,BLT-HX-M10,Hex Bolts M10 x 50mm (50ct),Fasteners,21,0
2025-01-17,BLT-HX-M10,Hex Bolts M10 x 50mm (50ct),Fasteners,9,0
2025-01-18,BLT-HX-M10,Hex Bolts M10 x 50mm (50ct),Fasteners,21,0
2025-01-19,BLT-HX-M10,Hex Bolts M10 x 50mm (50ct),Fasteners,14,0
2025-01-20,BLT-HX-M10,Hex Bolts M10 x 50mm (50ct),Fasteners,15,0
2025-01-21,BLT-HX-M10,Hex Bolts M10 x 50mm (50ct),Fasteners,17,0
2025-01-22,BLT-HX-M10,Hex Bolts M10 x 50mm (50ct),Fasteners,14,0
2025-01-23,BLT-HX-M10,Hex Bolts M10 x 50mm (50ct),Fasteners,12,0
2025-01-24,BLT-HX-M10,Hex Bolts M10 x 50mm (50ct),Fasteners,0,0
2025-01-25,BLT-HX-M10,Hex Bolts M10 x 50mm (50ct),Fasteners,12,0
2025-01-26,BLT-HX-M10,Hex Bolts M10 x 50mm (50ct),Fasteners,17,0
2025-01-27,BLT-HX-M10,Hex Bolts M10 x 50mm (50ct),Fasteners,15,0
2025-01-28,BLT-HX-M10,Hex Bolts M10 x 50mm (50ct),Fasteners,18,0
2025-01-29,BLT-HX-M10,Hex Bolts M10 x 50mm (50ct),Fasteners,13,0
2025-01-30,BLT-HX-M10,Hex Bolts M10 x 50mm (50ct),Fasteners,18,0
2025-01-31,BLT-HX-M10,Hex Bolts M10 x 50mm (50ct),Fasteners,13,0
2025-02-01,BLT-HX-M10,Hex Bolts M10 x 50mm (50ct),Fasteners,17,0
2025-02-02,BLT-HX-M10,Hex Bolts M10 x 50mm (50ct),Fasteners,17,0
2025-02-03,BLT-HX-M10,Hex Bolts M10 x 50mm (50ct),Fasteners,20,0
2025-02-04,BLT-HX-M10,Hex Bolts M10 x 50mm (50ct),Fasteners,14,0
2025-02-05,BLT-HX-M10,Hex Bolts M10 x 50mm (50ct),Fasteners,9,0
2025-02-06,BLT-HX-M10,Hex Bolts M10 x 50mm (50ct),Fasteners,9,0
2025-02-07,BLT-HX-M10,Hex Bolts M10 x 50mm (50ct),Fasteners,8,0
2025-02-08,BLT-HX-M10,Hex Bolts M10 x 50mm (50ct),Fasteners,17,0
2025-02-09,BLT-HX-M10,Hex Bolts M10 x 50mm (50ct),Fasteners,12,0
2025-02-10,BLT-HX-M10,Hex Bolts M10 x 50mm (50ct),Fasteners,13,0
2025-02-11,BLT-HX-M10,Hex Bolts M10 x 50mm (50ct),Fasteners,13,0
2025-02-12,BLT-HX-M10,Hex Bolts M10 x 50mm (50ct),Fasteners,13,0
2025-02-13,BLT-HX-M10,Hex Bolts M10 x 50mm (50ct),Fasteners,15,0
2025-02-14,BLT-HX-M10,Hex Bolts M10 x 50mm (50ct),Fasteners,12,0
2025-02-15,BLT-HX-M10,Hex Bolts M10 x 50mm (50ct),Fasteners,20,0
2025-02-16,BLT-HX-M10,Hex Bolts M10 x 50mm (50ct),Fasteners,15,0
2025-02-17,BLT-HX-M10,Hex Bolts M10 x 50mm (50ct),Fasteners,7,0
2025-02-18,BLT-HX-M10,Hex Bolts M10 x 50mm (50ct),Fasteners,3,0
2025-02-19,BLT-HX-M10,Hex Bolts M10 x 50mm (50ct),Fasteners,15,0
2025-02-20,BLT-HX-M10,Hex Bolts M10 x 50mm (50ct),Fasteners,12,0
2025-02-21,BLT-HX-M10,Hex Bolts M10 x 50mm (50ct),Fasteners,6,0
2025-02-22,BLT-HX-M10,Hex Bolts M10 x 50mm (50ct),Fasteners,18,0
2025-02-23,BLT-HX-M10,Hex Bolts M10 x 50mm (50ct),Fasteners,21,0
2025-02-24,BLT-HX-M10,Hex Bolts M10 x 50mm (50ct),Fasteners,13,0
2025-02-25,BLT-HX-M10,Hex Bolts M10 x 50mm (50ct),Fasteners,18,0
2025-02-26,BLT-HX-M10,Hex Bolts M10 x 50mm (50ct),Fasteners,14,0
2025-02-27,BLT-HX-M10,Hex Bolts M10 x 50mm (50ct),Fasteners,9,0
2025-02-28,BLT-HX-M10,Hex Bolts M10 x 50mm (50ct),Fasteners,8,0
2025-03-01,BLT-HX-M10,Hex Bolts M10 x 50mm (50ct),Fasteners,0,0
2025-03-02,BLT-HX-M10,Hex Bolts M10 x 50mm (50ct),Fasteners,0,0
2025-03-03,BLT-HX-M10,Hex Bolts M10 x 50mm (50ct),Fasteners,17,0
2025-03-04,BLT-HX-M10,Hex Bolts M10 x 50mm (50ct),Fasteners,13,0
2025-03-05,BLT-HX-M10,Hex Bolts M10 x 50mm (50ct),Fasteners,14,0
2025-03-06,BLT-HX-M10,Hex Bolts M10 x 50mm (50ct),Fasteners,13,0
2025-03-07,BLT-HX-M10,Hex Bolts M10 x 50mm (50ct),Fasteners,6,0
2025-03-08,BLT-HX-M10,Hex Bolts M10 x 50mm (50ct),Fasteners,16,0
2025-03-09,BLT-HX-M10,Hex Bolts M10 x 50mm (50ct),Fasteners,11,0
2025-03-10,BLT-HX-M10,Hex Bolts M10 x 50mm (50ct),Fasteners,14,0
2025-03-11,BLT-HX-M10,Hex Bolts M10 x 50mm (50ct),Fasteners,5,0
2025-03-12,BLT-HX-M10,Hex Bolts M10 x 50mm (50ct),Fasteners,13,0
2025-03-13,BLT-HX-M10,Hex Bolts M10 x 50mm (50ct),Fasteners,12,0
2025-03-14,BLT-HX-M10,Hex Bolts M10 x 50mm (50ct),Fasteners,14,0
2025-03-15,BLT-HX-M10,Hex Bolts M10 x 50mm (50ct),Fasteners,14,0
2025-03-16,BLT-HX-M10,Hex Bolts M10 x 50mm (50ct),Fasteners,12,0
2025-03-17,BLT-HX-M10,Hex Bolts M10 x 50mm (50ct),Fasteners,8,0
2025-03-18,BLT-HX-M10,Hex Bolts M10 x 50mm (50ct),Fasteners,18,0
2025-03-19,BLT-HX-M10,Hex Bolts M10 x 50mm (50ct),Fasteners,16,0
2025-03-20,BLT-HX-M10,Hex Bolts M10 x 50mm (50ct),Fasteners,9,0
2025-03-21,BLT-HX-M10,Hex Bolts M10 x 50mm (50ct),Fasteners,0,0
2025-03-22,BLT-HX-M10,Hex Bolts M10 x 50mm (50ct),Fasteners,24,0
2025-03-23,BLT-HX-M10,Hex Bolts M10 x 50mm (50ct),Fasteners,15,0
2025-03-24,BLT-HX-M10,Hex Bolts M10 x 50mm (50ct),Fasteners,13,0
2025-03-25,BLT-HX-M10,Hex Bolts M10 x 50mm (50ct),Fasteners,10,0
2025-03-26,BLT-HX-M10,Hex Bolts M10 x 50mm (50ct),Fasteners,11,0
2025-03-27,BLT-HX-M10,Hex Bolts M10 x 50mm (50ct),Fasteners,11,0
2025-03-28,BLT-HX-M10,Hex Bolts M10 x 50mm (50ct),Fasteners,14,0
2025-03-29,BLT-HX-M10,Hex Bolts M10 x 50mm (50ct),Fasteners,24,0
2025-03-30,BLT-HX-M10,Hex Bolts M10 x 50mm (50ct),Fasteners,20,0
2025-03-31,BLT-HX-M10,Hex Bolts M10 x 50mm (50ct),Fasteners,23,0
2025-04-01,BLT-HX-M10,Hex Bolts M10 x 50mm (50ct),Fasteners,8,0
2025-04-02,BLT-HX-M10,Hex Bolts M10 x 50mm (50ct),Fasteners,14,0
2025-04-03,BLT-HX-M10,Hex Bolts M10 x 50mm (50ct),Fasteners,9,0
2025-04-04,BLT-HX-M10,Hex Bolts M10 x 50mm (50ct),Fasteners,14,0
2025-04-05,BLT-HX-M10,Hex Bolts M10 x 50mm (50ct),Fasteners,22,0
2025-04-06,BLT-HX-M10,Hex Bolts M10 x 50mm (50ct),Fasteners,17,0
2025-04-07,BLT-HX-M10,Hex Bolts M10 x 50mm (50ct),Fasteners,12,0
2025-04-08,BLT-HX-M10,Hex Bolts M10 x 50mm (50ct),Fasteners,0,0
2025-04-09,BLT-HX-M10,Hex Bolts M10 x 50mm (50ct),Fasteners,13,0
2025-04-10,BLT-HX-M10,Hex Bolts M10 x 50mm (50ct),Fasteners,10,0
2025-04-11,BLT-HX-M10,Hex Bolts M10 x 50mm (50ct),Fasteners,14,0
2025-04-12,BLT-HX-M10,Hex Bolts M10 x 50mm (50ct),Fasteners,15,0
2025-04-13,BLT-HX-M10,Hex Bolts M10 x 50mm (50ct),Fasteners,12,0
2025-04-14,BLT-HX-M10,Hex Bolts M10 x 50mm (50ct),Fasteners,23,0
2025-04-15,BLT-HX-M10,Hex Bolts M10 x 50mm (50ct),Fasteners,8,0
2025-04-16,BLT-HX-M10,Hex Bolts M10 x 50mm (50ct),Fasteners,10,0
2025-04-17,BLT-HX-M10,Hex Bolts M10 x 50mm (50ct),Fasteners,11,0
2025-04-18,BLT-HX-M10,Hex Bolts M10 x 50mm (50ct),Fasteners,11,0
2025-04-19,BLT-HX-M10,Hex Bolts M10 x 50mm (50ct),Fasteners,14,0
2025-04-20,BLT-HX-M10,Hex Bolts M10 x 50mm (50ct),Fasteners,16,0
2025-04-21,BLT-HX-M10,Hex Bolts M10 x 50mm (50ct),Fasteners,0,0
2025-04-22,BLT-HX-M10,Hex Bolts M10 x 50mm (50ct),Fasteners,11,0
2025-04-23,BLT-HX-M10,Hex Bolts M10 x 50mm (50ct),Fasteners,11,0
2025-04-24,BLT-HX-M10,Hex Bolts M10 x 50mm (50ct),Fasteners,17,0
2025-04-25,BLT-HX-M10,Hex Bolts M10 x 50mm (50ct),Fasteners,9,0
2025-04-26,BLT-HX-M10,Hex Bolts M10 x 50mm (50ct),Fasteners,13,0
2025-04-27,BLT-HX-M10,Hex Bolts M10 x 50mm (50ct),Fasteners,13,0
2025-04-28,BLT-HX-M10,Hex Bolts M10 x 50mm (50ct),Fasteners,11,0
2025-04-29,BLT-HX-M10,Hex Bolts M10 x 50mm (50ct),Fasteners,8,0
2025-04-30,BLT-HX-M10,Hex Bolts M10 x 50mm (50ct),Fasteners,19,0
2025-05-01,BLT-HX-M10,Hex Bolts M10 x 50mm (50ct),Fasteners,13,0
2025-05-02,BLT-HX-M10,Hex Bolts M10 x 50mm (50ct),Fasteners,17,0
2025-05-03,BLT-HX-M10,Hex Bolts M10 x 50mm (50ct),Fasteners,14,0
2025-05-04,BLT-HX-M10,Hex Bolts M10 x 50mm (50ct),Fasteners,11,0
2025-05-05,BLT-HX-M10,Hex Bolts M10 x 50mm (50ct),Fasteners,8,0
2025-05-06,BLT-HX-M10,Hex Bolts M10 x 50mm (50ct),Fasteners,0,0
2025-05-07,BLT-HX-M10,Hex Bolts M10 x 50mm (50ct),Fasteners,0,0
2025-05-08,BLT-HX-M10,Hex Bolts M10 x 50mm (50ct),Fasteners,10,0
2025-05-09,BLT-HX-M10,Hex Bolts M10 x 50mm (50ct),Fasteners,10,0
2025-05-10,BLT-HX-M10,Hex Bolts M10 x 50mm (50ct),Fasteners,23,0
2025-05-11,BLT-HX-M10,Hex Bolts M10 x 50mm (50ct),Fasteners,9,0
2025-05-12,BLT-HX-M10,Hex Bolts M10 x 50mm (50ct),Fasteners,11,0
2025-05-13,BLT-HX-M10,Hex Bolts M10 x 50mm (50ct),Fasteners,4,0
2025-05-14,BLT-HX-M10,Hex Bolts M10 x 50mm (50ct),Fasteners,17,0
2025-05-15,BLT-HX-M10,Hex Bolts M10 x 50mm (50ct),Fasteners,12,0
2025-05-16,BLT-HX-M10,Hex Bolts M10 x 50mm (50ct),Fasteners,0,0
2025-05-17,BLT-HX-M10,Hex Bolts M10 x 50mm (50ct),Fasteners,26,0
2025-05-18,BLT-HX-M10,Hex Bolts M10 x 50mm (50ct),Fasteners,16,0
2025-05-19,BLT-HX-M10,Hex Bolts M10 x 50mm (50ct),Fasteners,11,0
2025-05-20,BLT-HX-M10,Hex Bolts M10 x 50mm (50ct),Fasteners,13,0
2025-05-21,BLT-HX-M10,Hex Bolts M10 x 50mm (50ct),Fasteners,20,1
2025-05-22,BLT-HX-M10,Hex Bolts M10 x 50mm (50ct),Fasteners,17,0
2025-05-23,BLT-HX-M10,Hex Bolts M10 x 50mm (50ct),Fasteners,8,0
2025-05-24,BLT-HX-M10,Hex Bolts M10 x 50mm (50ct),Fasteners,18,0
2025-05-25,BLT-HX-M10,Hex Bolts M10 x 50mm (50ct),Fasteners,13,0
2025-05-26,BLT-HX-M10,Hex Bolts M10 x 50mm (50ct),Fasteners,13,0
2025-05-27,BLT-HX-M10,Hex Bolts M10 x 50mm (50ct),Fasteners,18,1
2025-05-28,BLT-HX-M10,Hex Bolts M10 x 50mm (50ct),Fasteners,13,0
2025-05-29,BLT-HX-M10,Hex Bolts M10 x 50mm (50ct),Fasteners,15,0
2025-05-30,BLT-HX-M10,Hex Bolts M10 x 50mm (50ct),Fasteners,13,0
2025-05-31,BLT-HX-M10,Hex Bolts M10 x 50mm (50ct),Fasteners,20,0
2025-06-01,BLT-HX-M10,Hex Bolts M10 x 50mm (50ct),Fasteners,11,0
2025-06-02,BLT-HX-M10,Hex Bolts M10 x 50mm (50ct),Fasteners,9,0
2025-06-03,BLT-HX-M10,Hex Bolts M10 x 50mm (50ct),Fasteners,16,0
2025-06-04,BLT-HX-M10,Hex Bolts M10 x 50mm (50ct),Fasteners,15,0
2025-06-05,BLT-HX-M10,Hex Bolts M10 x 50mm (50ct),Fasteners,5,0
2025-06-06,BLT-HX-M10,Hex Bolts M10 x 50mm (50ct),Fasteners,18,0
2025-06-07,BLT-HX-M10,Hex Bolts M10 x 50mm (50ct),Fasteners,21,0
2025-06-08,BLT-HX-M10,Hex Bolts M10 x 50mm (50ct),Fasteners,19,0
2025-06-09,BLT-HX-M10,Hex Bolts M10 x 50mm (50ct),Fasteners,16,0
2025-06-10,BLT-HX-M10,Hex Bolts M10 x 50mm (50ct),Fasteners,17,0
2025-06-11,BLT-HX-M10,Hex Bolts M10 x 50mm (50ct),Fasteners,9,0
2025-06-12,BLT-HX-M10,Hex Bolts M10 x 50mm (50ct),Fasteners,7,0
2025-06-13,BLT-HX-M10,Hex Bolts M10 x 50mm (50ct),Fasteners,11,0
2025-06-14,BLT-HX-M10,Hex Bolts M10 x 50mm (50ct),Fasteners,16,0
2025-06-15,BLT-HX-M10,Hex Bolts M10 x 50mm (50ct),Fasteners,19,0
2025-06-16,BLT-HX-M10,Hex Bolts M10 x 50mm (50ct),Fasteners,11,0
2025-06-17,BLT-HX-M10,Hex Bolts M10 x 50mm (50ct),Fasteners,16,0
2025-06-18,BLT-HX-M10,Hex Bolts M10 x 50mm (50ct),Fasteners,10,0
2025-06-19,BLT-HX-M10,Hex Bolts M10 x 50mm (50ct),Fasteners,14,0
2025-06-20,BLT-HX-M10,Hex Bolts M10 x 50mm (50ct),Fasteners,7,0
2025-06-21,BLT-HX-M10,Hex Bolts M10 x 50mm (50ct),Fasteners,20,0
2025-06-22,BLT-HX-M10,Hex Bolts M10 x 50mm (50ct),Fasteners,14,0
2025-06-23,BLT-HX-M10,Hex Bolts M10 x 50mm (50ct),Fasteners,18,0
2025-06-24,BLT-HX-M10,Hex Bolts M10 x 50mm (50ct),Fasteners,10,0
2025-06-25,BLT-HX-M10,Hex Bolts M10 x 50mm (50ct),Fasteners,0,0
2025-06-26,BLT-HX-M10,Hex Bolts M10 x 50mm (50ct),Fasteners,12,0
2025-06-27,BLT-HX-M10,Hex Bolts M10 x 50mm (50ct),Fasteners,12,0
2025-06-28,BLT-HX-M10,Hex Bolts M10 x 50mm (50ct),Fasteners,19,0
2025-06-29,BLT-HX-M10,Hex Bolts M10 x 50mm (50ct),Fasteners,12,0
2025-06-30,BLT-HX-M10,Hex Bolts M10 x 50mm (50ct),Fasteners,19,0
2025-07-01,BLT-HX-M10,Hex Bolts M10 x 50mm (50ct),Fasteners,11,0
2025-07-02,BLT-HX-M10,Hex Bolts M10 x 50mm (50ct),Fasteners,16,0
2025-07-03,BLT-HX-M10,Hex Bolts M10 x 50mm (50ct),Fasteners,13,0
2025-07-04,BLT-HX-M10,Hex Bolts M10 x 50mm (50ct),Fasteners,13,0
2025-07-05,BLT-HX-M10,Hex Bolts M10 x 50mm (50ct),Fasteners,14,0
2025-07-06,BLT-HX-M10,Hex Bolts M10 x 50mm (50ct),Fasteners,14,0
2025-07-07,BLT-HX-M10,Hex Bolts M10 x 50mm (50ct),Fasteners,12,0
2025-07-08,BLT-HX-M10,Hex Bolts M10 x 50mm (50ct),Fasteners,7,0
2025-07-09,BLT-HX-M10,Hex Bolts M10 x 50mm (50ct),Fasteners,14,0
2025-07-10,BLT-HX-M10,Hex Bolts M10 x 50mm (50ct),Fasteners,14,0
2025-07-11,BLT-HX-M10,Hex Bolts M10 x 50mm (50ct),Fasteners,16,0
2025-07-12,BLT-HX-M10,Hex Bolts M10 x 50mm (50ct),Fasteners,9,0
2025-07-13,BLT-HX-M10,Hex Bolts M10 x 50mm (50ct),Fasteners,11,0
2025-07-14,BLT-HX-M10,Hex Bolts M10 x 50mm (50ct),Fasteners,22,0
2025-07-15,BLT-HX-M10,Hex Bolts M10 x 50mm (50ct),Fasteners,16,0
2025-07-16,BLT-HX-M10,Hex Bolts M10 x 50mm (50ct),Fasteners,9,0
2025-07-17,BLT-HX-M10,Hex Bolts M10 x 50mm (50ct),Fasteners,13,0
2025-07-18,BLT-HX-M10,Hex Bolts M10 x 50mm (50ct),Fasteners,8,0
2025-07-19,BLT-HX-M10,Hex Bolts M10 x 50mm (50ct),Fasteners,17,0
2025-07-20,BLT-HX-M10,Hex Bolts M10 x 50mm (50ct),Fasteners,15,0
2025-07-21,BLT-HX-M10,Hex Bolts M10 x 50mm (50ct),Fasteners,7,0
2025-07-22,BLT-HX-M10,Hex Bolts M10 x 50mm (50ct),Fasteners,11,0
2025-07-23,BLT-HX-M10,Hex Bolts M10 x 50mm (50ct),Fasteners,9,0
2025-07-24,BLT-HX-M10,Hex Bolts M10 x 50mm (50ct),Fasteners,11,0
2025-07-25,BLT-HX-M10,Hex Bolts M10 x 50mm (50ct),Fasteners,12,0
2025-07-26,BLT-HX-M10,Hex Bolts M10 x 50mm (50ct),Fasteners,15,0
2025-07-27,BLT-HX-M10,Hex Bolts M10 x 50mm (50ct),Fasteners,14,0
2025-07-28,BLT-HX-M10,Hex Bolts M10 x 50mm (50ct),Fasteners,13,0
2025-07-29,BLT-HX-M10,Hex Bolts M10 x 50mm (50ct),Fasteners,19,0
2025-07-30,BLT-HX-M10,Hex Bolts M10 x 50mm (50ct),Fasteners,12,0
2025-07-31,BLT-HX-M10,Hex Bolts M10 x 50mm (50ct),Fasteners,21,0
2025-08-01,BLT-HX-M10,Hex Bolts M10 x 50mm (50ct),Fasteners,12,0
2025-08-02,BLT-HX-M10,Hex Bolts M10 x 50mm (50ct),Fasteners,14,0
2025-08-03,BLT-HX-M10,Hex Bolts M10 x 50mm (50ct),Fasteners,15,0
2025-08-04,BLT-HX-M10,Hex Bolts M10 x 50mm (50ct),Fasteners,10,0
2025-08-05,BLT-HX-M10,Hex Bolts M10 x 50mm (50ct),Fasteners,13,0
2025-08-06,BLT-HX-M10,Hex Bolts M10 x 50mm (50ct),Fasteners,22,1
2025-08-07,BLT-HX-M10,Hex Bolts M10 x 50mm (50ct),Fasteners,8,0
2025-08-08,BLT-HX-M10,Hex Bolts M10 x 50mm (50ct),Fasteners,5,0
2025-08-09,BLT-HX-M10,Hex Bolts M10 x 50mm (50ct),Fasteners,17,0
2025-08-10,BLT-HX-M10,Hex Bolts M10 x 50mm (50ct),Fasteners,13,0
2025-08-11,BLT-HX-M10,Hex Bolts M10 x 50mm (50ct),Fasteners,9,0
2025-08-12,BLT-HX-M10,Hex Bolts M10 x 50mm (50ct),Fasteners,0,0
2025-08-13,BLT-HX-M10,Hex Bolts M10 x 50mm (50ct),Fasteners,8,0
2025-08-14,BLT-HX-M10,Hex Bolts M10 x 50mm (50ct),Fasteners,0,0
2025-08-15,BLT-HX-M10,Hex Bolts M10 x 50mm (50ct),Fasteners,14,0
2025-08-16,BLT-HX-M10,Hex Bolts M10 x 50mm (50ct),Fasteners,20,0
2025-08-17,BLT-HX-M10,Hex Bolts M10 x 50mm (50ct),Fasteners,20,0
2025-08-18,BLT-HX-M10,Hex Bolts M10 x 50mm (50ct),Fasteners,12,0
2025-08-19,BLT-HX-M10,Hex Bolts M10 x 50mm (50ct),Fasteners,12,0
2025-08-20,BLT-HX-M10,Hex Bolts M10 x 50mm (50ct),Fasteners,11,0
2025-08-21,BLT-HX-M10,Hex Bolts M10 x 50mm (50ct),Fasteners,9,0
2025-08-22,BLT-HX-M10,Hex Bolts M10 x 50mm (50ct),Fasteners,7,0
2025-08-23,BLT-HX-M10,Hex Bolts M10 x 50mm (50ct),Fasteners,27,1
2025-08-24,BLT-HX-M10,Hex Bolts M10 x 50mm (50ct),Fasteners,22,0
2025-08-25,BLT-HX-M10,Hex Bolts M10 x 50mm (50ct),Fasteners,13,0
2025-08-26,BLT-HX-M10,Hex Bolts M10 x 50mm (50ct),Fasteners,14,0
2025-08-27,BLT-HX-M10,Hex Bolts M10 x 50mm (50ct),Fasteners,14,0
2025-08-28,BLT-HX-M10,Hex Bolts M10 x 50mm (50ct),Fasteners,12,0
2025-08-29,BLT-HX-M10,Hex Bolts M10 x 50mm (50ct),Fasteners,0,0
2025-08-30,BLT-HX-M10,Hex Bolts M10 x 50mm (50ct),Fasteners,21,0
2025-08-31,BLT-HX-M10,Hex Bolts M10 x 50mm (50ct),Fasteners,6,0
2025-09-01,BLT-HX-M10,Hex Bolts M10 x 50mm (50ct),Fasteners,0,0
2025-09-02,BLT-HX-M10,Hex Bolts M10 x 50mm (50ct),Fasteners,10,0
2025-09-03,BLT-HX-M10,Hex Bolts M10 x 50mm (50ct),Fasteners,7,0
2025-09-04,BLT-HX-M10,Hex Bolts M10 x 50mm (50ct),Fasteners,21,1
2025-09-05,BLT-HX-M10,Hex Bolts M10 x 50mm (50ct),Fasteners,15,0
2025-09-06,BLT-HX-M10,Hex Bolts M10 x 50mm (50ct),Fasteners,15,0
2025-09-07,BLT-HX-M10,Hex Bolts M10 x 50mm (50ct),Fasteners,7,0
2025-09-08,BLT-HX-M10,Hex Bolts M10 x 50mm (50ct),Fasteners,12,0
2025-09-09,BLT-HX-M10,Hex Bolts M10 x 50mm (50ct),Fasteners,15,0
2025-09-10,BLT-HX-M10,Hex Bolts M10 x 50mm (50ct),Fasteners,18,0
2025-09-11,BLT-HX-M10,Hex Bolts M10 x 50mm (50ct),Fasteners,10,0
2025-09-12,BLT-HX-M10,Hex Bolts M10 x 50mm (50ct),Fasteners,15,0
2025-09-13,BLT-HX-M10,Hex Bolts M10 x 50mm (50ct),Fasteners,21,0
2025-09-14,BLT-HX-M10,Hex Bolts M10 x 50mm (50ct),Fasteners,13,0
2025-09-15,BLT-HX-M10,Hex Bolts M10 x 50mm (50ct),Fasteners,15,0
2025-09-16,BLT-HX-M10,Hex Bolts M10 x 50mm (50ct),Fasteners,6,0
2025-09-17,BLT-HX-M10,Hex Bolts M10 x 50mm (50ct),Fasteners,6,0
2025-09-18,BLT-HX-M10,Hex Bolts M10 x 50mm (50ct),Fasteners,15,0
2025-09-19,BLT-HX-M10,Hex Bolts M10 x 50mm (50ct),Fasteners,13,0
2025-09-20,BLT-HX-M10,Hex Bolts M10 x 50mm (50ct),Fasteners,21,0
2025-09-21,BLT-HX-M10,Hex Bolts M10 x 50mm (50ct),Fasteners,16,0
2025-09-22,BLT-HX-M10,Hex Bolts M10 x 50mm (50ct),Fasteners,14,0
2025-09-23,BLT-HX-M10,Hex Bolts M10 x 50mm (50ct),Fasteners,14,0
2025-09-24,BLT-HX-M10,Hex Bolts M10 x 50mm (50ct),Fasteners,13,0
2025-09-25,BLT-HX-M10,Hex Bolts M10 x 50mm (50ct),Fasteners,0,0
2025-09-26,BLT-HX-M10,Hex Bolts M10 x 50mm (50ct),Fasteners,12,0
2025-09-27,BLT-HX-M10,Hex Bolts M10 x 50mm (50ct),Fasteners,10,0
2025-09-28,BLT-HX-M10,Hex Bolts M10 x 50mm (50ct),Fasteners,17,0
2025-09-29,BLT-HX-M10,Hex Bolts M10 x 50mm (50ct),Fasteners,5,0
2025-09-30,BLT-HX-M10,Hex Bolts M10 x 50mm (50ct),Fasteners,9,0
2025-10-01,BLT-HX-M10,Hex Bolts M10 x 50mm (50ct),Fasteners,11,0
2025-10-02,BLT-HX-M10,Hex Bolts M10 x 50mm (50ct),Fasteners,14,0
2025-10-03,BLT-HX-M10,Hex Bolts M10 x 50mm (50ct),Fasteners,15,0
2025-10-04,BLT-HX-M10,Hex Bolts M10 x 50mm (50ct),Fasteners,20,0
2025-10-05,BLT-HX-M10,Hex Bolts M10 x 50mm (50ct),Fasteners,0,0
2025-10-06,BLT-HX-M10,Hex Bolts M10 x 50mm (50ct),Fasteners,9,0
2025-10-07,BLT-HX-M10,Hex Bolts M10 x 50mm (50ct),Fasteners,9,0
2025-10-08,BLT-HX-M10,Hex Bolts M10 x 50mm (50ct),Fasteners,6,0
2025-10-09,BLT-HX-M10,Hex Bolts M10 x 50mm (50ct),Fasteners,4,0
2025-10-10,BLT-HX-M10,Hex Bolts M10 x 50mm (50ct),Fasteners,10,0
2025-10-11,BLT-HX-M10,Hex Bolts M10 x 50mm (50ct),Fasteners,16,0
2025-10-12,BLT-HX-M10,Hex Bolts M10 x 50mm (50ct),Fasteners,13,0
2025-10-13,BLT-HX-M10,Hex Bolts M10 x 50mm (50ct),Fasteners,15,0
2025-10-14,BLT-HX-M10,Hex Bolts M10 x 50mm (50ct),Fasteners,22,0
2025-10-15,BLT-HX-M10,Hex Bolts M10 x 50mm (50ct),Fasteners,9,0
2025-10-16,BLT-HX-M10,Hex Bolts M10 x 50mm (50ct),Fasteners,10,0
2025-10-17,BLT-HX-M10,Hex Bolts M10 x 50mm (50ct),Fasteners,12,0
2025-10-18,BLT-HX-M10,Hex Bolts M10 x 50mm (50ct),Fasteners,0,0
2025-10-19,BLT-HX-M10,Hex Bolts M10 x 50mm (50ct),Fasteners,14,0
2025-10-20,BLT-HX-M10,Hex Bolts M10 x 50mm (50ct),Fasteners,9,0
2025-10-21,BLT-HX-M10,Hex Bolts M10 x 50mm (50ct),Fasteners,22,0
2025-10-22,BLT-HX-M10,Hex Bolts M10 x 50mm (50ct),Fasteners,10,0
2025-10-23,BLT-HX-M10,Hex Bolts M10 x 50mm (50ct),Fasteners,9,0
2025-10-24,BLT-HX-M10,Hex Bolts M10 x 50mm (50ct),Fasteners,12,0
2025-10-25,BLT-HX-M10,Hex Bolts M10 x 50mm (50ct),Fasteners,25,0
2025-10-26,BLT-HX-M10,Hex Bolts M10 x 50mm (50ct),Fasteners,20,0
2025-10-27,BLT-HX-M10,Hex Bolts M10 x 50mm (50ct),Fasteners,14,0
2025-10-28,BLT-HX-M10,Hex Bolts M10 x 50mm (50ct),Fasteners,16,0
2025-10-29,BLT-HX-M10,Hex Bolts M10 x 50mm (50ct),Fasteners,17,0
2025-10-30,BLT-HX-M10,Hex Bolts M10 x 50mm (50ct),Fasteners,18,0
2025-10-31,BLT-HX-M10,Hex Bolts M10 x 50mm (50ct),Fasteners,15,0
2025-11-01,BLT-HX-M10,Hex Bolts M10 x 50mm (50ct),Fasteners,16,0
2025-11-02,BLT-HX-M10,Hex Bolts M10 x 50mm (50ct),Fasteners,15,0
2025-11-03,BLT-HX-M10,Hex Bolts M10 x 50mm (50ct),Fasteners,10,0
2025-11-04,BLT-HX-M10,Hex Bolts M10 x 50mm (50ct),Fasteners,11,0
2025-11-05,BLT-HX-M10,Hex Bolts M10 x 50mm (50ct),Fasteners,11,0
2025-11-06,BLT-HX-M10,Hex Bolts M10 x 50mm (50ct),Fasteners,14,0
2025-11-07,BLT-HX-M10,Hex Bolts M10 x 50mm (50ct),Fasteners,25,1
2025-11-08,BLT-HX-M10,Hex Bolts M10 x 50mm (50ct),Fasteners,21,0
2025-11-09,BLT-HX-M10,Hex Bolts M10 x 50mm (50ct),Fasteners,0,0
2025-11-10,BLT-HX-M10,Hex Bolts M10 x 50mm (50ct),Fasteners,0,0
2025-11-11,BLT-HX-M10,Hex Bolts M10 x 50mm (50ct),Fasteners,20,0
2025-11-12,BLT-HX-M10,Hex Bolts M10 x 50mm (50ct),Fasteners,13,0
2025-11-13,BLT-HX-M10,Hex Bolts M10 x 50mm (50ct),Fasteners,7,0
2025-11-14,BLT-HX-M10,Hex Bolts M10 x 50mm (50ct),Fasteners,9,0
2025-11-15,BLT-HX-M10,Hex Bolts M10 x 50mm (50ct),Fasteners,17,0
2025-11-16,BLT-HX-M10,Hex Bolts M10 x 50mm (50ct),Fasteners,21,0
2025-11-17,BLT-HX-M10,Hex Bolts M10 x 50mm (50ct),Fasteners,12,0
2025-11-18,BLT-HX-M10,Hex Bolts M10 x 50mm (50ct),Fasteners,13,0
2025-11-19,BLT-HX-M10,Hex Bolts M10 x 50mm (50ct),Fasteners,14,0
2025-11-20,BLT-HX-M10,Hex Bolts M10 x 50mm (50ct),Fasteners,15,0
2025-11-21,BLT-HX-M10,Hex Bolts M10 x 50mm (50ct),Fasteners,0,0
2025-11-22,BLT-HX-M10,Hex Bolts M10 x 50mm (50ct),Fasteners,16,0
2025-11-23,BLT-HX-M10,Hex Bolts M10 x 50mm (50ct),Fasteners,14,0
2025-11-24,BLT-HX-M10,Hex Bolts M10 x 50mm (50ct),Fasteners,10,0
2025-11-25,BLT-HX-M10,Hex Bolts M10 x 50mm (50ct),Fasteners,16,0
2025-11-26,BLT-HX-M10,Hex Bolts M10 x 50mm (50ct),Fasteners,10,0
2025-11-27,BLT-HX-M10,Hex Bolts M10 x 50mm (50ct),Fasteners,17,0
2025-11-28,BLT-HX-M10,Hex Bolts M10 x 50mm (50ct),Fasteners,0,0
2025-11-29,BLT-HX-M10,Hex Bolts M10 x 50mm (50ct),Fasteners,22,0
2025-11-30,BLT-HX-M10,Hex Bolts M10 x 50mm (50ct),Fasteners,14,0
2025-12-01,BLT-HX-M10,Hex Bolts M10 x 50mm (50ct),Fasteners,10,0
2025-12-02,BLT-HX-M10,Hex Bolts M10 x 50mm (50ct),Fasteners,9,0
2025-12-03,BLT-HX-M10,Hex Bolts M10 x 50mm (50ct),Fasteners,7,0
2025-12-04,BLT-HX-M10,Hex Bolts M10 x 50mm (50ct),Fasteners,8,0
2025-12-05,BLT-HX-M10,Hex Bolts M10 x 50mm (50ct),Fasteners,8,0
2025-12-06,BLT-HX-M10,Hex Bolts M10 x 50mm (50ct),Fasteners,16,0
2025-12-07,BLT-HX-M10,Hex Bolts M10 x 50mm (50ct),Fasteners,18,0
2025-12-08,BLT-HX-M10,Hex Bolts M10 x 50mm (50ct),Fasteners,13,0
2025-12-09,BLT-HX-M10,Hex Bolts M10 x 50mm (50ct),Fasteners,9,0
2025-12-10,BLT-HX-M10,Hex Bolts M10 x 50mm (50ct),Fasteners,23,1
2025-12-11,BLT-HX-M10,Hex Bolts M10 x 50mm (50ct),Fasteners,13,0
2025-12-12,BLT-HX-M10,Hex Bolts M10 x 50mm (50ct),Fasteners,19,0
2025-12-13,BLT-HX-M10,Hex Bolts M10 x 50mm (50ct),Fasteners,0,0
2025-12-14,BLT-HX-M10,Hex Bolts M10 x 50mm (50ct),Fasteners,15,0
2025-12-15,BLT-HX-M10,Hex Bolts M10 x 50mm (50ct),Fasteners,12,0
2025-12-16,BLT-HX-M10,Hex Bolts M10 x 50mm (50ct),Fasteners,15,0
2025-12-17,BLT-HX-M10,Hex Bolts M10 x 50mm (50ct),Fasteners,4,0
2025-12-18,BLT-HX-M10,Hex Bolts M10 x 50mm (50ct),Fasteners,14,0
2025-12-19,BLT-HX-M10,Hex Bolts M10 x 50mm (50ct),Fasteners,0,0
2025-12-20,BLT-HX-M10,Hex Bolts M10 x 50mm (50ct),Fasteners,15,0
2025-12-21,BLT-HX-M10,Hex Bolts M10 x 50mm (50ct),Fasteners,17,0
2025-12-22,BLT-HX-M10,Hex Bolts M10 x 50mm (50ct),Fasteners,8,0
2025-12-23,BLT-HX-M10,Hex Bolts M10 x 50mm (50ct),Fasteners,9,0
2025-12-24,BLT-HX-M10,Hex Bolts M10 x 50mm (50ct),Fasteners,22,0
2025-12-25,BLT-HX-M10,Hex Bolts M10 x 50mm (50ct),Fasteners,12,0
2025-12-26,BLT-HX-M10,Hex Bolts M10 x 50mm (50ct),Fasteners,12,0
2025-12-27,BLT-HX-M10,Hex Bolts M10 x 50mm (50ct),Fasteners,15,0
2025-12-28,BLT-HX-M10,Hex Bolts M10 x 50mm (50ct),Fasteners,18,0
2025-12-29,BLT-HX-M10,Hex Bolts M10 x 50mm (50ct),Fasteners,16,0
2025-12-30,BLT-HX-M10,Hex Bolts M10 x 50mm (50ct),Fasteners,13,0
2025-12-31,BLT-HX-M10,Hex Bolts M10 x 50mm (50ct),Fasteners,16,0
2026-01-01,BLT-HX-M10,Hex Bolts M10 x 50mm (50ct),Fasteners,10,0
2026-01-02,BLT-HX-M10,Hex Bolts M10 x 50mm (50ct),Fasteners,8,0
2026-01-03,BLT-HX-M10,Hex Bolts M10 x 50mm (50ct),Fasteners,9,0
2026-01-04,BLT-HX-M10,Hex Bolts M10 x 50mm (50ct),Fasteners,14,0
2026-01-05,BLT-HX-M10,Hex Bolts M10 x 50mm (50ct),Fasteners,15,0
2026-01-06,BLT-HX-M10,Hex Bolts M10 x 50mm (50ct),Fasteners,18,0
2026-01-07,BLT-HX-M10,Hex Bolts M10 x 50mm (50ct),Fasteners,0,0
2026-01-08,BLT-HX-M10,Hex Bolts M10 x 50mm (50ct),Fasteners,17,0
2026-01-09,BLT-HX-M10,Hex Bolts M10 x 50mm (50ct),Fasteners,15,0
2026-01-10,BLT-HX-M10,Hex Bolts M10 x 50mm (50ct),Fasteners,19,0
2026-01-11,BLT-HX-M10,Hex Bolts M10 x 50mm (50ct),Fasteners,12,0
2026-01-12,BLT-HX-M10,Hex Bolts M10 x 50mm (50ct),Fasteners,17,0
2026-01-13,BLT-HX-M10,Hex Bolts M10 x 50mm (50ct),Fasteners,13,0
2026-01-14,BLT-HX-M10,Hex Bolts M10 x 50mm (50ct),Fasteners,15,0
2026-01-15,BLT-HX-M10,Hex Bolts M10 x 50mm (50ct),Fasteners,13,0
2026-01-16,BLT-HX-M10,Hex Bolts M10 x 50mm (50ct),Fasteners,8,0
2026-01-17,BLT-HX-M10,Hex Bolts M10 x 50mm (50ct),Fasteners,18,0
2026-01-18,BLT-HX-M10,Hex Bolts M10 x 50mm (50ct),Fasteners,18,0
2026-01-19,BLT-HX-M10,Hex Bolts M10 x 50mm (50ct),Fasteners,9,0
2026-01-20,BLT-HX-M10,Hex Bolts M10 x 50mm (50ct),Fasteners,9,0
2026-01-21,BLT-HX-M10,Hex Bolts M10 x 50mm (50ct),Fasteners,11,0
2026-01-22,BLT-HX-M10,Hex Bolts M10 x 50mm (50ct),Fasteners,25,0
2026-01-23,BLT-HX-M10,Hex Bolts M10 x 50mm (50ct),Fasteners,11,0
2026-01-24,BLT-HX-M10,Hex Bolts M10 x 50mm (50ct),Fasteners,21,0
2026-01-25,BLT-HX-M10,Hex Bolts M10 x 50mm (50ct),Fasteners,20,0
2026-01-26,BLT-HX-M10,Hex Bolts M10 x 50mm (50ct),Fasteners,10,0
2026-01-27,BLT-HX-M10,Hex Bolts M10 x 50mm (50ct),Fasteners,12,0
2026-01-28,BLT-HX-M10,Hex Bolts M10 x 50mm (50ct),Fasteners,18,0
2026-01-29,BLT-HX-M10,Hex Bolts M10 x 50mm (50ct),Fasteners,0,0
2026-01-30,BLT-HX-M10,Hex Bolts M10 x 50mm (50ct),Fasteners,12,0
2026-01-31,BLT-HX-M10,Hex Bolts M10 x 50mm (50ct),Fasteners,19,0
2026-02-01,BLT-HX-M10,Hex Bolts M10 x 50mm (50ct),Fasteners,14,0
2026-02-02,BLT-HX-M10,Hex Bolts M10 x 50mm (50ct),Fasteners,14,0
2026-02-03,BLT-HX-M10,Hex Bolts M10 x 50mm (50ct),Fasteners,9,0
2026-02-04,BLT-HX-M10,Hex Bolts M10 x 50mm (50ct),Fasteners,17,0
2026-02-05,BLT-HX-M10,Hex Bolts M10 x 50mm (50ct),Fasteners,0,0
2026-02-06,BLT-HX-M10,Hex Bolts M10 x 50mm (50ct),Fasteners,13,0
2026-02-07,BLT-HX-M10,Hex Bolts M10 x 50mm (50ct),Fasteners,14,0
2026-02-08,BLT-HX-M10,Hex Bolts M10 x 50mm (50ct),Fasteners,15,0
2026-02-09,BLT-HX-M10,Hex Bolts M10 x 50mm (50ct),Fasteners,14,0
2026-02-10,BLT-HX-M10,Hex Bolts M10 x 50mm (50ct),Fasteners,13,0
2026-02-11,BLT-HX-M10,Hex Bolts M10 x 50mm (50ct),Fasteners,10,0
2026-02-12,BLT-HX-M10,Hex Bolts M10 x 50mm (50ct),Fasteners,8,0
2026-02-13,BLT-HX-M10,Hex Bolts M10 x 50mm (50ct),Fasteners,0,0
2026-02-14,BLT-HX-M10,Hex Bolts M10 x 50mm (50ct),Fasteners,18,0
2026-02-15,BLT-HX-M10,Hex Bolts M10 x 50mm (50ct),Fasteners,14,0
2026-02-16,BLT-HX-M10,Hex Bolts M10 x 50mm (50ct),Fasteners,18,0
2026-02-17,BLT-HX-M10,Hex Bolts M10 x 50mm (50ct),Fasteners,13,0
2026-02-18,BLT-HX-M10,Hex Bolts M10 x 50mm (50ct),Fasteners,15,0
2026-02-19,BLT-HX-M10,Hex Bolts M10 x 50mm (50ct),Fasteners,16,0
2026-02-20,BLT-HX-M10,Hex Bolts M10 x 50mm (50ct),Fasteners,14,0
2026-02-21,BLT-HX-M10,Hex Bolts M10 x 50mm (50ct),Fasteners,20,0
2026-02-22,BLT-HX-M10,Hex Bolts M10 x 50mm (50ct),Fasteners,12,0
2026-02-23,BLT-HX-M10,Hex Bolts M10 x 50mm (50ct),Fasteners,17,0
2026-02-24,BLT-HX-M10,Hex Bolts M10 x 50mm (50ct),Fasteners,11,0
2026-02-25,BLT-HX-M10,Hex Bolts M10 x 50mm (50ct),Fasteners,11,0
2026-02-26,BLT-HX-M10,Hex Bolts M10 x 50mm (50ct),Fasteners,14,0
2026-02-27,BLT-HX-M10,Hex Bolts M10 x 50mm (50ct),Fasteners,10,0
2026-02-28,BLT-HX-M10,Hex Bolts M10 x 50mm (50ct),Fasteners,15,0
2026-03-01,BLT-HX-M10,Hex Bolts M10 x 50mm (50ct),Fasteners,18,0
2026-03-02,BLT-HX-M10,Hex Bolts M10 x 50mm (50ct),Fasteners,18,0
2026-03-03,BLT-HX-M10,Hex Bolts M10 x 50mm (50ct),Fasteners,13,0
2026-03-04,BLT-HX-M10,Hex Bolts M10 x 50mm (50ct),Fasteners,12,0
2026-03-05,BLT-HX-M10,Hex Bolts M10 x 50mm (50ct),Fasteners,12,0
2026-03-06,BLT-HX-M10,Hex Bolts M10 x 50mm (50ct),Fasteners,11,0
2026-03-07,BLT-HX-M10,Hex Bolts M10 x 50mm (50ct),Fasteners,20,0
2026-03-08,BLT-HX-M10,Hex Bolts M10 x 50mm (50ct),Fasteners,5,0
2026-03-09,BLT-HX-M10,Hex Bolts M10 x 50mm (50ct),Fasteners,13,0
2026-03-10,BLT-HX-M10,Hex Bolts M10 x 50mm (50ct),Fasteners,0,0
2026-03-11,BLT-HX-M10,Hex Bolts M10 x 50mm (50ct),Fasteners,0,0
2026-03-12,BLT-HX-M10,Hex Bolts M10 x 50mm (50ct),Fasteners,8,0
2026-03-13,BLT-HX-M10,Hex Bolts M10 x 50mm (50ct),Fasteners,7,0
2026-03-14,BLT-HX-M10,Hex Bolts M10 x 50mm (50ct),Fasteners,11,0
2026-03-15,BLT-HX-M10,Hex Bolts M10 x 50mm (50ct),Fasteners,16,0
2026-03-16,BLT-HX-M10,Hex Bolts M10 x 50mm (50ct),Fasteners,8,0
2026-03-17,BLT-HX-M10,Hex Bolts M10 x 50mm (50ct),Fasteners,16,0
2026-03-18,BLT-HX-M10,Hex Bolts M10 x 50mm (50ct),Fasteners,22,0
2026-03-19,BLT-HX-M10,Hex Bolts M10 x 50mm (50ct),Fasteners,12,0
2026-03-20,BLT-HX-M10,Hex Bolts M10 x 50mm (50ct),Fasteners,14,0
2026-03-21,BLT-HX-M10,Hex Bolts M10 x 50mm (50ct),Fasteners,17,0
2026-03-22,BLT-HX-M10,Hex Bolts M10 x 50mm (50ct),Fasteners,15,0
2026-03-23,BLT-HX-M10,Hex Bolts M10 x 50mm (50ct),Fasteners,11,0
2026-03-24,BLT-HX-M10,Hex Bolts M10 x 50mm (50ct),Fasteners,15,0
2026-03-25,BLT-HX-M10,Hex Bolts M10 x 50mm (50ct),Fasteners,10,0
2026-03-26,BLT-HX-M10,Hex Bolts M10 x 50mm (50ct),Fasteners,16,0
2026-03-27,BLT-HX-M10,Hex Bolts M10 x 50mm (50ct),Fasteners,8,0
2026-03-28,BLT-HX-M10,Hex Bolts M10 x 50mm (50ct),Fasteners,10,0
2026-03-29,BLT-HX-M10,Hex Bolts M10 x 50mm (50ct),Fasteners,11,0
2026-03-30,BLT-HX-M10,Hex Bolts M10 x 50mm (50ct),Fasteners,13,0
2026-03-31,BLT-HX-M10,Hex Bolts M10 x 50mm (50ct),Fasteners,16,0
2026-04-01,BLT-HX-M10,Hex Bolts M10 x 50mm (50ct),Fasteners,15,0
2026-04-02,BLT-HX-M10,Hex Bolts M10 x 50mm (50ct),Fasteners,12,0
2026-04-03,BLT-HX-M10,Hex Bolts M10 x 50mm (50ct),Fasteners,14,0
2026-04-04,BLT-HX-M10,Hex Bolts M10 x 50mm (50ct),Fasteners,20,0
2026-04-05,BLT-HX-M10,Hex Bolts M10 x 50mm (50ct),Fasteners,12,0
2026-04-06,BLT-HX-M10,Hex Bolts M10 x 50mm (50ct),Fasteners,16,0
2026-04-07,BLT-HX-M10,Hex Bolts M10 x 50mm (50ct),Fasteners,22,0
2026-04-08,BLT-HX-M10,Hex Bolts M10 x 50mm (50ct),Fasteners,7,0
2026-04-09,BLT-HX-M10,Hex Bolts M10 x 50mm (50ct),Fasteners,16,0
2026-04-10,BLT-HX-M10,Hex Bolts M10 x 50mm (50ct),Fasteners,17,0
2026-04-11,BLT-HX-M10,Hex Bolts M10 x 50mm (50ct),Fasteners,17,0
2026-04-12,BLT-HX-M10,Hex Bolts M10 x 50mm (50ct),Fasteners,18,0
2026-04-13,BLT-HX-M10,Hex Bolts M10 x 50mm (50ct),Fasteners,13,0
2026-04-14,BLT-HX-M10,Hex Bolts M10 x 50mm (50ct),Fasteners,18,0
2026-04-15,BLT-HX-M10,Hex Bolts M10 x 50mm (50ct),Fasteners,8,0
2026-04-16,BLT-HX-M10,Hex Bolts M10 x 50mm (50ct),Fasteners,10,0
2026-04-17,BLT-HX-M10,Hex Bolts M10 x 50mm (50ct),Fasteners,16,0
2026-04-18,BLT-HX-M10,Hex Bolts M10 x 50mm (50ct),Fasteners,17,0
2026-04-19,BLT-HX-M10,Hex Bolts M10 x 50mm (50ct),Fasteners,18,0
2026-04-20,BLT-HX-M10,Hex Bolts M10 x 50mm (50ct),Fasteners,11,0
2026-04-21,BLT-HX-M10,Hex Bolts M10 x 50mm (50ct),Fasteners,14,0
2026-04-22,BLT-HX-M10,Hex Bolts M10 x 50mm (50ct),Fasteners,0,0
2026-04-23,BLT-HX-M10,Hex Bolts M10 x 50mm (50ct),Fasteners,9,0
2026-04-24,BLT-HX-M10,Hex Bolts M10 x 50mm (50ct),Fasteners,16,0
2026-04-25,BLT-HX-M10,Hex Bolts M10 x 50mm (50ct),Fasteners,10,0
2026-04-26,BLT-HX-M10,Hex Bolts M10 x 50mm (50ct),Fasteners,18,0
2026-04-27,BLT-HX-M10,Hex Bolts M10 x 50mm (50ct),Fasteners,13,0
2026-04-28,BLT-HX-M10,Hex Bolts M10 x 50mm (50ct),Fasteners,9,0
2026-04-29,BLT-HX-M10,Hex Bolts M10 x 50mm (50ct),Fasteners,11,0
2026-04-30,BLT-HX-M10,Hex Bolts M10 x 50mm (50ct),Fasteners,12,0
2026-05-01,BLT-HX-M10,Hex Bolts M10 x 50mm (50ct),Fasteners,15,0
2026-05-02,BLT-HX-M10,Hex Bolts M10 x 50mm (50ct),Fasteners,19,0
2026-05-03,BLT-HX-M10,Hex Bolts M10 x 50mm (50ct),Fasteners,9,0
2026-05-04,BLT-HX-M10,Hex Bolts M10 x 50mm (50ct),Fasteners,14,0
2026-05-05,BLT-HX-M10,Hex Bolts M10 x 50mm (50ct),Fasteners,19,0
2026-05-06,BLT-HX-M10,Hex Bolts M10 x 50mm (50ct),Fasteners,9,0
2026-05-07,BLT-HX-M10,Hex Bolts M10 x 50mm (50ct),Fasteners,23,0
2026-05-08,BLT-HX-M10,Hex Bolts M10 x 50mm (50ct),Fasteners,15,0
2026-05-09,BLT-HX-M10,Hex Bolts M10 x 50mm (50ct),Fasteners,21,0
2026-05-10,BLT-HX-M10,Hex Bolts M10 x 50mm (50ct),Fasteners,21,0
2026-05-11,BLT-HX-M10,Hex Bolts M10 x 50mm (50ct),Fasteners,10,0
2026-05-12,BLT-HX-M10,Hex Bolts M10 x 50mm (50ct),Fasteners,16,0
2026-05-13,BLT-HX-M10,Hex Bolts M10 x 50mm (50ct),Fasteners,9,0
2026-05-14,BLT-HX-M10,Hex Bolts M10 x 50mm (50ct),Fasteners,12,0
2026-05-15,BLT-HX-M10,Hex Bolts M10 x 50mm (50ct),Fasteners,9,0
2024-11-22,DRL-CL-18V,Cordless Drill 18V,Power Tools,0,0
2024-11-23,DRL-CL-18V,Cordless Drill 18V,Power Tools,0,0
2024-11-24,DRL-CL-18V,Cordless Drill 18V,Power Tools,0,0
2024-11-25,DRL-CL-18V,Cordless Drill 18V,Power Tools,0,0
2024-11-26,DRL-CL-18V,Cordless Drill 18V,Power Tools,0,0
2024-11-27,DRL-CL-18V,Cordless Drill 18V,Power Tools,1,0
2024-11-28,DRL-CL-18V,Cordless Drill 18V,Power Tools,1,0
2024-11-29,DRL-CL-18V,Cordless Drill 18V,Power Tools,1,0
2024-11-30,DRL-CL-18V,Cordless Drill 18V,Power Tools,0,0
2024-12-01,DRL-CL-18V,Cordless Drill 18V,Power Tools,2,0
2024-12-02,DRL-CL-18V,Cordless Drill 18V,Power Tools,0,0
2024-12-03,DRL-CL-18V,Cordless Drill 18V,Power Tools,1,0
2024-12-04,DRL-CL-18V,Cordless Drill 18V,Power Tools,0,0
2024-12-05,DRL-CL-18V,Cordless Drill 18V,Power Tools,1,1
2024-12-06,DRL-CL-18V,Cordless Drill 18V,Power Tools,0,0
2024-12-07,DRL-CL-18V,Cordless Drill 18V,Power Tools,0,0
2024-12-08,DRL-CL-18V,Cordless Drill 18V,Power Tools,0,1
2024-12-09,DRL-CL-18V,Cordless Drill 18V,Power Tools,0,0
2024-12-10,DRL-CL-18V,Cordless Drill 18V,Power Tools,1,0
2024-12-11,DRL-CL-18V,Cordless Drill 18V,Power Tools,0,0
2024-12-12,DRL-CL-18V,Cordless Drill 18V,Power Tools,4,1
2024-12-13,DRL-CL-18V,Cordless Drill 18V,Power Tools,0,0
2024-12-14,DRL-CL-18V,Cordless Drill 18V,Power Tools,0,0
2024-12-15,DRL-CL-18V,Cordless Drill 18V,Power Tools,0,0
2024-12-16,DRL-CL-18V,Cordless Drill 18V,Power Tools,0,0
2024-12-17,DRL-CL-18V,Cordless Drill 18V,Power Tools,1,0
2024-12-18,DRL-CL-18V,Cordless Drill 18V,Power Tools,1,0
2024-12-19,DRL-CL-18V,Cordless Drill 18V,Power Tools,2,0
2024-12-20,DRL-CL-18V,Cordless Drill 18V,Power Tools,0,0
2024-12-21,DRL-CL-18V,Cordless Drill 18V,Power Tools,0,0
2024-12-22,DRL-CL-18V,Cordless Drill 18V,Power Tools,0,0
2024-12-23,DRL-CL-18V,Cordless Drill 18V,Power Tools,0,0
2024-12-24,DRL-CL-18V,Cordless Drill 18V,Power Tools,0,0
2024-12-25,DRL-CL-18V,Cordless Drill 18V,Power Tools,3,0
2024-12-26,DRL-CL-18V,Cordless Drill 18V,Power Tools,1,0
2024-12-27,DRL-CL-18V,Cordless Drill 18V,Power Tools,0,0
2024-12-28,DRL-CL-18V,Cordless Drill 18V,Power Tools,1,0
2024-12-29,DRL-CL-18V,Cordless Drill 18V,Power Tools,1,0
2024-12-30,DRL-CL-18V,Cordless Drill 18V,Power Tools,2,0
2024-12-31,DRL-CL-18V,Cordless Drill 18V,Power Tools,0,0
2025-01-01,DRL-CL-18V,Cordless Drill 18V,Power Tools,0,0
2025-01-02,DRL-CL-18V,Cordless Drill 18V,Power Tools,0,0
2025-01-03,DRL-CL-18V,Cordless Drill 18V,Power Tools,0,1
2025-01-04,DRL-CL-18V,Cordless Drill 18V,Power Tools,0,0
2025-01-05,DRL-CL-18V,Cordless Drill 18V,Power Tools,0,0
2025-01-06,DRL-CL-18V,Cordless Drill 18V,Power Tools,0,0
2025-01-07,DRL-CL-18V,Cordless Drill 18V,Power Tools,0,0
2025-01-08,DRL-CL-18V,Cordless Drill 18V,Power Tools,0,0
2025-01-09,DRL-CL-18V,Cordless Drill 18V,Power Tools,0,0
2025-01-10,DRL-CL-18V,Cordless Drill 18V,Power Tools,1,0
2025-01-11,DRL-CL-18V,Cordless Drill 18V,Power Tools,2,0
2025-01-12,DRL-CL-18V,Cordless Drill 18V,Power Tools,0,0
2025-01-13,DRL-CL-18V,Cordless Drill 18V,Power Tools,0,0
2025-01-14,DRL-CL-18V,Cordless Drill 18V,Power Tools,0,0
2025-01-15,DRL-CL-18V,Cordless Drill 18V,Power Tools,0,0
2025-01-16,DRL-CL-18V,Cordless Drill 18V,Power Tools,0,0
2025-01-17,DRL-CL-18V,Cordless Drill 18V,Power Tools,0,0
2025-01-18,DRL-CL-18V,Cordless Drill 18V,Power Tools,0,0
2025-01-19,DRL-CL-18V,Cordless Drill 18V,Power Tools,0,0
2025-01-20,DRL-CL-18V,Cordless Drill 18V,Power Tools,0,0
2025-01-21,DRL-CL-18V,Cordless Drill 18V,Power Tools,0,0
2025-01-22,DRL-CL-18V,Cordless Drill 18V,Power Tools,2,0
2025-01-23,DRL-CL-18V,Cordless Drill 18V,Power Tools,0,0
2025-01-24,DRL-CL-18V,Cordless Drill 18V,Power Tools,0,0
2025-01-25,DRL-CL-18V,Cordless Drill 18V,Power Tools,2,0
2025-01-26,DRL-CL-18V,Cordless Drill 18V,Power Tools,2,0
2025-01-27,DRL-CL-18V,Cordless Drill 18V,Power Tools,0,0
2025-01-28,DRL-CL-18V,Cordless Drill 18V,Power Tools,1,0
2025-01-29,DRL-CL-18V,Cordless Drill 18V,Power Tools,0,0
2025-01-30,DRL-CL-18V,Cordless Drill 18V,Power Tools,0,0
2025-01-31,DRL-CL-18V,Cordless Drill 18V,Power Tools,0,0
2025-02-01,DRL-CL-18V,Cordless Drill 18V,Power Tools,2,0
2025-02-02,DRL-CL-18V,Cordless Drill 18V,Power Tools,1,0
2025-02-03,DRL-CL-18V,Cordless Drill 18V,Power Tools,0,0
2025-02-04,DRL-CL-18V,Cordless Drill 18V,Power Tools,0,0
2025-02-05,DRL-CL-18V,Cordless Drill 18V,Power Tools,0,0
2025-02-06,DRL-CL-18V,Cordless Drill 18V,Power Tools,0,0
2025-02-07,DRL-CL-18V,Cordless Drill 18V,Power Tools,0,0
2025-02-08,DRL-CL-18V,Cordless Drill 18V,Power Tools,1,0
2025-02-09,DRL-CL-18V,Cordless Drill 18V,Power Tools,0,0
2025-02-10,DRL-CL-18V,Cordless Drill 18V,Power Tools,2,0
2025-02-11,DRL-CL-18V,Cordless Drill 18V,Power Tools,2,0
2025-02-12,DRL-CL-18V,Cordless Drill 18V,Power Tools,0,0
2025-02-13,DRL-CL-18V,Cordless Drill 18V,Power Tools,1,0
2025-02-14,DRL-CL-18V,Cordless Drill 18V,Power Tools,0,0
2025-02-15,DRL-CL-18V,Cordless Drill 18V,Power Tools,2,0
2025-02-16,DRL-CL-18V,Cordless Drill 18V,Power Tools,0,0
2025-02-17,DRL-CL-18V,Cordless Drill 18V,Power Tools,3,0
2025-02-18,DRL-CL-18V,Cordless Drill 18V,Power Tools,0,0
2025-02-19,DRL-CL-18V,Cordless Drill 18V,Power Tools,0,0
2025-02-20,DRL-CL-18V,Cordless Drill 18V,Power Tools,0,0
2025-02-21,DRL-CL-18V,Cordless Drill 18V,Power Tools,0,0
2025-02-22,DRL-CL-18V,Cordless Drill 18V,Power Tools,0,0
2025-02-23,DRL-CL-18V,Cordless Drill 18V,Power Tools,0,0
2025-02-24,DRL-CL-18V,Cordless Drill 18V,Power Tools,0,0
2025-02-25,DRL-CL-18V,Cordless Drill 18V,Power Tools,0,0
2025-02-26,DRL-CL-18V,Cordless Drill 18V,Power Tools,0,0
2025-02-27,DRL-CL-18V,Cordless Drill 18V,Power Tools,1,0
2025-02-28,DRL-CL-18V,Cordless Drill 18V,Power Tools,1,0
2025-03-01,DRL-CL-18V,Cordless Drill 18V,Power Tools,0,0
2025-03-02,DRL-CL-18V,Cordless Drill 18V,Power Tools,0,0
2025-03-03,DRL-CL-18V,Cordless Drill 18V,Power Tools,0,0
2025-03-04,DRL-CL-18V,Cordless Drill 18V,Power Tools,0,0
2025-03-05,DRL-CL-18V,Cordless Drill 18V,Power Tools,0,0
2025-03-06,DRL-CL-18V,Cordless Drill 18V,Power Tools,0,0
2025-03-07,DRL-CL-18V,Cordless Drill 18V,Power Tools,0,0
2025-03-08,DRL-CL-18V,Cordless Drill 18V,Power Tools,0,0
2025-03-09,DRL-CL-18V,Cordless Drill 18V,Power Tools,0,0
2025-03-10,DRL-CL-18V,Cordless Drill 18V,Power Tools,1,0
2025-03-11,DRL-CL-18V,Cordless Drill 18V,Power Tools,1,0
2025-03-12,DRL-CL-18V,Cordless Drill 18V,Power Tools,1,0
2025-03-13,DRL-CL-18V,Cordless Drill 18V,Power Tools,0,0
2025-03-14,DRL-CL-18V,Cordless Drill 18V,Power Tools,0,0
2025-03-15,DRL-CL-18V,Cordless Drill 18V,Power Tools,0,0
2025-03-16,DRL-CL-18V,Cordless Drill 18V,Power Tools,0,0
2025-03-17,DRL-CL-18V,Cordless Drill 18V,Power Tools,0,0
2025-03-18,DRL-CL-18V,Cordless Drill 18V,Power Tools,0,0
2025-03-19,DRL-CL-18V,Cordless Drill 18V,Power Tools,0,0
2025-03-20,DRL-CL-18V,Cordless Drill 18V,Power Tools,3,0
2025-03-21,DRL-CL-18V,Cordless Drill 18V,Power Tools,0,0
2025-03-22,DRL-CL-18V,Cordless Drill 18V,Power Tools,2,0
2025-03-23,DRL-CL-18V,Cordless Drill 18V,Power Tools,3,1
2025-03-24,DRL-CL-18V,Cordless Drill 18V,Power Tools,1,0
2025-03-25,DRL-CL-18V,Cordless Drill 18V,Power Tools,0,0
2025-03-26,DRL-CL-18V,Cordless Drill 18V,Power Tools,0,0
2025-03-27,DRL-CL-18V,Cordless Drill 18V,Power Tools,0,0
2025-03-28,DRL-CL-18V,Cordless Drill 18V,Power Tools,0,0
2025-03-29,DRL-CL-18V,Cordless Drill 18V,Power Tools,0,0
2025-03-30,DRL-CL-18V,Cordless Drill 18V,Power Tools,0,0
2025-03-31,DRL-CL-18V,Cordless Drill 18V,Power Tools,0,0
2025-04-01,DRL-CL-18V,Cordless Drill 18V,Power Tools,0,0
2025-04-02,DRL-CL-18V,Cordless Drill 18V,Power Tools,0,0
2025-04-03,DRL-CL-18V,Cordless Drill 18V,Power Tools,0,0
2025-04-04,DRL-CL-18V,Cordless Drill 18V,Power Tools,0,0
2025-04-05,DRL-CL-18V,Cordless Drill 18V,Power Tools,1,0
2025-04-06,DRL-CL-18V,Cordless Drill 18V,Power Tools,1,0
2025-04-07,DRL-CL-18V,Cordless Drill 18V,Power Tools,0,0
2025-04-08,DRL-CL-18V,Cordless Drill 18V,Power Tools,0,0
2025-04-09,DRL-CL-18V,Cordless Drill 18V,Power Tools,3,0
2025-04-10,DRL-CL-18V,Cordless Drill 18V,Power Tools,1,0
2025-04-11,DRL-CL-18V,Cordless Drill 18V,Power Tools,0,0
2025-04-12,DRL-CL-18V,Cordless Drill 18V,Power Tools,2,0
2025-04-13,DRL-CL-18V,Cordless Drill 18V,Power Tools,0,0
2025-04-14,DRL-CL-18V,Cordless Drill 18V,Power Tools,1,0
2025-04-15,DRL-CL-18V,Cordless Drill 18V,Power Tools,0,0
2025-04-16,DRL-CL-18V,Cordless Drill 18V,Power Tools,0,0
2025-04-17,DRL-CL-18V,Cordless Drill 18V,Power Tools,2,0
2025-04-18,DRL-CL-18V,Cordless Drill 18V,Power Tools,0,0
2025-04-19,DRL-CL-18V,Cordless Drill 18V,Power Tools,0,0
2025-04-20,DRL-CL-18V,Cordless Drill 18V,Power Tools,0,0
2025-04-21,DRL-CL-18V,Cordless Drill 18V,Power Tools,0,0
2025-04-22,DRL-CL-18V,Cordless Drill 18V,Power Tools,0,0
2025-04-23,DRL-CL-18V,Cordless Drill 18V,Power Tools,1,0
2025-04-24,DRL-CL-18V,Cordless Drill 18V,Power Tools,0,0
2025-04-25,DRL-CL-18V,Cordless Drill 18V,Power Tools,0,0
2025-04-26,DRL-CL-18V,Cordless Drill 18V,Power Tools,1,0
2025-04-27,DRL-CL-18V,Cordless Drill 18V,Power Tools,0,0
2025-04-28,DRL-CL-18V,Cordless Drill 18V,Power Tools,0,0
2025-04-29,DRL-CL-18V,Cordless Drill 18V,Power Tools,0,0
2025-04-30,DRL-CL-18V,Cordless Drill 18V,Power Tools,0,0
2025-05-01,DRL-CL-18V,Cordless Drill 18V,Power Tools,0,0
2025-05-02,DRL-CL-18V,Cordless Drill 18V,Power Tools,0,0
2025-05-03,DRL-CL-18V,Cordless Drill 18V,Power Tools,2,0
2025-05-04,DRL-CL-18V,Cordless Drill 18V,Power Tools,0,0
2025-05-05,DRL-CL-18V,Cordless Drill 18V,Power Tools,0,0
2025-05-06,DRL-CL-18V,Cordless Drill 18V,Power Tools,0,0
2025-05-07,DRL-CL-18V,Cordless Drill 18V,Power Tools,1,0
2025-05-08,DRL-CL-18V,Cordless Drill 18V,Power Tools,1,0
2025-05-09,DRL-CL-18V,Cordless Drill 18V,Power Tools,0,0
2025-05-10,DRL-CL-18V,Cordless Drill 18V,Power Tools,2,0
2025-05-11,DRL-CL-18V,Cordless Drill 18V,Power Tools,0,0
2025-05-12,DRL-CL-18V,Cordless Drill 18V,Power Tools,0,0
2025-05-13,DRL-CL-18V,Cordless Drill 18V,Power Tools,1,1
2025-05-14,DRL-CL-18V,Cordless Drill 18V,Power Tools,0,0
2025-05-15,DRL-CL-18V,Cordless Drill 18V,Power Tools,0,0
2025-05-16,DRL-CL-18V,Cordless Drill 18V,Power Tools,0,0
2025-05-17,DRL-CL-18V,Cordless Drill 18V,Power Tools,0,0
2025-05-18,DRL-CL-18V,Cordless Drill 18V,Power Tools,0,0
2025-05-19,DRL-CL-18V,Cordless Drill 18V,Power Tools,0,0
2025-05-20,DRL-CL-18V,Cordless Drill 18V,Power Tools,1,0
2025-05-21,DRL-CL-18V,Cordless Drill 18V,Power Tools,2,0
2025-05-22,DRL-CL-18V,Cordless Drill 18V,Power Tools,0,0
2025-05-23,DRL-CL-18V,Cordless Drill 18V,Power Tools,0,0
2025-05-24,DRL-CL-18V,Cordless Drill 18V,Power Tools,0,0
2025-05-25,DRL-CL-18V,Cordless Drill 18V,Power Tools,0,0
2025-05-26,DRL-CL-18V,Cordless Drill 18V,Power Tools,1,0
2025-05-27,DRL-CL-18V,Cordless Drill 18V,Power Tools,0,0
2025-05-28,DRL-CL-18V,Cordless Drill 18V,Power Tools,2,0
2025-05-29,DRL-CL-18V,Cordless Drill 18V,Power Tools,0,0
2025-05-30,DRL-CL-18V,Cordless Drill 18V,Power Tools,1,0
2025-05-31,DRL-CL-18V,Cordless Drill 18V,Power Tools,0,0
2025-06-01,DRL-CL-18V,Cordless Drill 18V,Power Tools,0,0
2025-06-02,DRL-CL-18V,Cordless Drill 18V,Power Tools,0,0
2025-06-03,DRL-CL-18V,Cordless Drill 18V,Power Tools,1,0
2025-06-04,DRL-CL-18V,Cordless Drill 18V,Power Tools,0,0
2025-06-05,DRL-CL-18V,Cordless Drill 18V,Power Tools,0,0
2025-06-06,DRL-CL-18V,Cordless Drill 18V,Power Tools,0,0
2025-06-07,DRL-CL-18V,Cordless Drill 18V,Power Tools,1,0
2025-06-08,DRL-CL-18V,Cordless Drill 18V,Power Tools,0,0
2025-06-09,DRL-CL-18V,Cordless Drill 18V,Power Tools,0,0
2025-06-10,DRL-CL-18V,Cordless Drill 18V,Power Tools,1,1
2025-06-11,DRL-CL-18V,Cordless Drill 18V,Power Tools,2,0
2025-06-12,DRL-CL-18V,Cordless Drill 18V,Power Tools,0,0
2025-06-13,DRL-CL-18V,Cordless Drill 18V,Power Tools,0,0
2025-06-14,DRL-CL-18V,Cordless Drill 18V,Power Tools,2,0
2025-06-15,DRL-CL-18V,Cordless Drill 18V,Power Tools,0,0
2025-06-16,DRL-CL-18V,Cordless Drill 18V,Power Tools,0,0
2025-06-17,DRL-CL-18V,Cordless Drill 18V,Power Tools,0,0
2025-06-18,DRL-CL-18V,Cordless Drill 18V,Power Tools,0,0
2025-06-19,DRL-CL-18V,Cordless Drill 18V,Power Tools,0,0
2025-06-20,DRL-CL-18V,Cordless Drill 18V,Power Tools,0,0
2025-06-21,DRL-CL-18V,Cordless Drill 18V,Power Tools,0,0
2025-06-22,DRL-CL-18V,Cordless Drill 18V,Power Tools,0,0
2025-06-23,DRL-CL-18V,Cordless Drill 18V,Power Tools,0,0
2025-06-24,DRL-CL-18V,Cordless Drill 18V,Power Tools,0,0
2025-06-25,DRL-CL-18V,Cordless Drill 18V,Power Tools,0,1
2025-06-26,DRL-CL-18V,Cordless Drill 18V,Power Tools,0,0
2025-06-27,DRL-CL-18V,Cordless Drill 18V,Power Tools,0,0
2025-06-28,DRL-CL-18V,Cordless Drill 18V,Power Tools,0,0
2025-06-29,DRL-CL-18V,Cordless Drill 18V,Power Tools,0,0
2025-06-30,DRL-CL-18V,Cordless Drill 18V,Power Tools,0,0
2025-07-01,DRL-CL-18V,Cordless Drill 18V,Power Tools,1,0
2025-07-02,DRL-CL-18V,Cordless Drill 18V,Power Tools,0,0
2025-07-03,DRL-CL-18V,Cordless Drill 18V,Power Tools,1,0
2025-07-04,DRL-CL-18V,Cordless Drill 18V,Power Tools,0,0
2025-07-05,DRL-CL-18V,Cordless Drill 18V,Power Tools,0,0
2025-07-06,DRL-CL-18V,Cordless Drill 18V,Power Tools,0,0
2025-07-07,DRL-CL-18V,Cordless Drill 18V,Power Tools,0,0
2025-07-08,DRL-CL-18V,Cordless Drill 18V,Power Tools,0,0
2025-07-09,DRL-CL-18V,Cordless Drill 18V,Power Tools,0,0
2025-07-10,DRL-CL-18V,Cordless Drill 18V,Power Tools,0,0
2025-07-11,DRL-CL-18V,Cordless Drill 18V,Power Tools,0,0
2025-07-12,DRL-CL-18V,Cordless Drill 18V,Power Tools,0,0
2025-07-13,DRL-CL-18V,Cordless Drill 18V,Power Tools,0,0
2025-07-14,DRL-CL-18V,Cordless Drill 18V,Power Tools,0,0
2025-07-15,DRL-CL-18V,Cordless Drill 18V,Power Tools,0,0
2025-07-16,DRL-CL-18V,Cordless Drill 18V,Power Tools,0,0
2025-07-17,DRL-CL-18V,Cordless Drill 18V,Power Tools,0,0
2025-07-18,DRL-CL-18V,Cordless Drill 18V,Power Tools,0,0
2025-07-19,DRL-CL-18V,Cordless Drill 18V,Power Tools,0,0
2025-07-20,DRL-CL-18V,Cordless Drill 18V,Power Tools,1,0
2025-07-21,DRL-CL-18V,Cordless Drill 18V,Power Tools,0,0
2025-07-22,DRL-CL-18V,Cordless Drill 18V,Power Tools,0,0
2025-07-23,DRL-CL-18V,Cordless Drill 18V,Power Tools,0,0
2025-07-24,DRL-CL-18V,Cordless Drill 18V,Power Tools,0,0
2025-07-25,DRL-CL-18V,Cordless Drill 18V,Power Tools,0,0
2025-07-26,DRL-CL-18V,Cordless Drill 18V,Power Tools,1,0
2025-07-27,DRL-CL-18V,Cordless Drill 18V,Power Tools,0,0
2025-07-28,DRL-CL-18V,Cordless Drill 18V,Power Tools,0,0
2025-07-29,DRL-CL-18V,Cordless Drill 18V,Power Tools,1,0
2025-07-30,DRL-CL-18V,Cordless Drill 18V,Power Tools,0,0
2025-07-31,DRL-CL-18V,Cordless Drill 18V,Power Tools,0,0
2025-08-01,DRL-CL-18V,Cordless Drill 18V,Power Tools,0,0
2025-08-02,DRL-CL-18V,Cordless Drill 18V,Power Tools,1,0
2025-08-03,DRL-CL-18V,Cordless Drill 18V,Power Tools,0,0
2025-08-04,DRL-CL-18V,Cordless Drill 18V,Power Tools,0,0
2025-08-05,DRL-CL-18V,Cordless Drill 18V,Power Tools,1,0
2025-08-06,DRL-CL-18V,Cordless Drill 18V,Power Tools,0,0
2025-08-07,DRL-CL-18V,Cordless Drill 18V,Power Tools,0,0
2025-08-08,DRL-CL-18V,Cordless Drill 18V,Power Tools,1,0
2025-08-09,DRL-CL-18V,Cordless Drill 18V,Power Tools,0,0
2025-08-10,DRL-CL-18V,Cordless Drill 18V,Power Tools,0,0
2025-08-11,DRL-CL-18V,Cordless Drill 18V,Power Tools,0,0
2025-08-12,DRL-CL-18V,Cordless Drill 18V,Power Tools,1,0
2025-08-13,DRL-CL-18V,Cordless Drill 18V,Power Tools,3,0
2025-08-14,DRL-CL-18V,Cordless Drill 18V,Power Tools,0,0
2025-08-15,DRL-CL-18V,Cordless Drill 18V,Power Tools,1,0
2025-08-16,DRL-CL-18V,Cordless Drill 18V,Power Tools,0,0
2025-08-17,DRL-CL-18V,Cordless Drill 18V,Power Tools,1,0
2025-08-18,DRL-CL-18V,Cordless Drill 18V,Power Tools,2,0
2025-08-19,DRL-CL-18V,Cordless Drill 18V,Power Tools,0,0
2025-08-20,DRL-CL-18V,Cordless Drill 18V,Power Tools,0,0
2025-08-21,DRL-CL-18V,Cordless Drill 18V,Power Tools,0,0
2025-08-22,DRL-CL-18V,Cordless Drill 18V,Power Tools,0,0
2025-08-23,DRL-CL-18V,Cordless Drill 18V,Power Tools,0,0
2025-08-24,DRL-CL-18V,Cordless Drill 18V,Power Tools,0,0
2025-08-25,DRL-CL-18V,Cordless Drill 18V,Power Tools,0,0
2025-08-26,DRL-CL-18V,Cordless Drill 18V,Power Tools,0,0
2025-08-27,DRL-CL-18V,Cordless Drill 18V,Power Tools,0,0
2025-08-28,DRL-CL-18V,Cordless Drill 18V,Power Tools,0,0
2025-08-29,DRL-CL-18V,Cordless Drill 18V,Power Tools,0,0
2025-08-30,DRL-CL-18V,Cordless Drill 18V,Power Tools,0,0
2025-08-31,DRL-CL-18V,Cordless Drill 18V,Power Tools,1,0
2025-09-01,DRL-CL-18V,Cordless Drill 18V,Power Tools,1,0
2025-09-02,DRL-CL-18V,Cordless Drill 18V,Power Tools,0,0
2025-09-03,DRL-CL-18V,Cordless Drill 18V,Power Tools,2,0
2025-09-04,DRL-CL-18V,Cordless Drill 18V,Power Tools,1,0
2025-09-05,DRL-CL-18V,Cordless Drill 18V,Power Tools,0,0
2025-09-06,DRL-CL-18V,Cordless Drill 18V,Power Tools,0,0
2025-09-07,DRL-CL-18V,Cordless Drill 18V,Power Tools,0,0
2025-09-08,DRL-CL-18V,Cordless Drill 18V,Power Tools,0,0
2025-09-09,DRL-CL-18V,Cordless Drill 18V,Power Tools,0,0
2025-09-10,DRL-CL-18V,Cordless Drill 18V,Power Tools,0,0
2025-09-11,DRL-CL-18V,Cordless Drill 18V,Power Tools,0,0
2025-09-12,DRL-CL-18V,Cordless Drill 18V,Power Tools,0,0
2025-09-13,DRL-CL-18V,Cordless Drill 18V,Power Tools,1,0
2025-09-14,DRL-CL-18V,Cordless Drill 18V,Power Tools,1,0
2025-09-15,DRL-CL-18V,Cordless Drill 18V,Power Tools,1,0
2025-09-16,DRL-CL-18V,Cordless Drill 18V,Power Tools,0,0
2025-09-17,DRL-CL-18V,Cordless Drill 18V,Power Tools,0,0
2025-09-18,DRL-CL-18V,Cordless Drill 18V,Power Tools,0,0
2025-09-19,DRL-CL-18V,Cordless Drill 18V,Power Tools,2,0
2025-09-20,DRL-CL-18V,Cordless Drill 18V,Power Tools,0,0
2025-09-21,DRL-CL-18V,Cordless Drill 18V,Power Tools,0,0
2025-09-22,DRL-CL-18V,Cordless Drill 18V,Power Tools,0,0
2025-09-23,DRL-CL-18V,Cordless Drill 18V,Power Tools,2,0
2025-09-24,DRL-CL-18V,Cordless Drill 18V,Power Tools,0,0
2025-09-25,DRL-CL-18V,Cordless Drill 18V,Power Tools,0,0
2025-09-26,DRL-CL-18V,Cordless Drill 18V,Power Tools,1,0
2025-09-27,DRL-CL-18V,Cordless Drill 18V,Power Tools,0,0
2025-09-28,DRL-CL-18V,Cordless Drill 18V,Power Tools,1,0
2025-09-29,DRL-CL-18V,Cordless Drill 18V,Power Tools,0,0
2025-09-30,DRL-CL-18V,Cordless Drill 18V,Power Tools,0,0
2025-10-01,DRL-CL-18V,Cordless Drill 18V,Power Tools,0,0
2025-10-02,DRL-CL-18V,Cordless Drill 18V,Power Tools,0,0
2025-10-03,DRL-CL-18V,Cordless Drill 18V,Power Tools,0,0
2025-10-04,DRL-CL-18V,Cordless Drill 18V,Power Tools,2,0
2025-10-05,DRL-CL-18V,Cordless Drill 18V,Power Tools,0,0
2025-10-06,DRL-CL-18V,Cordless Drill 18V,Power Tools,0,0
2025-10-07,DRL-CL-18V,Cordless Drill 18V,Power Tools,0,0
2025-10-08,DRL-CL-18V,Cordless Drill 18V,Power Tools,0,0
2025-10-09,DRL-CL-18V,Cordless Drill 18V,Power Tools,1,0
2025-10-10,DRL-CL-18V,Cordless Drill 18V,Power Tools,0,0
2025-10-11,DRL-CL-18V,Cordless Drill 18V,Power Tools,0,0
2025-10-12,DRL-CL-18V,Cordless Drill 18V,Power Tools,1,0
2025-10-13,DRL-CL-18V,Cordless Drill 18V,Power Tools,0,0
2025-10-14,DRL-CL-18V,Cordless Drill 18V,Power Tools,2,0
2025-10-15,DRL-CL-18V,Cordless Drill 18V,Power Tools,0,0
2025-10-16,DRL-CL-18V,Cordless Drill 18V,Power Tools,0,0
2025-10-17,DRL-CL-18V,Cordless Drill 18V,Power Tools,0,0
2025-10-18,DRL-CL-18V,Cordless Drill 18V,Power Tools,0,0
2025-10-19,DRL-CL-18V,Cordless Drill 18V,Power Tools,0,0
2025-10-20,DRL-CL-18V,Cordless Drill 18V,Power Tools,0,0
2025-10-21,DRL-CL-18V,Cordless Drill 18V,Power Tools,0,0
2025-10-22,DRL-CL-18V,Cordless Drill 18V,Power Tools,0,0
2025-10-23,DRL-CL-18V,Cordless Drill 18V,Power Tools,0,0
2025-10-24,DRL-CL-18V,Cordless Drill 18V,Power Tools,0,0
2025-10-25,DRL-CL-18V,Cordless Drill 18V,Power Tools,0,0
2025-10-26,DRL-CL-18V,Cordless Drill 18V,Power Tools,0,0
2025-10-27,DRL-CL-18V,Cordless Drill 18V,Power Tools,1,0
2025-10-28,DRL-CL-18V,Cordless Drill 18V,Power Tools,0,0
2025-10-29,DRL-CL-18V,Cordless Drill 18V,Power Tools,0,0
2025-10-30,DRL-CL-18V,Cordless Drill 18V,Power Tools,0,0
2025-10-31,DRL-CL-18V,Cordless Drill 18V,Power Tools,0,0
2025-11-01,DRL-CL-18V,Cordless Drill 18V,Power Tools,1,0
2025-11-02,DRL-CL-18V,Cordless Drill 18V,Power Tools,1,0
2025-11-03,DRL-CL-18V,Cordless Drill 18V,Power Tools,0,0
2025-11-04,DRL-CL-18V,Cordless Drill 18V,Power Tools,1,0
2025-11-05,DRL-CL-18V,Cordless Drill 18V,Power Tools,2,0
2025-11-06,DRL-CL-18V,Cordless Drill 18V,Power Tools,0,0
2025-11-07,DRL-CL-18V,Cordless Drill 18V,Power Tools,0,0
2025-11-08,DRL-CL-18V,Cordless Drill 18V,Power Tools,1,0
2025-11-09,DRL-CL-18V,Cordless Drill 18V,Power Tools,0,0
2025-11-10,DRL-CL-18V,Cordless Drill 18V,Power Tools,0,0
2025-11-11,DRL-CL-18V,Cordless Drill 18V,Power Tools,0,0
2025-11-12,DRL-CL-18V,Cordless Drill 18V,Power Tools,0,0
2025-11-13,DRL-CL-18V,Cordless Drill 18V,Power Tools,0,0
2025-11-14,DRL-CL-18V,Cordless Drill 18V,Power Tools,0,0
2025-11-15,DRL-CL-18V,Cordless Drill 18V,Power Tools,0,0
2025-11-16,DRL-CL-18V,Cordless Drill 18V,Power Tools,0,0
2025-11-17,DRL-CL-18V,Cordless Drill 18V,Power Tools,0,0
2025-11-18,DRL-CL-18V,Cordless Drill 18V,Power Tools,0,0
2025-11-19,DRL-CL-18V,Cordless Drill 18V,Power Tools,0,0
2025-11-20,DRL-CL-18V,Cordless Drill 18V,Power Tools,1,0
2025-11-21,DRL-CL-18V,Cordless Drill 18V,Power Tools,3,0
2025-11-22,DRL-CL-18V,Cordless Drill 18V,Power Tools,2,0
2025-11-23,DRL-CL-18V,Cordless Drill 18V,Power Tools,1,0
2025-11-24,DRL-CL-18V,Cordless Drill 18V,Power Tools,1,0
2025-11-25,DRL-CL-18V,Cordless Drill 18V,Power Tools,0,0
2025-11-26,DRL-CL-18V,Cordless Drill 18V,Power Tools,0,0
2025-11-27,DRL-CL-18V,Cordless Drill 18V,Power Tools,0,0
2025-11-28,DRL-CL-18V,Cordless Drill 18V,Power Tools,0,0
2025-11-29,DRL-CL-18V,Cordless Drill 18V,Power Tools,0,0
2025-11-30,DRL-CL-18V,Cordless Drill 18V,Power Tools,0,0
2025-12-01,DRL-CL-18V,Cordless Drill 18V,Power Tools,1,0
2025-12-02,DRL-CL-18V,Cordless Drill 18V,Power Tools,0,0
2025-12-03,DRL-CL-18V,Cordless Drill 18V,Power Tools,0,0
2025-12-04,DRL-CL-18V,Cordless Drill 18V,Power Tools,0,0
2025-12-05,DRL-CL-18V,Cordless Drill 18V,Power Tools,0,0
2025-12-06,DRL-CL-18V,Cordless Drill 18V,Power Tools,2,0
2025-12-07,DRL-CL-18V,Cordless Drill 18V,Power Tools,0,0
2025-12-08,DRL-CL-18V,Cordless Drill 18V,Power Tools,1,0
2025-12-09,DRL-CL-18V,Cordless Drill 18V,Power Tools,0,0
2025-12-10,DRL-CL-18V,Cordless Drill 18V,Power Tools,0,0
2025-12-11,DRL-CL-18V,Cordless Drill 18V,Power Tools,0,0
2025-12-12,DRL-CL-18V,Cordless Drill 18V,Power Tools,1,0
2025-12-13,DRL-CL-18V,Cordless Drill 18V,Power Tools,0,0
2025-12-14,DRL-CL-18V,Cordless Drill 18V,Power Tools,1,0
2025-12-15,DRL-CL-18V,Cordless Drill 18V,Power Tools,0,0
2025-12-16,DRL-CL-18V,Cordless Drill 18V,Power Tools,0,0
2025-12-17,DRL-CL-18V,Cordless Drill 18V,Power Tools,0,0
2025-12-18,DRL-CL-18V,Cordless Drill 18V,Power Tools,0,0
2025-12-19,DRL-CL-18V,Cordless Drill 18V,Power Tools,0,0
2025-12-20,DRL-CL-18V,Cordless Drill 18V,Power Tools,5,1
2025-12-21,DRL-CL-18V,Cordless Drill 18V,Power Tools,0,0
2025-12-22,DRL-CL-18V,Cordless Drill 18V,Power Tools,0,0
2025-12-23,DRL-CL-18V,Cordless Drill 18V,Power Tools,0,0
2025-12-24,DRL-CL-18V,Cordless Drill 18V,Power Tools,3,0
2025-12-25,DRL-CL-18V,Cordless Drill 18V,Power Tools,3,0
2025-12-26,DRL-CL-18V,Cordless Drill 18V,Power Tools,1,0
2025-12-27,DRL-CL-18V,Cordless Drill 18V,Power Tools,0,0
2025-12-28,DRL-CL-18V,Cordless Drill 18V,Power Tools,0,0
2025-12-29,DRL-CL-18V,Cordless Drill 18V,Power Tools,1,0
2025-12-30,DRL-CL-18V,Cordless Drill 18V,Power Tools,0,0
2025-12-31,DRL-CL-18V,Cordless Drill 18V,Power Tools,0,0
2026-01-01,DRL-CL-18V,Cordless Drill 18V,Power Tools,1,0
2026-01-02,DRL-CL-18V,Cordless Drill 18V,Power Tools,0,0
2026-01-03,DRL-CL-18V,Cordless Drill 18V,Power Tools,0,0
2026-01-04,DRL-CL-18V,Cordless Drill 18V,Power Tools,0,0
2026-01-05,DRL-CL-18V,Cordless Drill 18V,Power Tools,0,0
2026-01-06,DRL-CL-18V,Cordless Drill 18V,Power Tools,1,0
2026-01-07,DRL-CL-18V,Cordless Drill 18V,Power Tools,3,0
2026-01-08,DRL-CL-18V,Cordless Drill 18V,Power Tools,1,0
2026-01-09,DRL-CL-18V,Cordless Drill 18V,Power Tools,0,0
2026-01-10,DRL-CL-18V,Cordless Drill 18V,Power Tools,0,0
2026-01-11,DRL-CL-18V,Cordless Drill 18V,Power Tools,0,0
2026-01-12,DRL-CL-18V,Cordless Drill 18V,Power Tools,1,0
2026-01-13,DRL-CL-18V,Cordless Drill 18V,Power Tools,0,0
2026-01-14,DRL-CL-18V,Cordless Drill 18V,Power Tools,0,0
2026-01-15,DRL-CL-18V,Cordless Drill 18V,Power Tools,2,0
2026-01-16,DRL-CL-18V,Cordless Drill 18V,Power Tools,0,0
2026-01-17,DRL-CL-18V,Cordless Drill 18V,Power Tools,0,0
2026-01-18,DRL-CL-18V,Cordless Drill 18V,Power Tools,0,0
2026-01-19,DRL-CL-18V,Cordless Drill 18V,Power Tools,0,0
2026-01-20,DRL-CL-18V,Cordless Drill 18V,Power Tools,0,0
2026-01-21,DRL-CL-18V,Cordless Drill 18V,Power Tools,0,0
2026-01-22,DRL-CL-18V,Cordless Drill 18V,Power Tools,0,0
2026-01-23,DRL-CL-18V,Cordless Drill 18V,Power Tools,0,0
2026-01-24,DRL-CL-18V,Cordless Drill 18V,Power Tools,1,0
2026-01-25,DRL-CL-18V,Cordless Drill 18V,Power Tools,0,0
2026-01-26,DRL-CL-18V,Cordless Drill 18V,Power Tools,0,0
2026-01-27,DRL-CL-18V,Cordless Drill 18V,Power Tools,0,0
2026-01-28,DRL-CL-18V,Cordless Drill 18V,Power Tools,2,0
2026-01-29,DRL-CL-18V,Cordless Drill 18V,Power Tools,0,0
2026-01-30,DRL-CL-18V,Cordless Drill 18V,Power Tools,0,0
2026-01-31,DRL-CL-18V,Cordless Drill 18V,Power Tools,0,0
2026-02-01,DRL-CL-18V,Cordless Drill 18V,Power Tools,1,0
2026-02-02,DRL-CL-18V,Cordless Drill 18V,Power Tools,0,0
2026-02-03,DRL-CL-18V,Cordless Drill 18V,Power Tools,0,0
2026-02-04,DRL-CL-18V,Cordless Drill 18V,Power Tools,0,0
2026-02-05,DRL-CL-18V,Cordless Drill 18V,Power Tools,3,0
2026-02-06,DRL-CL-18V,Cordless Drill 18V,Power Tools,0,0
2026-02-07,DRL-CL-18V,Cordless Drill 18V,Power Tools,0,0
2026-02-08,DRL-CL-18V,Cordless Drill 18V,Power Tools,0,0
2026-02-09,DRL-CL-18V,Cordless Drill 18V,Power Tools,0,0
2026-02-10,DRL-CL-18V,Cordless Drill 18V,Power Tools,0,0
2026-02-11,DRL-CL-18V,Cordless Drill 18V,Power Tools,0,0
2026-02-12,DRL-CL-18V,Cordless Drill 18V,Power Tools,0,0
2026-02-13,DRL-CL-18V,Cordless Drill 18V,Power Tools,0,0
2026-02-14,DRL-CL-18V,Cordless Drill 18V,Power Tools,0,0
2026-02-15,DRL-CL-18V,Cordless Drill 18V,Power Tools,0,0
2026-02-16,DRL-CL-18V,Cordless Drill 18V,Power Tools,0,0
2026-02-17,DRL-CL-18V,Cordless Drill 18V,Power Tools,0,0
2026-02-18,DRL-CL-18V,Cordless Drill 18V,Power Tools,1,0
2026-02-19,DRL-CL-18V,Cordless Drill 18V,Power Tools,1,0
2026-02-20,DRL-CL-18V,Cordless Drill 18V,Power Tools,1,0
2026-02-21,DRL-CL-18V,Cordless Drill 18V,Power Tools,2,0
2026-02-22,DRL-CL-18V,Cordless Drill 18V,Power Tools,0,0
2026-02-23,DRL-CL-18V,Cordless Drill 18V,Power Tools,1,0
2026-02-24,DRL-CL-18V,Cordless Drill 18V,Power Tools,0,0
2026-02-25,DRL-CL-18V,Cordless Drill 18V,Power Tools,0,0
2026-02-26,DRL-CL-18V,Cordless Drill 18V,Power Tools,1,0
2026-02-27,DRL-CL-18V,Cordless Drill 18V,Power Tools,0,0
2026-02-28,DRL-CL-18V,Cordless Drill 18V,Power Tools,0,0
2026-03-01,DRL-CL-18V,Cordless Drill 18V,Power Tools,0,0
2026-03-02,DRL-CL-18V,Cordless Drill 18V,Power Tools,1,0
2026-03-03,DRL-CL-18V,Cordless Drill 18V,Power Tools,3,0
2026-03-04,DRL-CL-18V,Cordless Drill 18V,Power Tools,1,0
2026-03-05,DRL-CL-18V,Cordless Drill 18V,Power Tools,0,0
2026-03-06,DRL-CL-18V,Cordless Drill 18V,Power Tools,0,0
2026-03-07,DRL-CL-18V,Cordless Drill 18V,Power Tools,0,0
2026-03-08,DRL-CL-18V,Cordless Drill 18V,Power Tools,0,0
2026-03-09,DRL-CL-18V,Cordless Drill 18V,Power Tools,1,0
2026-03-10,DRL-CL-18V,Cordless Drill 18V,Power Tools,0,0
2026-03-11,DRL-CL-18V,Cordless Drill 18V,Power Tools,0,0
2026-03-12,DRL-CL-18V,Cordless Drill 18V,Power Tools,0,0
2026-03-13,DRL-CL-18V,Cordless Drill 18V,Power Tools,1,0
2026-03-14,DRL-CL-18V,Cordless Drill 18V,Power Tools,0,0
2026-03-15,DRL-CL-18V,Cordless Drill 18V,Power Tools,1,0
2026-03-16,DRL-CL-18V,Cordless Drill 18V,Power Tools,0,0
2026-03-17,DRL-CL-18V,Cordless Drill 18V,Power Tools,0,0
2026-03-18,DRL-CL-18V,Cordless Drill 18V,Power Tools,0,0
2026-03-19,DRL-CL-18V,Cordless Drill 18V,Power Tools,2,0
2026-03-20,DRL-CL-18V,Cordless Drill 18V,Power Tools,2,0
2026-03-21,DRL-CL-18V,Cordless Drill 18V,Power Tools,0,0
2026-03-22,DRL-CL-18V,Cordless Drill 18V,Power Tools,0,0
2026-03-23,DRL-CL-18V,Cordless Drill 18V,Power Tools,0,0
2026-03-24,DRL-CL-18V,Cordless Drill 18V,Power Tools,0,0
2026-03-25,DRL-CL-18V,Cordless Drill 18V,Power Tools,0,0
2026-03-26,DRL-CL-18V,Cordless Drill 18V,Power Tools,0,0
2026-03-27,DRL-CL-18V,Cordless Drill 18V,Power Tools,0,0
2026-03-28,DRL-CL-18V,Cordless Drill 18V,Power Tools,0,0
2026-03-29,DRL-CL-18V,Cordless Drill 18V,Power Tools,0,0
2026-03-30,DRL-CL-18V,Cordless Drill 18V,Power Tools,0,0
2026-03-31,DRL-CL-18V,Cordless Drill 18V,Power Tools,0,0
2026-04-01,DRL-CL-18V,Cordless Drill 18V,Power Tools,1,0
2026-04-02,DRL-CL-18V,Cordless Drill 18V,Power Tools,0,0
2026-04-03,DRL-CL-18V,Cordless Drill 18V,Power Tools,0,0
2026-04-04,DRL-CL-18V,Cordless Drill 18V,Power Tools,0,0
2026-04-05,DRL-CL-18V,Cordless Drill 18V,Power Tools,0,0
2026-04-06,DRL-CL-18V,Cordless Drill 18V,Power Tools,0,0
2026-04-07,DRL-CL-18V,Cordless Drill 18V,Power Tools,2,0
2026-04-08,DRL-CL-18V,Cordless Drill 18V,Power Tools,3,0
2026-04-09,DRL-CL-18V,Cordless Drill 18V,Power Tools,0,0
2026-04-10,DRL-CL-18V,Cordless Drill 18V,Power Tools,0,0
2026-04-11,DRL-CL-18V,Cordless Drill 18V,Power Tools,0,0
2026-04-12,DRL-CL-18V,Cordless Drill 18V,Power Tools,2,0
2026-04-13,DRL-CL-18V,Cordless Drill 18V,Power Tools,0,0
2026-04-14,DRL-CL-18V,Cordless Drill 18V,Power Tools,0,0
2026-04-15,DRL-CL-18V,Cordless Drill 18V,Power Tools,3,0
2026-04-16,DRL-CL-18V,Cordless Drill 18V,Power Tools,2,1
2026-04-17,DRL-CL-18V,Cordless Drill 18V,Power Tools,0,0
2026-04-18,DRL-CL-18V,Cordless Drill 18V,Power Tools,0,0
2026-04-19,DRL-CL-18V,Cordless Drill 18V,Power Tools,0,0
2026-04-20,DRL-CL-18V,Cordless Drill 18V,Power Tools,0,0
2026-04-21,DRL-CL-18V,Cordless Drill 18V,Power Tools,0,0
2026-04-22,DRL-CL-18V,Cordless Drill 18V,Power Tools,0,0
2026-04-23,DRL-CL-18V,Cordless Drill 18V,Power Tools,4,0
2026-04-24,DRL-CL-18V,Cordless Drill 18V,Power Tools,1,0
2026-04-25,DRL-CL-18V,Cordless Drill 18V,Power Tools,0,0
2026-04-26,DRL-CL-18V,Cordless Drill 18V,Power Tools,1,0
2026-04-27,DRL-CL-18V,Cordless Drill 18V,Power Tools,1,0
2026-04-28,DRL-CL-18V,Cordless Drill 18V,Power Tools,0,0
2026-04-29,DRL-CL-18V,Cordless Drill 18V,Power Tools,0,0
2026-04-30,DRL-CL-18V,Cordless Drill 18V,Power Tools,0,0
2026-05-01,DRL-CL-18V,Cordless Drill 18V,Power Tools,1,0
2026-05-02,DRL-CL-18V,Cordless Drill 18V,Power Tools,0,0
2026-05-03,DRL-CL-18V,Cordless Drill 18V,Power Tools,2,0
2026-05-04,DRL-CL-18V,Cordless Drill 18V,Power Tools,2,0
2026-05-05,DRL-CL-18V,Cordless Drill 18V,Power Tools,0,0
2026-05-06,DRL-CL-18V,Cordless Drill 18V,Power Tools,0,0
2026-05-07,DRL-CL-18V,Cordless Drill 18V,Power Tools,0,0
2026-05-08,DRL-CL-18V,Cordless Drill 18V,Power Tools,0,0
2026-05-09,DRL-CL-18V,Cordless Drill 18V,Power Tools,0,0
2026-05-10,DRL-CL-18V,Cordless Drill 18V,Power Tools,0,0
2026-05-11,DRL-CL-18V,Cordless Drill 18V,Power Tools,0,0
2026-05-12,DRL-CL-18V,Cordless Drill 18V,Power Tools,0,0
2026-05-13,DRL-CL-18V,Cordless Drill 18V,Power Tools,0,0
2026-05-14,DRL-CL-18V,Cordless Drill 18V,Power Tools,0,0
2026-05-15,DRL-CL-18V,Cordless Drill 18V,Power Tools,0,0
2024-11-22,SAW-CR-725,"Circular Saw 7.25""",Power Tools,1,0
2024-11-23,SAW-CR-725,"Circular Saw 7.25""",Power Tools,0,0
2024-11-24,SAW-CR-725,"Circular Saw 7.25""",Power Tools,0,0
2024-11-25,SAW-CR-725,"Circular Saw 7.25""",Power Tools,0,0
2024-11-26,SAW-CR-725,"Circular Saw 7.25""",Power Tools,0,0
2024-11-27,SAW-CR-725,"Circular Saw 7.25""",Power Tools,0,0
2024-11-28,SAW-CR-725,"Circular Saw 7.25""",Power Tools,2,0
2024-11-29,SAW-CR-725,"Circular Saw 7.25""",Power Tools,4,0
2024-11-30,SAW-CR-725,"Circular Saw 7.25""",Power Tools,0,0
2024-12-01,SAW-CR-725,"Circular Saw 7.25""",Power Tools,0,0
2024-12-02,SAW-CR-725,"Circular Saw 7.25""",Power Tools,0,0
2024-12-03,SAW-CR-725,"Circular Saw 7.25""",Power Tools,0,0
2024-12-04,SAW-CR-725,"Circular Saw 7.25""",Power Tools,0,0
2024-12-05,SAW-CR-725,"Circular Saw 7.25""",Power Tools,0,0
2024-12-06,SAW-CR-725,"Circular Saw 7.25""",Power Tools,0,0
2024-12-07,SAW-CR-725,"Circular Saw 7.25""",Power Tools,0,0
2024-12-08,SAW-CR-725,"Circular Saw 7.25""",Power Tools,0,0
2024-12-09,SAW-CR-725,"Circular Saw 7.25""",Power Tools,0,0
2024-12-10,SAW-CR-725,"Circular Saw 7.25""",Power Tools,1,0
2024-12-11,SAW-CR-725,"Circular Saw 7.25""",Power Tools,1,0
2024-12-12,SAW-CR-725,"Circular Saw 7.25""",Power Tools,0,0
2024-12-13,SAW-CR-725,"Circular Saw 7.25""",Power Tools,0,0
2024-12-14,SAW-CR-725,"Circular Saw 7.25""",Power Tools,1,0
2024-12-15,SAW-CR-725,"Circular Saw 7.25""",Power Tools,2,0
2024-12-16,SAW-CR-725,"Circular Saw 7.25""",Power Tools,2,0
2024-12-17,SAW-CR-725,"Circular Saw 7.25""",Power Tools,0,0
2024-12-18,SAW-CR-725,"Circular Saw 7.25""",Power Tools,0,0
2024-12-19,SAW-CR-725,"Circular Saw 7.25""",Power Tools,0,0
2024-12-20,SAW-CR-725,"Circular Saw 7.25""",Power Tools,0,0
2024-12-21,SAW-CR-725,"Circular Saw 7.25""",Power Tools,0,0
2024-12-22,SAW-CR-725,"Circular Saw 7.25""",Power Tools,0,0
2024-12-23,SAW-CR-725,"Circular Saw 7.25""",Power Tools,0,0
2024-12-24,SAW-CR-725,"Circular Saw 7.25""",Power Tools,0,0
2024-12-25,SAW-CR-725,"Circular Saw 7.25""",Power Tools,1,0
2024-12-26,SAW-CR-725,"Circular Saw 7.25""",Power Tools,0,0
2024-12-27,SAW-CR-725,"Circular Saw 7.25""",Power Tools,0,0
2024-12-28,SAW-CR-725,"Circular Saw 7.25""",Power Tools,0,0
2024-12-29,SAW-CR-725,"Circular Saw 7.25""",Power Tools,1,0
2024-12-30,SAW-CR-725,"Circular Saw 7.25""",Power Tools,0,0
2024-12-31,SAW-CR-725,"Circular Saw 7.25""",Power Tools,2,0
2025-01-01,SAW-CR-725,"Circular Saw 7.25""",Power Tools,0,0
2025-01-02,SAW-CR-725,"Circular Saw 7.25""",Power Tools,0,0
2025-01-03,SAW-CR-725,"Circular Saw 7.25""",Power Tools,0,0
2025-01-04,SAW-CR-725,"Circular Saw 7.25""",Power Tools,2,0
2025-01-05,SAW-CR-725,"Circular Saw 7.25""",Power Tools,0,0
2025-01-06,SAW-CR-725,"Circular Saw 7.25""",Power Tools,0,0
2025-01-07,SAW-CR-725,"Circular Saw 7.25""",Power Tools,0,0
2025-01-08,SAW-CR-725,"Circular Saw 7.25""",Power Tools,3,0
2025-01-09,SAW-CR-725,"Circular Saw 7.25""",Power Tools,0,1
2025-01-10,SAW-CR-725,"Circular Saw 7.25""",Power Tools,1,0
2025-01-11,SAW-CR-725,"Circular Saw 7.25""",Power Tools,0,0
2025-01-12,SAW-CR-725,"Circular Saw 7.25""",Power Tools,1,0
2025-01-13,SAW-CR-725,"Circular Saw 7.25""",Power Tools,1,0
2025-01-14,SAW-CR-725,"Circular Saw 7.25""",Power Tools,0,0
2025-01-15,SAW-CR-725,"Circular Saw 7.25""",Power Tools,0,0
2025-01-16,SAW-CR-725,"Circular Saw 7.25""",Power Tools,0,0
2025-01-17,SAW-CR-725,"Circular Saw 7.25""",Power Tools,0,0
2025-01-18,SAW-CR-725,"Circular Saw 7.25""",Power Tools,0,0
2025-01-19,SAW-CR-725,"Circular Saw 7.25""",Power Tools,3,0
2025-01-20,SAW-CR-725,"Circular Saw 7.25""",Power Tools,0,0
2025-01-21,SAW-CR-725,"Circular Saw 7.25""",Power Tools,0,0
2025-01-22,SAW-CR-725,"Circular Saw 7.25""",Power Tools,0,0
2025-01-23,SAW-CR-725,"Circular Saw 7.25""",Power Tools,4,0
2025-01-24,SAW-CR-725,"Circular Saw 7.25""",Power Tools,1,0
2025-01-25,SAW-CR-725,"Circular Saw 7.25""",Power Tools,0,0
2025-01-26,SAW-CR-725,"Circular Saw 7.25""",Power Tools,0,0
2025-01-27,SAW-CR-725,"Circular Saw 7.25""",Power Tools,0,0
2025-01-28,SAW-CR-725,"Circular Saw 7.25""",Power Tools,0,0
2025-01-29,SAW-CR-725,"Circular Saw 7.25""",Power Tools,0,0
2025-01-30,SAW-CR-725,"Circular Saw 7.25""",Power Tools,2,0
2025-01-31,SAW-CR-725,"Circular Saw 7.25""",Power Tools,1,0
2025-02-01,SAW-CR-725,"Circular Saw 7.25""",Power Tools,0,0
2025-02-02,SAW-CR-725,"Circular Saw 7.25""",Power Tools,0,0
2025-02-03,SAW-CR-725,"Circular Saw 7.25""",Power Tools,0,0
2025-02-04,SAW-CR-725,"Circular Saw 7.25""",Power Tools,0,0
2025-02-05,SAW-CR-725,"Circular Saw 7.25""",Power Tools,0,0
2025-02-06,SAW-CR-725,"Circular Saw 7.25""",Power Tools,1,0
2025-02-07,SAW-CR-725,"Circular Saw 7.25""",Power Tools,0,0
2025-02-08,SAW-CR-725,"Circular Saw 7.25""",Power Tools,2,0
2025-02-09,SAW-CR-725,"Circular Saw 7.25""",Power Tools,0,0
2025-02-10,SAW-CR-725,"Circular Saw 7.25""",Power Tools,0,0
2025-02-11,SAW-CR-725,"Circular Saw 7.25""",Power Tools,0,0
2025-02-12,SAW-CR-725,"Circular Saw 7.25""",Power Tools,0,0
2025-02-13,SAW-CR-725,"Circular Saw 7.25""",Power Tools,0,0
2025-02-14,SAW-CR-725,"Circular Saw 7.25""",Power Tools,1,0
2025-02-15,SAW-CR-725,"Circular Saw 7.25""",Power Tools,1,0
2025-02-16,SAW-CR-725,"Circular Saw 7.25""",Power Tools,1,0
2025-02-17,SAW-CR-725,"Circular Saw 7.25""",Power Tools,0,0
2025-02-18,SAW-CR-725,"Circular Saw 7.25""",Power Tools,0,0
2025-02-19,SAW-CR-725,"Circular Saw 7.25""",Power Tools,1,0
2025-02-20,SAW-CR-725,"Circular Saw 7.25""",Power Tools,0,1
2025-02-21,SAW-CR-725,"Circular Saw 7.25""",Power Tools,0,0
2025-02-22,SAW-CR-725,"Circular Saw 7.25""",Power Tools,0,0
2025-02-23,SAW-CR-725,"Circular Saw 7.25""",Power Tools,0,0
2025-02-24,SAW-CR-725,"Circular Saw 7.25""",Power Tools,1,0
2025-02-25,SAW-CR-725,"Circular Saw 7.25""",Power Tools,0,0
2025-02-26,SAW-CR-725,"Circular Saw 7.25""",Power Tools,0,0
2025-02-27,SAW-CR-725,"Circular Saw 7.25""",Power Tools,0,0
2025-02-28,SAW-CR-725,"Circular Saw 7.25""",Power Tools,2,0
2025-03-01,SAW-CR-725,"Circular Saw 7.25""",Power Tools,0,0
2025-03-02,SAW-CR-725,"Circular Saw 7.25""",Power Tools,1,0
2025-03-03,SAW-CR-725,"Circular Saw 7.25""",Power Tools,0,0
2025-03-04,SAW-CR-725,"Circular Saw 7.25""",Power Tools,0,1
2025-03-05,SAW-CR-725,"Circular Saw 7.25""",Power Tools,1,0
2025-03-06,SAW-CR-725,"Circular Saw 7.25""",Power Tools,1,0
2025-03-07,SAW-CR-725,"Circular Saw 7.25""",Power Tools,2,0
2025-03-08,SAW-CR-725,"Circular Saw 7.25""",Power Tools,0,0
2025-03-09,SAW-CR-725,"Circular Saw 7.25""",Power Tools,0,0
2025-03-10,SAW-CR-725,"Circular Saw 7.25""",Power Tools,0,0
2025-03-11,SAW-CR-725,"Circular Saw 7.25""",Power Tools,0,0
2025-03-12,SAW-CR-725,"Circular Saw 7.25""",Power Tools,1,0
2025-03-13,SAW-CR-725,"Circular Saw 7.25""",Power Tools,0,0
2025-03-14,SAW-CR-725,"Circular Saw 7.25""",Power Tools,1,0
2025-03-15,SAW-CR-725,"Circular Saw 7.25""",Power Tools,0,0
2025-03-16,SAW-CR-725,"Circular Saw 7.25""",Power Tools,0,0
2025-03-17,SAW-CR-725,"Circular Saw 7.25""",Power Tools,2,0
2025-03-18,SAW-CR-725,"Circular Saw 7.25""",Power Tools,0,0
2025-03-19,SAW-CR-725,"Circular Saw 7.25""",Power Tools,0,0
2025-03-20,SAW-CR-725,"Circular Saw 7.25""",Power Tools,0,0
2025-03-21,SAW-CR-725,"Circular Saw 7.25""",Power Tools,0,0
2025-03-22,SAW-CR-725,"Circular Saw 7.25""",Power Tools,1,0
2025-03-23,SAW-CR-725,"Circular Saw 7.25""",Power Tools,0,0
2025-03-24,SAW-CR-725,"Circular Saw 7.25""",Power Tools,0,0
2025-03-25,SAW-CR-725,"Circular Saw 7.25""",Power Tools,0,0
2025-03-26,SAW-CR-725,"Circular Saw 7.25""",Power Tools,0,0
2025-03-27,SAW-CR-725,"Circular Saw 7.25""",Power Tools,0,0
2025-03-28,SAW-CR-725,"Circular Saw 7.25""",Power Tools,4,0
2025-03-29,SAW-CR-725,"Circular Saw 7.25""",Power Tools,0,0
2025-03-30,SAW-CR-725,"Circular Saw 7.25""",Power Tools,0,0
2025-03-31,SAW-CR-725,"Circular Saw 7.25""",Power Tools,0,0
2025-04-01,SAW-CR-725,"Circular Saw 7.25""",Power Tools,1,0
2025-04-02,SAW-CR-725,"Circular Saw 7.25""",Power Tools,0,0
2025-04-03,SAW-CR-725,"Circular Saw 7.25""",Power Tools,0,0
2025-04-04,SAW-CR-725,"Circular Saw 7.25""",Power Tools,0,0
2025-04-05,SAW-CR-725,"Circular Saw 7.25""",Power Tools,1,0
2025-04-06,SAW-CR-725,"Circular Saw 7.25""",Power Tools,0,0
2025-04-07,SAW-CR-725,"Circular Saw 7.25""",Power Tools,0,0
2025-04-08,SAW-CR-725,"Circular Saw 7.25""",Power Tools,0,0
2025-04-09,SAW-CR-725,"Circular Saw 7.25""",Power Tools,2,0
2025-04-10,SAW-CR-725,"Circular Saw 7.25""",Power Tools,1,0
2025-04-11,SAW-CR-725,"Circular Saw 7.25""",Power Tools,0,0
2025-04-12,SAW-CR-725,"Circular Saw 7.25""",Power Tools,0,0
2025-04-13,SAW-CR-725,"Circular Saw 7.25""",Power Tools,0,0
2025-04-14,SAW-CR-725,"Circular Saw 7.25""",Power Tools,0,0
2025-04-15,SAW-CR-725,"Circular Saw 7.25""",Power Tools,0,0
2025-04-16,SAW-CR-725,"Circular Saw 7.25""",Power Tools,0,0
2025-04-17,SAW-CR-725,"Circular Saw 7.25""",Power Tools,0,0
2025-04-18,SAW-CR-725,"Circular Saw 7.25""",Power Tools,1,0
2025-04-19,SAW-CR-725,"Circular Saw 7.25""",Power Tools,0,0
2025-04-20,SAW-CR-725,"Circular Saw 7.25""",Power Tools,2,0
2025-04-21,SAW-CR-725,"Circular Saw 7.25""",Power Tools,0,0
2025-04-22,SAW-CR-725,"Circular Saw 7.25""",Power Tools,0,0
2025-04-23,SAW-CR-725,"Circular Saw 7.25""",Power Tools,0,0
2025-04-24,SAW-CR-725,"Circular Saw 7.25""",Power Tools,0,0
2025-04-25,SAW-CR-725,"Circular Saw 7.25""",Power Tools,0,0
2025-04-26,SAW-CR-725,"Circular Saw 7.25""",Power Tools,0,0
2025-04-27,SAW-CR-725,"Circular Saw 7.25""",Power Tools,0,0
2025-04-28,SAW-CR-725,"Circular Saw 7.25""",Power Tools,1,0
2025-04-29,SAW-CR-725,"Circular Saw 7.25""",Power Tools,2,0
2025-04-30,SAW-CR-725,"Circular Saw 7.25""",Power Tools,0,0
2025-05-01,SAW-CR-725,"Circular Saw 7.25""",Power Tools,0,0
2025-05-02,SAW-CR-725,"Circular Saw 7.25""",Power Tools,0,0
2025-05-03,SAW-CR-725,"Circular Saw 7.25""",Power Tools,0,0
2025-05-04,SAW-CR-725,"Circular Saw 7.25""",Power Tools,1,0
2025-05-05,SAW-CR-725,"Circular Saw 7.25""",Power Tools,0,0
2025-05-06,SAW-CR-725,"Circular Saw 7.25""",Power Tools,1,0
2025-05-07,SAW-CR-725,"Circular Saw 7.25""",Power Tools,0,0
2025-05-08,SAW-CR-725,"Circular Saw 7.25""",Power Tools,0,0
2025-05-09,SAW-CR-725,"Circular Saw 7.25""",Power Tools,0,0
2025-05-10,SAW-CR-725,"Circular Saw 7.25""",Power Tools,0,0
2025-05-11,SAW-CR-725,"Circular Saw 7.25""",Power Tools,0,0
2025-05-12,SAW-CR-725,"Circular Saw 7.25""",Power Tools,0,0
2025-05-13,SAW-CR-725,"Circular Saw 7.25""",Power Tools,0,0
2025-05-14,SAW-CR-725,"Circular Saw 7.25""",Power Tools,0,0
2025-05-15,SAW-CR-725,"Circular Saw 7.25""",Power Tools,0,0
2025-05-16,SAW-CR-725,"Circular Saw 7.25""",Power Tools,0,0
2025-05-17,SAW-CR-725,"Circular Saw 7.25""",Power Tools,1,0
2025-05-18,SAW-CR-725,"Circular Saw 7.25""",Power Tools,1,0
2025-05-19,SAW-CR-725,"Circular Saw 7.25""",Power Tools,1,0
2025-05-20,SAW-CR-725,"Circular Saw 7.25""",Power Tools,0,0
2025-05-21,SAW-CR-725,"Circular Saw 7.25""",Power Tools,1,0
2025-05-22,SAW-CR-725,"Circular Saw 7.25""",Power Tools,0,0
2025-05-23,SAW-CR-725,"Circular Saw 7.25""",Power Tools,0,0
2025-05-24,SAW-CR-725,"Circular Saw 7.25""",Power Tools,0,0
2025-05-25,SAW-CR-725,"Circular Saw 7.25""",Power Tools,0,0
2025-05-26,SAW-CR-725,"Circular Saw 7.25""",Power Tools,0,0
2025-05-27,SAW-CR-725,"Circular Saw 7.25""",Power Tools,0,0
2025-05-28,SAW-CR-725,"Circular Saw 7.25""",Power Tools,1,0
2025-05-29,SAW-CR-725,"Circular Saw 7.25""",Power Tools,0,0
2025-05-30,SAW-CR-725,"Circular Saw 7.25""",Power Tools,0,0
2025-05-31,SAW-CR-725,"Circular Saw 7.25""",Power Tools,0,0
2025-06-01,SAW-CR-725,"Circular Saw 7.25""",Power Tools,0,0
2025-06-02,SAW-CR-725,"Circular Saw 7.25""",Power Tools,0,0
2025-06-03,SAW-CR-725,"Circular Saw 7.25""",Power Tools,0,0
2025-06-04,SAW-CR-725,"Circular Saw 7.25""",Power Tools,0,0
2025-06-05,SAW-CR-725,"Circular Saw 7.25""",Power Tools,0,0
2025-06-06,SAW-CR-725,"Circular Saw 7.25""",Power Tools,0,0
2025-06-07,SAW-CR-725,"Circular Saw 7.25""",Power Tools,2,0
2025-06-08,SAW-CR-725,"Circular Saw 7.25""",Power Tools,0,0
2025-06-09,SAW-CR-725,"Circular Saw 7.25""",Power Tools,0,0
2025-06-10,SAW-CR-725,"Circular Saw 7.25""",Power Tools,0,0
2025-06-11,SAW-CR-725,"Circular Saw 7.25""",Power Tools,3,0
2025-06-12,SAW-CR-725,"Circular Saw 7.25""",Power Tools,0,0
2025-06-13,SAW-CR-725,"Circular Saw 7.25""",Power Tools,0,0
2025-06-14,SAW-CR-725,"Circular Saw 7.25""",Power Tools,3,0
2025-06-15,SAW-CR-725,"Circular Saw 7.25""",Power Tools,0,0
2025-06-16,SAW-CR-725,"Circular Saw 7.25""",Power Tools,2,0
2025-06-17,SAW-CR-725,"Circular Saw 7.25""",Power Tools,0,0
2025-06-18,SAW-CR-725,"Circular Saw 7.25""",Power Tools,2,0
2025-06-19,SAW-CR-725,"Circular Saw 7.25""",Power Tools,0,0
2025-06-20,SAW-CR-725,"Circular Saw 7.25""",Power Tools,0,0
2025-06-21,SAW-CR-725,"Circular Saw 7.25""",Power Tools,1,0
2025-06-22,SAW-CR-725,"Circular Saw 7.25""",Power Tools,0,0
2025-06-23,SAW-CR-725,"Circular Saw 7.25""",Power Tools,1,0
2025-06-24,SAW-CR-725,"Circular Saw 7.25""",Power Tools,1,0
2025-06-25,SAW-CR-725,"Circular Saw 7.25""",Power Tools,0,0
2025-06-26,SAW-CR-725,"Circular Saw 7.25""",Power Tools,0,0
2025-06-27,SAW-CR-725,"Circular Saw 7.25""",Power Tools,0,0
2025-06-28,SAW-CR-725,"Circular Saw 7.25""",Power Tools,0,0
2025-06-29,SAW-CR-725,"Circular Saw 7.25""",Power Tools,0,0
2025-06-30,SAW-CR-725,"Circular Saw 7.25""",Power Tools,0,0
2025-07-01,SAW-CR-725,"Circular Saw 7.25""",Power Tools,2,0
2025-07-02,SAW-CR-725,"Circular Saw 7.25""",Power Tools,0,0
2025-07-03,SAW-CR-725,"Circular Saw 7.25""",Power Tools,0,0
2025-07-04,SAW-CR-725,"Circular Saw 7.25""",Power Tools,0,0
2025-07-05,SAW-CR-725,"Circular Saw 7.25""",Power Tools,0,0
2025-07-06,SAW-CR-725,"Circular Saw 7.25""",Power Tools,0,0
2025-07-07,SAW-CR-725,"Circular Saw 7.25""",Power Tools,0,0
2025-07-08,SAW-CR-725,"Circular Saw 7.25""",Power Tools,0,0
2025-07-09,SAW-CR-725,"Circular Saw 7.25""",Power Tools,0,0
2025-07-10,SAW-CR-725,"Circular Saw 7.25""",Power Tools,0,0
2025-07-11,SAW-CR-725,"Circular Saw 7.25""",Power Tools,0,0
2025-07-12,SAW-CR-725,"Circular Saw 7.25""",Power Tools,0,0
2025-07-13,SAW-CR-725,"Circular Saw 7.25""",Power Tools,3,0
2025-07-14,SAW-CR-725,"Circular Saw 7.25""",Power Tools,0,0
2025-07-15,SAW-CR-725,"Circular Saw 7.25""",Power Tools,2,0
2025-07-16,SAW-CR-725,"Circular Saw 7.25""",Power Tools,0,0
2025-07-17,SAW-CR-725,"Circular Saw 7.25""",Power Tools,0,0
2025-07-18,SAW-CR-725,"Circular Saw 7.25""",Power Tools,0,0
2025-07-19,SAW-CR-725,"Circular Saw 7.25""",Power Tools,0,0
2025-07-20,SAW-CR-725,"Circular Saw 7.25""",Power Tools,0,0
2025-07-21,SAW-CR-725,"Circular Saw 7.25""",Power Tools,1,0
2025-07-22,SAW-CR-725,"Circular Saw 7.25""",Power Tools,1,0
2025-07-23,SAW-CR-725,"Circular Saw 7.25""",Power Tools,0,0
2025-07-24,SAW-CR-725,"Circular Saw 7.25""",Power Tools,1,0
2025-07-25,SAW-CR-725,"Circular Saw 7.25""",Power Tools,0,0
2025-07-26,SAW-CR-725,"Circular Saw 7.25""",Power Tools,0,0
2025-07-27,SAW-CR-725,"Circular Saw 7.25""",Power Tools,0,0
2025-07-28,SAW-CR-725,"Circular Saw 7.25""",Power Tools,0,0
2025-07-29,SAW-CR-725,"Circular Saw 7.25""",Power Tools,0,0
2025-07-30,SAW-CR-725,"Circular Saw 7.25""",Power Tools,0,0
2025-07-31,SAW-CR-725,"Circular Saw 7.25""",Power Tools,0,0
2025-08-01,SAW-CR-725,"Circular Saw 7.25""",Power Tools,1,0
2025-08-02,SAW-CR-725,"Circular Saw 7.25""",Power Tools,1,0
2025-08-03,SAW-CR-725,"Circular Saw 7.25""",Power Tools,0,0
2025-08-04,SAW-CR-725,"Circular Saw 7.25""",Power Tools,0,0
2025-08-05,SAW-CR-725,"Circular Saw 7.25""",Power Tools,0,0
2025-08-06,SAW-CR-725,"Circular Saw 7.25""",Power Tools,0,0
2025-08-07,SAW-CR-725,"Circular Saw 7.25""",Power Tools,0,0
2025-08-08,SAW-CR-725,"Circular Saw 7.25""",Power Tools,0,0
2025-08-09,SAW-CR-725,"Circular Saw 7.25""",Power Tools,1,0
2025-08-10,SAW-CR-725,"Circular Saw 7.25""",Power Tools,0,0
2025-08-11,SAW-CR-725,"Circular Saw 7.25""",Power Tools,0,0
2025-08-12,SAW-CR-725,"Circular Saw 7.25""",Power Tools,0,0
2025-08-13,SAW-CR-725,"Circular Saw 7.25""",Power Tools,0,0
2025-08-14,SAW-CR-725,"Circular Saw 7.25""",Power Tools,0,0
2025-08-15,SAW-CR-725,"Circular Saw 7.25""",Power Tools,0,0
2025-08-16,SAW-CR-725,"Circular Saw 7.25""",Power Tools,0,0
2025-08-17,SAW-CR-725,"Circular Saw 7.25""",Power Tools,0,0
2025-08-18,SAW-CR-725,"Circular Saw 7.25""",Power Tools,0,0
2025-08-19,SAW-CR-725,"Circular Saw 7.25""",Power Tools,0,0
2025-08-20,SAW-CR-725,"Circular Saw 7.25""",Power Tools,0,0
2025-08-21,SAW-CR-725,"Circular Saw 7.25""",Power Tools,0,0
2025-08-22,SAW-CR-725,"Circular Saw 7.25""",Power Tools,0,0
2025-08-23,SAW-CR-725,"Circular Saw 7.25""",Power Tools,0,0
2025-08-24,SAW-CR-725,"Circular Saw 7.25""",Power Tools,0,0
2025-08-25,SAW-CR-725,"Circular Saw 7.25""",Power Tools,1,0
2025-08-26,SAW-CR-725,"Circular Saw 7.25""",Power Tools,0,0
2025-08-27,SAW-CR-725,"Circular Saw 7.25""",Power Tools,0,0
2025-08-28,SAW-CR-725,"Circular Saw 7.25""",Power Tools,1,0
2025-08-29,SAW-CR-725,"Circular Saw 7.25""",Power Tools,0,0
2025-08-30,SAW-CR-725,"Circular Saw 7.25""",Power Tools,0,0
2025-08-31,SAW-CR-725,"Circular Saw 7.25""",Power Tools,1,0
2025-09-01,SAW-CR-725,"Circular Saw 7.25""",Power Tools,0,0
2025-09-02,SAW-CR-725,"Circular Saw 7.25""",Power Tools,0,0
2025-09-03,SAW-CR-725,"Circular Saw 7.25""",Power Tools,0,0
2025-09-04,SAW-CR-725,"Circular Saw 7.25""",Power Tools,0,0
2025-09-05,SAW-CR-725,"Circular Saw 7.25""",Power Tools,0,0
2025-09-06,SAW-CR-725,"Circular Saw 7.25""",Power Tools,0,0
2025-09-07,SAW-CR-725,"Circular Saw 7.25""",Power Tools,2,0
2025-09-08,SAW-CR-725,"Circular Saw 7.25""",Power Tools,0,0
2025-09-09,SAW-CR-725,"Circular Saw 7.25""",Power Tools,0,0
2025-09-10,SAW-CR-725,"Circular Saw 7.25""",Power Tools,0,0
2025-09-11,SAW-CR-725,"Circular Saw 7.25""",Power Tools,0,0
2025-09-12,SAW-CR-725,"Circular Saw 7.25""",Power Tools,1,0
2025-09-13,SAW-CR-725,"Circular Saw 7.25""",Power Tools,1,0
2025-09-14,SAW-CR-725,"Circular Saw 7.25""",Power Tools,2,0
2025-09-15,SAW-CR-725,"Circular Saw 7.25""",Power Tools,0,0
2025-09-16,SAW-CR-725,"Circular Saw 7.25""",Power Tools,0,0
2025-09-17,SAW-CR-725,"Circular Saw 7.25""",Power Tools,0,0
2025-09-18,SAW-CR-725,"Circular Saw 7.25""",Power Tools,0,0
2025-09-19,SAW-CR-725,"Circular Saw 7.25""",Power Tools,0,0
2025-09-20,SAW-CR-725,"Circular Saw 7.25""",Power Tools,2,0
2025-09-21,SAW-CR-725,"Circular Saw 7.25""",Power Tools,0,0
2025-09-22,SAW-CR-725,"Circular Saw 7.25""",Power Tools,1,0
2025-09-23,SAW-CR-725,"Circular Saw 7.25""",Power Tools,0,0
2025-09-24,SAW-CR-725,"Circular Saw 7.25""",Power Tools,1,0
2025-09-25,SAW-CR-725,"Circular Saw 7.25""",Power Tools,0,0
2025-09-26,SAW-CR-725,"Circular Saw 7.25""",Power Tools,0,0
2025-09-27,SAW-CR-725,"Circular Saw 7.25""",Power Tools,0,0
2025-09-28,SAW-CR-725,"Circular Saw 7.25""",Power Tools,1,1
2025-09-29,SAW-CR-725,"Circular Saw 7.25""",Power Tools,0,0
2025-09-30,SAW-CR-725,"Circular Saw 7.25""",Power Tools,2,0
2025-10-01,SAW-CR-725,"Circular Saw 7.25""",Power Tools,0,0
2025-10-02,SAW-CR-725,"Circular Saw 7.25""",Power Tools,0,0
2025-10-03,SAW-CR-725,"Circular Saw 7.25""",Power Tools,1,0
2025-10-04,SAW-CR-725,"Circular Saw 7.25""",Power Tools,0,0
2025-10-05,SAW-CR-725,"Circular Saw 7.25""",Power Tools,0,0
2025-10-06,SAW-CR-725,"Circular Saw 7.25""",Power Tools,1,0
2025-10-07,SAW-CR-725,"Circular Saw 7.25""",Power Tools,0,0
2025-10-08,SAW-CR-725,"Circular Saw 7.25""",Power Tools,0,1
2025-10-09,SAW-CR-725,"Circular Saw 7.25""",Power Tools,0,0
2025-10-10,SAW-CR-725,"Circular Saw 7.25""",Power Tools,0,0
2025-10-11,SAW-CR-725,"Circular Saw 7.25""",Power Tools,2,0
2025-10-12,SAW-CR-725,"Circular Saw 7.25""",Power Tools,0,0
2025-10-13,SAW-CR-725,"Circular Saw 7.25""",Power Tools,0,0
2025-10-14,SAW-CR-725,"Circular Saw 7.25""",Power Tools,3,0
2025-10-15,SAW-CR-725,"Circular Saw 7.25""",Power Tools,0,1
2025-10-16,SAW-CR-725,"Circular Saw 7.25""",Power Tools,1,0
2025-10-17,SAW-CR-725,"Circular Saw 7.25""",Power Tools,0,0
2025-10-18,SAW-CR-725,"Circular Saw 7.25""",Power Tools,1,0
2025-10-19,SAW-CR-725,"Circular Saw 7.25""",Power Tools,0,0
2025-10-20,SAW-CR-725,"Circular Saw 7.25""",Power Tools,0,0
2025-10-21,SAW-CR-725,"Circular Saw 7.25""",Power Tools,1,0
2025-10-22,SAW-CR-725,"Circular Saw 7.25""",Power Tools,0,0
2025-10-23,SAW-CR-725,"Circular Saw 7.25""",Power Tools,1,0
2025-10-24,SAW-CR-725,"Circular Saw 7.25""",Power Tools,2,0
2025-10-25,SAW-CR-725,"Circular Saw 7.25""",Power Tools,2,0
2025-10-26,SAW-CR-725,"Circular Saw 7.25""",Power Tools,1,0
2025-10-27,SAW-CR-725,"Circular Saw 7.25""",Power Tools,0,0
2025-10-28,SAW-CR-725,"Circular Saw 7.25""",Power Tools,0,0
2025-10-29,SAW-CR-725,"Circular Saw 7.25""",Power Tools,0,0
2025-10-30,SAW-CR-725,"Circular Saw 7.25""",Power Tools,0,0
2025-10-31,SAW-CR-725,"Circular Saw 7.25""",Power Tools,1,0
2025-11-01,SAW-CR-725,"Circular Saw 7.25""",Power Tools,0,0
2025-11-02,SAW-CR-725,"Circular Saw 7.25""",Power Tools,0,0
2025-11-03,SAW-CR-725,"Circular Saw 7.25""",Power Tools,1,0
2025-11-04,SAW-CR-725,"Circular Saw 7.25""",Power Tools,0,0
2025-11-05,SAW-CR-725,"Circular Saw 7.25""",Power Tools,0,0
2025-11-06,SAW-CR-725,"Circular Saw 7.25""",Power Tools,1,0
2025-11-07,SAW-CR-725,"Circular Saw 7.25""",Power Tools,0,0
2025-11-08,SAW-CR-725,"Circular Saw 7.25""",Power Tools,2,0
2025-11-09,SAW-CR-725,"Circular Saw 7.25""",Power Tools,0,0
2025-11-10,SAW-CR-725,"Circular Saw 7.25""",Power Tools,2,0
2025-11-11,SAW-CR-725,"Circular Saw 7.25""",Power Tools,1,0
2025-11-12,SAW-CR-725,"Circular Saw 7.25""",Power Tools,0,0
2025-11-13,SAW-CR-725,"Circular Saw 7.25""",Power Tools,0,0
2025-11-14,SAW-CR-725,"Circular Saw 7.25""",Power Tools,2,0
2025-11-15,SAW-CR-725,"Circular Saw 7.25""",Power Tools,3,0
2025-11-16,SAW-CR-725,"Circular Saw 7.25""",Power Tools,0,0
2025-11-17,SAW-CR-725,"Circular Saw 7.25""",Power Tools,0,0
2025-11-18,SAW-CR-725,"Circular Saw 7.25""",Power Tools,0,0
2025-11-19,SAW-CR-725,"Circular Saw 7.25""",Power Tools,2,0
2025-11-20,SAW-CR-725,"Circular Saw 7.25""",Power Tools,2,0
2025-11-21,SAW-CR-725,"Circular Saw 7.25""",Power Tools,2,0
2025-11-22,SAW-CR-725,"Circular Saw 7.25""",Power Tools,0,0
2025-11-23,SAW-CR-725,"Circular Saw 7.25""",Power Tools,3,0
2025-11-24,SAW-CR-725,"Circular Saw 7.25""",Power Tools,0,0
2025-11-25,SAW-CR-725,"Circular Saw 7.25""",Power Tools,0,0
2025-11-26,SAW-CR-725,"Circular Saw 7.25""",Power Tools,0,1
2025-11-27,SAW-CR-725,"Circular Saw 7.25""",Power Tools,0,0
2025-11-28,SAW-CR-725,"Circular Saw 7.25""",Power Tools,0,0
2025-11-29,SAW-CR-725,"Circular Saw 7.25""",Power Tools,2,0
2025-11-30,SAW-CR-725,"Circular Saw 7.25""",Power Tools,0,0
2025-12-01,SAW-CR-725,"Circular Saw 7.25""",Power Tools,0,0
2025-12-02,SAW-CR-725,"Circular Saw 7.25""",Power Tools,0,0
2025-12-03,SAW-CR-725,"Circular Saw 7.25""",Power Tools,1,0
2025-12-04,SAW-CR-725,"Circular Saw 7.25""",Power Tools,1,0
2025-12-05,SAW-CR-725,"Circular Saw 7.25""",Power Tools,0,0
2025-12-06,SAW-CR-725,"Circular Saw 7.25""",Power Tools,1,0
2025-12-07,SAW-CR-725,"Circular Saw 7.25""",Power Tools,1,0
2025-12-08,SAW-CR-725,"Circular Saw 7.25""",Power Tools,0,0
2025-12-09,SAW-CR-725,"Circular Saw 7.25""",Power Tools,0,0
2025-12-10,SAW-CR-725,"Circular Saw 7.25""",Power Tools,0,0
2025-12-11,SAW-CR-725,"Circular Saw 7.25""",Power Tools,0,0
2025-12-12,SAW-CR-725,"Circular Saw 7.25""",Power Tools,0,0
2025-12-13,SAW-CR-725,"Circular Saw 7.25""",Power Tools,0,0
2025-12-14,SAW-CR-725,"Circular Saw 7.25""",Power Tools,0,0
2025-12-15,SAW-CR-725,"Circular Saw 7.25""",Power Tools,2,0
2025-12-16,SAW-CR-725,"Circular Saw 7.25""",Power Tools,0,0
2025-12-17,SAW-CR-725,"Circular Saw 7.25""",Power Tools,0,0
2025-12-18,SAW-CR-725,"Circular Saw 7.25""",Power Tools,0,0
2025-12-19,SAW-CR-725,"Circular Saw 7.25""",Power Tools,2,0
2025-12-20,SAW-CR-725,"Circular Saw 7.25""",Power Tools,0,0
2025-12-21,SAW-CR-725,"Circular Saw 7.25""",Power Tools,0,0
2025-12-22,SAW-CR-725,"Circular Saw 7.25""",Power Tools,0,0
2025-12-23,SAW-CR-725,"Circular Saw 7.25""",Power Tools,0,0
2025-12-24,SAW-CR-725,"Circular Saw 7.25""",Power Tools,0,0
2025-12-25,SAW-CR-725,"Circular Saw 7.25""",Power Tools,0,0
2025-12-26,SAW-CR-725,"Circular Saw 7.25""",Power Tools,0,0
2025-12-27,SAW-CR-725,"Circular Saw 7.25""",Power Tools,0,0
2025-12-28,SAW-CR-725,"Circular Saw 7.25""",Power Tools,1,0
2025-12-29,SAW-CR-725,"Circular Saw 7.25""",Power Tools,0,0
2025-12-30,SAW-CR-725,"Circular Saw 7.25""",Power Tools,0,0
2025-12-31,SAW-CR-725,"Circular Saw 7.25""",Power Tools,0,0
2026-01-01,SAW-CR-725,"Circular Saw 7.25""",Power Tools,0,0
2026-01-02,SAW-CR-725,"Circular Saw 7.25""",Power Tools,0,0
2026-01-03,SAW-CR-725,"Circular Saw 7.25""",Power Tools,0,0
2026-01-04,SAW-CR-725,"Circular Saw 7.25""",Power Tools,0,0
2026-01-05,SAW-CR-725,"Circular Saw 7.25""",Power Tools,2,0
2026-01-06,SAW-CR-725,"Circular Saw 7.25""",Power Tools,1,0
2026-01-07,SAW-CR-725,"Circular Saw 7.25""",Power Tools,0,0
2026-01-08,SAW-CR-725,"Circular Saw 7.25""",Power Tools,0,0
2026-01-09,SAW-CR-725,"Circular Saw 7.25""",Power Tools,0,0
2026-01-10,SAW-CR-725,"Circular Saw 7.25""",Power Tools,0,0
2026-01-11,SAW-CR-725,"Circular Saw 7.25""",Power Tools,3,0
2026-01-12,SAW-CR-725,"Circular Saw 7.25""",Power Tools,0,0
2026-01-13,SAW-CR-725,"Circular Saw 7.25""",Power Tools,1,1
2026-01-14,SAW-CR-725,"Circular Saw 7.25""",Power Tools,0,0
2026-01-15,SAW-CR-725,"Circular Saw 7.25""",Power Tools,0,0
2026-01-16,SAW-CR-725,"Circular Saw 7.25""",Power Tools,1,0
2026-01-17,SAW-CR-725,"Circular Saw 7.25""",Power Tools,0,0
2026-01-18,SAW-CR-725,"Circular Saw 7.25""",Power Tools,0,0
2026-01-19,SAW-CR-725,"Circular Saw 7.25""",Power Tools,0,0
2026-01-20,SAW-CR-725,"Circular Saw 7.25""",Power Tools,1,0
2026-01-21,SAW-CR-725,"Circular Saw 7.25""",Power Tools,2,0
2026-01-22,SAW-CR-725,"Circular Saw 7.25""",Power Tools,2,0
2026-01-23,SAW-CR-725,"Circular Saw 7.25""",Power Tools,0,0
2026-01-24,SAW-CR-725,"Circular Saw 7.25""",Power Tools,0,0
2026-01-25,SAW-CR-725,"Circular Saw 7.25""",Power Tools,0,0
2026-01-26,SAW-CR-725,"Circular Saw 7.25""",Power Tools,1,0
2026-01-27,SAW-CR-725,"Circular Saw 7.25""",Power Tools,1,0
2026-01-28,SAW-CR-725,"Circular Saw 7.25""",Power Tools,1,0
2026-01-29,SAW-CR-725,"Circular Saw 7.25""",Power Tools,1,0
2026-01-30,SAW-CR-725,"Circular Saw 7.25""",Power Tools,0,0
2026-01-31,SAW-CR-725,"Circular Saw 7.25""",Power Tools,0,0
2026-02-01,SAW-CR-725,"Circular Saw 7.25""",Power Tools,0,0
2026-02-02,SAW-CR-725,"Circular Saw 7.25""",Power Tools,0,0
2026-02-03,SAW-CR-725,"Circular Saw 7.25""",Power Tools,1,0
2026-02-04,SAW-CR-725,"Circular Saw 7.25""",Power Tools,0,0
2026-02-05,SAW-CR-725,"Circular Saw 7.25""",Power Tools,0,0
2026-02-06,SAW-CR-725,"Circular Saw 7.25""",Power Tools,0,0
2026-02-07,SAW-CR-725,"Circular Saw 7.25""",Power Tools,2,0
2026-02-08,SAW-CR-725,"Circular Saw 7.25""",Power Tools,0,0
2026-02-09,SAW-CR-725,"Circular Saw 7.25""",Power Tools,1,0
2026-02-10,SAW-CR-725,"Circular Saw 7.25""",Power Tools,0,0
2026-02-11,SAW-CR-725,"Circular Saw 7.25""",Power Tools,0,0
2026-02-12,SAW-CR-725,"Circular Saw 7.25""",Power Tools,0,0
2026-02-13,SAW-CR-725,"Circular Saw 7.25""",Power Tools,1,0
2026-02-14,SAW-CR-725,"Circular Saw 7.25""",Power Tools,1,0
2026-02-15,SAW-CR-725,"Circular Saw 7.25""",Power Tools,0,0
2026-02-16,SAW-CR-725,"Circular Saw 7.25""",Power Tools,0,1
2026-02-17,SAW-CR-725,"Circular Saw 7.25""",Power Tools,2,0
2026-02-18,SAW-CR-725,"Circular Saw 7.25""",Power Tools,0,0
2026-02-19,SAW-CR-725,"Circular Saw 7.25""",Power Tools,0,0
2026-02-20,SAW-CR-725,"Circular Saw 7.25""",Power Tools,1,0
2026-02-21,SAW-CR-725,"Circular Saw 7.25""",Power Tools,0,0
2026-02-22,SAW-CR-725,"Circular Saw 7.25""",Power Tools,0,0
2026-02-23,SAW-CR-725,"Circular Saw 7.25""",Power Tools,1,0
2026-02-24,SAW-CR-725,"Circular Saw 7.25""",Power Tools,1,0
2026-02-25,SAW-CR-725,"Circular Saw 7.25""",Power Tools,0,0
2026-02-26,SAW-CR-725,"Circular Saw 7.25""",Power Tools,0,0
2026-02-27,SAW-CR-725,"Circular Saw 7.25""",Power Tools,1,0
2026-02-28,SAW-CR-725,"Circular Saw 7.25""",Power Tools,0,0
2026-03-01,SAW-CR-725,"Circular Saw 7.25""",Power Tools,0,0
2026-03-02,SAW-CR-725,"Circular Saw 7.25""",Power Tools,0,0
2026-03-03,SAW-CR-725,"Circular Saw 7.25""",Power Tools,0,0
2026-03-04,SAW-CR-725,"Circular Saw 7.25""",Power Tools,0,0
2026-03-05,SAW-CR-725,"Circular Saw 7.25""",Power Tools,1,0
2026-03-06,SAW-CR-725,"Circular Saw 7.25""",Power Tools,0,0
2026-03-07,SAW-CR-725,"Circular Saw 7.25""",Power Tools,0,0
2026-03-08,SAW-CR-725,"Circular Saw 7.25""",Power Tools,1,0
2026-03-09,SAW-CR-725,"Circular Saw 7.25""",Power Tools,1,0
2026-03-10,SAW-CR-725,"Circular Saw 7.25""",Power Tools,1,0
2026-03-11,SAW-CR-725,"Circular Saw 7.25""",Power Tools,1,0
2026-03-12,SAW-CR-725,"Circular Saw 7.25""",Power Tools,0,0
2026-03-13,SAW-CR-725,"Circular Saw 7.25""",Power Tools,0,0
2026-03-14,SAW-CR-725,"Circular Saw 7.25""",Power Tools,0,0
2026-03-15,SAW-CR-725,"Circular Saw 7.25""",Power Tools,0,0
2026-03-16,SAW-CR-725,"Circular Saw 7.25""",Power Tools,1,0
2026-03-17,SAW-CR-725,"Circular Saw 7.25""",Power Tools,0,0
2026-03-18,SAW-CR-725,"Circular Saw 7.25""",Power Tools,0,0
2026-03-19,SAW-CR-725,"Circular Saw 7.25""",Power Tools,0,0
2026-03-20,SAW-CR-725,"Circular Saw 7.25""",Power Tools,0,0
2026-03-21,SAW-CR-725,"Circular Saw 7.25""",Power Tools,0,0
2026-03-22,SAW-CR-725,"Circular Saw 7.25""",Power Tools,0,0
2026-03-23,SAW-CR-725,"Circular Saw 7.25""",Power Tools,0,0
2026-03-24,SAW-CR-725,"Circular Saw 7.25""",Power Tools,0,0
2026-03-25,SAW-CR-725,"Circular Saw 7.25""",Power Tools,0,0
2026-03-26,SAW-CR-725,"Circular Saw 7.25""",Power Tools,0,0
2026-03-27,SAW-CR-725,"Circular Saw 7.25""",Power Tools,3,0
2026-03-28,SAW-CR-725,"Circular Saw 7.25""",Power Tools,0,0
2026-03-29,SAW-CR-725,"Circular Saw 7.25""",Power Tools,0,0
2026-03-30,SAW-CR-725,"Circular Saw 7.25""",Power Tools,0,0
2026-03-31,SAW-CR-725,"Circular Saw 7.25""",Power Tools,2,0
2026-04-01,SAW-CR-725,"Circular Saw 7.25""",Power Tools,0,0
2026-04-02,SAW-CR-725,"Circular Saw 7.25""",Power Tools,0,0
2026-04-03,SAW-CR-725,"Circular Saw 7.25""",Power Tools,0,0
2026-04-04,SAW-CR-725,"Circular Saw 7.25""",Power Tools,1,0
2026-04-05,SAW-CR-725,"Circular Saw 7.25""",Power Tools,0,0
2026-04-06,SAW-CR-725,"Circular Saw 7.25""",Power Tools,1,0
2026-04-07,SAW-CR-725,"Circular Saw 7.25""",Power Tools,2,0
2026-04-08,SAW-CR-725,"Circular Saw 7.25""",Power Tools,1,0
2026-04-09,SAW-CR-725,"Circular Saw 7.25""",Power Tools,0,0
2026-04-10,SAW-CR-725,"Circular Saw 7.25""",Power Tools,1,0
2026-04-11,SAW-CR-725,"Circular Saw 7.25""",Power Tools,0,0
2026-04-12,SAW-CR-725,"Circular Saw 7.25""",Power Tools,2,0
2026-04-13,SAW-CR-725,"Circular Saw 7.25""",Power Tools,1,0
2026-04-14,SAW-CR-725,"Circular Saw 7.25""",Power Tools,2,0
2026-04-15,SAW-CR-725,"Circular Saw 7.25""",Power Tools,0,0
2026-04-16,SAW-CR-725,"Circular Saw 7.25""",Power Tools,0,0
2026-04-17,SAW-CR-725,"Circular Saw 7.25""",Power Tools,0,0
2026-04-18,SAW-CR-725,"Circular Saw 7.25""",Power Tools,0,0
2026-04-19,SAW-CR-725,"Circular Saw 7.25""",Power Tools,1,0
2026-04-20,SAW-CR-725,"Circular Saw 7.25""",Power Tools,0,0
2026-04-21,SAW-CR-725,"Circular Saw 7.25""",Power Tools,0,0
2026-04-22,SAW-CR-725,"Circular Saw 7.25""",Power Tools,0,0
2026-04-23,SAW-CR-725,"Circular Saw 7.25""",Power Tools,0,0
2026-04-24,SAW-CR-725,"Circular Saw 7.25""",Power Tools,0,0
2026-04-25,SAW-CR-725,"Circular Saw 7.25""",Power Tools,0,0
2026-04-26,SAW-CR-725,"Circular Saw 7.25""",Power Tools,2,0
2026-04-27,SAW-CR-725,"Circular Saw 7.25""",Power Tools,0,0
2026-04-28,SAW-CR-725,"Circular Saw 7.25""",Power Tools,0,0
2026-04-29,SAW-CR-725,"Circular Saw 7.25""",Power Tools,0,0
2026-04-30,SAW-CR-725,"Circular Saw 7.25""",Power Tools,0,0
2026-05-01,SAW-CR-725,"Circular Saw 7.25""",Power Tools,0,0
2026-05-02,SAW-CR-725,"Circular Saw 7.25""",Power Tools,0,0
2026-05-03,SAW-CR-725,"Circular Saw 7.25""",Power Tools,2,0
2026-05-04,SAW-CR-725,"Circular Saw 7.25""",Power Tools,0,0
2026-05-05,SAW-CR-725,"Circular Saw 7.25""",Power Tools,0,0
2026-05-06,SAW-CR-725,"Circular Saw 7.25""",Power Tools,0,0
2026-05-07,SAW-CR-725,"Circular Saw 7.25""",Power Tools,0,0
2026-05-08,SAW-CR-725,"Circular Saw 7.25""",Power Tools,1,0
2026-05-09,SAW-CR-725,"Circular Saw 7.25""",Power Tools,1,0
2026-05-10,SAW-CR-725,"Circular Saw 7.25""",Power Tools,1,0
2026-05-11,SAW-CR-725,"Circular Saw 7.25""",Power Tools,0,0
2026-05-12,SAW-CR-725,"Circular Saw 7.25""",Power Tools,0,0
2026-05-13,SAW-CR-725,"Circular Saw 7.25""",Power Tools,0,0
2026-05-14,SAW-CR-725,"Circular Saw 7.25""",Power Tools,0,0
2026-05-15,SAW-CR-725,"Circular Saw 7.25""",Power Tools,0,0
2024-11-22,GRN-AG-45,"Angle Grinder 4.5""",Power Tools,0,0
2024-11-23,GRN-AG-45,"Angle Grinder 4.5""",Power Tools,1,0
2024-11-24,GRN-AG-45,"Angle Grinder 4.5""",Power Tools,0,0
2024-11-25,GRN-AG-45,"Angle Grinder 4.5""",Power Tools,2,0
2024-11-26,GRN-AG-45,"Angle Grinder 4.5""",Power Tools,1,0
2024-11-27,GRN-AG-45,"Angle Grinder 4.5""",Power Tools,0,0
2024-11-28,GRN-AG-45,"Angle Grinder 4.5""",Power Tools,2,0
2024-11-29,GRN-AG-45,"Angle Grinder 4.5""",Power Tools,0,0
2024-11-30,GRN-AG-45,"Angle Grinder 4.5""",Power Tools,0,0
2024-12-01,GRN-AG-45,"Angle Grinder 4.5""",Power Tools,1,0
2024-12-02,GRN-AG-45,"Angle Grinder 4.5""",Power Tools,0,0
2024-12-03,GRN-AG-45,"Angle Grinder 4.5""",Power Tools,1,0
2024-12-04,GRN-AG-45,"Angle Grinder 4.5""",Power Tools,0,0
2024-12-05,GRN-AG-45,"Angle Grinder 4.5""",Power Tools,0,0
2024-12-06,GRN-AG-45,"Angle Grinder 4.5""",Power Tools,1,0
2024-12-07,GRN-AG-45,"Angle Grinder 4.5""",Power Tools,4,0
2024-12-08,GRN-AG-45,"Angle Grinder 4.5""",Power Tools,1,0
2024-12-09,GRN-AG-45,"Angle Grinder 4.5""",Power Tools,1,0
2024-12-10,GRN-AG-45,"Angle Grinder 4.5""",Power Tools,1,0
2024-12-11,GRN-AG-45,"Angle Grinder 4.5""",Power Tools,1,0
2024-12-12,GRN-AG-45,"Angle Grinder 4.5""",Power Tools,0,1
2024-12-13,GRN-AG-45,"Angle Grinder 4.5""",Power Tools,0,0
2024-12-14,GRN-AG-45,"Angle Grinder 4.5""",Power Tools,1,0
2024-12-15,GRN-AG-45,"Angle Grinder 4.5""",Power Tools,1,0
2024-12-16,GRN-AG-45,"Angle Grinder 4.5""",Power Tools,0,0
2024-12-17,GRN-AG-45,"Angle Grinder 4.5""",Power Tools,0,0
2024-12-18,GRN-AG-45,"Angle Grinder 4.5""",Power Tools,0,0
2024-12-19,GRN-AG-45,"Angle Grinder 4.5""",Power Tools,0,0
2024-12-20,GRN-AG-45,"Angle Grinder 4.5""",Power Tools,1,0
2024-12-21,GRN-AG-45,"Angle Grinder 4.5""",Power Tools,0,0
2024-12-22,GRN-AG-45,"Angle Grinder 4.5""",Power Tools,0,0
2024-12-23,GRN-AG-45,"Angle Grinder 4.5""",Power Tools,0,0
2024-12-24,GRN-AG-45,"Angle Grinder 4.5""",Power Tools,3,0
2024-12-25,GRN-AG-45,"Angle Grinder 4.5""",Power Tools,0,0
2024-12-26,GRN-AG-45,"Angle Grinder 4.5""",Power Tools,0,0
2024-12-27,GRN-AG-45,"Angle Grinder 4.5""",Power Tools,0,0
2024-12-28,GRN-AG-45,"Angle Grinder 4.5""",Power Tools,1,0
2024-12-29,GRN-AG-45,"Angle Grinder 4.5""",Power Tools,4,0
2024-12-30,GRN-AG-45,"Angle Grinder 4.5""",Power Tools,0,0
2024-12-31,GRN-AG-45,"Angle Grinder 4.5""",Power Tools,1,0
2025-01-01,GRN-AG-45,"Angle Grinder 4.5""",Power Tools,0,0
2025-01-02,GRN-AG-45,"Angle Grinder 4.5""",Power Tools,0,0
2025-01-03,GRN-AG-45,"Angle Grinder 4.5""",Power Tools,0,0
2025-01-04,GRN-AG-45,"Angle Grinder 4.5""",Power Tools,0,0
2025-01-05,GRN-AG-45,"Angle Grinder 4.5""",Power Tools,0,0
2025-01-06,GRN-AG-45,"Angle Grinder 4.5""",Power Tools,1,0
2025-01-07,GRN-AG-45,"Angle Grinder 4.5""",Power Tools,1,0
2025-01-08,GRN-AG-45,"Angle Grinder 4.5""",Power Tools,1,0
2025-01-09,GRN-AG-45,"Angle Grinder 4.5""",Power Tools,1,0
2025-01-10,GRN-AG-45,"Angle Grinder 4.5""",Power Tools,0,0
2025-01-11,GRN-AG-45,"Angle Grinder 4.5""",Power Tools,4,0
2025-01-12,GRN-AG-45,"Angle Grinder 4.5""",Power Tools,1,0
2025-01-13,GRN-AG-45,"Angle Grinder 4.5""",Power Tools,0,0
2025-01-14,GRN-AG-45,"Angle Grinder 4.5""",Power Tools,1,0
2025-01-15,GRN-AG-45,"Angle Grinder 4.5""",Power Tools,0,0
2025-01-16,GRN-AG-45,"Angle Grinder 4.5""",Power Tools,0,0
2025-01-17,GRN-AG-45,"Angle Grinder 4.5""",Power Tools,1,0
2025-01-18,GRN-AG-45,"Angle Grinder 4.5""",Power Tools,0,0
2025-01-19,GRN-AG-45,"Angle Grinder 4.5""",Power Tools,0,0
2025-01-20,GRN-AG-45,"Angle Grinder 4.5""",Power Tools,1,0
2025-01-21,GRN-AG-45,"Angle Grinder 4.5""",Power Tools,0,0
2025-01-22,GRN-AG-45,"Angle Grinder 4.5""",Power Tools,0,0
2025-01-23,GRN-AG-45,"Angle Grinder 4.5""",Power Tools,0,0
2025-01-24,GRN-AG-45,"Angle Grinder 4.5""",Power Tools,0,0
2025-01-25,GRN-AG-45,"Angle Grinder 4.5""",Power Tools,0,0
2025-01-26,GRN-AG-45,"Angle Grinder 4.5""",Power Tools,0,0
2025-01-27,GRN-AG-45,"Angle Grinder 4.5""",Power Tools,0,0
2025-01-28,GRN-AG-45,"Angle Grinder 4.5""",Power Tools,1,0
2025-01-29,GRN-AG-45,"Angle Grinder 4.5""",Power Tools,0,0
2025-01-30,GRN-AG-45,"Angle Grinder 4.5""",Power Tools,2,0
2025-01-31,GRN-AG-45,"Angle Grinder 4.5""",Power Tools,0,0
2025-02-01,GRN-AG-45,"Angle Grinder 4.5""",Power Tools,1,0
2025-02-02,GRN-AG-45,"Angle Grinder 4.5""",Power Tools,0,0
2025-02-03,GRN-AG-45,"Angle Grinder 4.5""",Power Tools,2,0
2025-02-04,GRN-AG-45,"Angle Grinder 4.5""",Power Tools,0,0
2025-02-05,GRN-AG-45,"Angle Grinder 4.5""",Power Tools,1,0
2025-02-06,GRN-AG-45,"Angle Grinder 4.5""",Power Tools,1,0
2025-02-07,GRN-AG-45,"Angle Grinder 4.5""",Power Tools,0,0
2025-02-08,GRN-AG-45,"Angle Grinder 4.5""",Power Tools,0,0
2025-02-09,GRN-AG-45,"Angle Grinder 4.5""",Power Tools,1,0
2025-02-10,GRN-AG-45,"Angle Grinder 4.5""",Power Tools,0,0
2025-02-11,GRN-AG-45,"Angle Grinder 4.5""",Power Tools,0,0
2025-02-12,GRN-AG-45,"Angle Grinder 4.5""",Power Tools,0,0
2025-02-13,GRN-AG-45,"Angle Grinder 4.5""",Power Tools,0,0
2025-02-14,GRN-AG-45,"Angle Grinder 4.5""",Power Tools,1,1
2025-02-15,GRN-AG-45,"Angle Grinder 4.5""",Power Tools,1,0
2025-02-16,GRN-AG-45,"Angle Grinder 4.5""",Power Tools,0,0
2025-02-17,GRN-AG-45,"Angle Grinder 4.5""",Power Tools,0,0
2025-02-18,GRN-AG-45,"Angle Grinder 4.5""",Power Tools,0,0
2025-02-19,GRN-AG-45,"Angle Grinder 4.5""",Power Tools,0,0
2025-02-20,GRN-AG-45,"Angle Grinder 4.5""",Power Tools,0,0
2025-02-21,GRN-AG-45,"Angle Grinder 4.5""",Power Tools,0,0
2025-02-22,GRN-AG-45,"Angle Grinder 4.5""",Power Tools,0,0
2025-02-23,GRN-AG-45,"Angle Grinder 4.5""",Power Tools,2,0
2025-02-24,GRN-AG-45,"Angle Grinder 4.5""",Power Tools,0,0
2025-02-25,GRN-AG-45,"Angle Grinder 4.5""",Power Tools,0,0
2025-02-26,GRN-AG-45,"Angle Grinder 4.5""",Power Tools,0,0
2025-02-27,GRN-AG-45,"Angle Grinder 4.5""",Power Tools,0,0
2025-02-28,GRN-AG-45,"Angle Grinder 4.5""",Power Tools,0,0
2025-03-01,GRN-AG-45,"Angle Grinder 4.5""",Power Tools,0,0
2025-03-02,GRN-AG-45,"Angle Grinder 4.5""",Power Tools,0,0
2025-03-03,GRN-AG-45,"Angle Grinder 4.5""",Power Tools,1,0
2025-03-04,GRN-AG-45,"Angle Grinder 4.5""",Power Tools,1,0
2025-03-05,GRN-AG-45,"Angle Grinder 4.5""",Power Tools,0,0
2025-03-06,GRN-AG-45,"Angle Grinder 4.5""",Power Tools,1,0
2025-03-07,GRN-AG-45,"Angle Grinder 4.5""",Power Tools,1,0
2025-03-08,GRN-AG-45,"Angle Grinder 4.5""",Power Tools,0,0
2025-03-09,GRN-AG-45,"Angle Grinder 4.5""",Power Tools,0,0
2025-03-10,GRN-AG-45,"Angle Grinder 4.5""",Power Tools,0,0
2025-03-11,GRN-AG-45,"Angle Grinder 4.5""",Power Tools,0,0
2025-03-12,GRN-AG-45,"Angle Grinder 4.5""",Power Tools,1,0
2025-03-13,GRN-AG-45,"Angle Grinder 4.5""",Power Tools,0,0
2025-03-14,GRN-AG-45,"Angle Grinder 4.5""",Power Tools,0,0
2025-03-15,GRN-AG-45,"Angle Grinder 4.5""",Power Tools,1,0
2025-03-16,GRN-AG-45,"Angle Grinder 4.5""",Power Tools,1,0
2025-03-17,GRN-AG-45,"Angle Grinder 4.5""",Power Tools,0,0
2025-03-18,GRN-AG-45,"Angle Grinder 4.5""",Power Tools,0,0
2025-03-19,GRN-AG-45,"Angle Grinder 4.5""",Power Tools,0,0
2025-03-20,GRN-AG-45,"Angle Grinder 4.5""",Power Tools,0,0
2025-03-21,GRN-AG-45,"Angle Grinder 4.5""",Power Tools,0,0
2025-03-22,GRN-AG-45,"Angle Grinder 4.5""",Power Tools,1,0
2025-03-23,GRN-AG-45,"Angle Grinder 4.5""",Power Tools,0,0
2025-03-24,GRN-AG-45,"Angle Grinder 4.5""",Power Tools,0,0
2025-03-25,GRN-AG-45,"Angle Grinder 4.5""",Power Tools,0,0
2025-03-26,GRN-AG-45,"Angle Grinder 4.5""",Power Tools,1,0
2025-03-27,GRN-AG-45,"Angle Grinder 4.5""",Power Tools,0,0
2025-03-28,GRN-AG-45,"Angle Grinder 4.5""",Power Tools,4,0
2025-03-29,GRN-AG-45,"Angle Grinder 4.5""",Power Tools,3,0
2025-03-30,GRN-AG-45,"Angle Grinder 4.5""",Power Tools,1,0
2025-03-31,GRN-AG-45,"Angle Grinder 4.5""",Power Tools,0,0
2025-04-01,GRN-AG-45,"Angle Grinder 4.5""",Power Tools,2,0
2025-04-02,GRN-AG-45,"Angle Grinder 4.5""",Power Tools,0,0
2025-04-03,GRN-AG-45,"Angle Grinder 4.5""",Power Tools,0,0
2025-04-04,GRN-AG-45,"Angle Grinder 4.5""",Power Tools,1,0
2025-04-05,GRN-AG-45,"Angle Grinder 4.5""",Power Tools,0,0
2025-04-06,GRN-AG-45,"Angle Grinder 4.5""",Power Tools,0,0
2025-04-07,GRN-AG-45,"Angle Grinder 4.5""",Power Tools,0,0
2025-04-08,GRN-AG-45,"Angle Grinder 4.5""",Power Tools,0,0
2025-04-09,GRN-AG-45,"Angle Grinder 4.5""",Power Tools,2,0
2025-04-10,GRN-AG-45,"Angle Grinder 4.5""",Power Tools,0,0
2025-04-11,GRN-AG-45,"Angle Grinder 4.5""",Power Tools,0,0
2025-04-12,GRN-AG-45,"Angle Grinder 4.5""",Power Tools,1,0
2025-04-13,GRN-AG-45,"Angle Grinder 4.5""",Power Tools,0,0
2025-04-14,GRN-AG-45,"Angle Grinder 4.5""",Power Tools,0,0
2025-04-15,GRN-AG-45,"Angle Grinder 4.5""",Power Tools,1,0
2025-04-16,GRN-AG-45,"Angle Grinder 4.5""",Power Tools,0,0
2025-04-17,GRN-AG-45,"Angle Grinder 4.5""",Power Tools,0,0
2025-04-18,GRN-AG-45,"Angle Grinder 4.5""",Power Tools,0,0
2025-04-19,GRN-AG-45,"Angle Grinder 4.5""",Power Tools,1,0
2025-04-20,GRN-AG-45,"Angle Grinder 4.5""",Power Tools,0,0
2025-04-21,GRN-AG-45,"Angle Grinder 4.5""",Power Tools,0,0
2025-04-22,GRN-AG-45,"Angle Grinder 4.5""",Power Tools,0,0
2025-04-23,GRN-AG-45,"Angle Grinder 4.5""",Power Tools,0,0
2025-04-24,GRN-AG-45,"Angle Grinder 4.5""",Power Tools,0,0
2025-04-25,GRN-AG-45,"Angle Grinder 4.5""",Power Tools,1,0
2025-04-26,GRN-AG-45,"Angle Grinder 4.5""",Power Tools,0,0
2025-04-27,GRN-AG-45,"Angle Grinder 4.5""",Power Tools,3,0
2025-04-28,GRN-AG-45,"Angle Grinder 4.5""",Power Tools,3,0
2025-04-29,GRN-AG-45,"Angle Grinder 4.5""",Power Tools,0,0
2025-04-30,GRN-AG-45,"Angle Grinder 4.5""",Power Tools,0,0
2025-05-01,GRN-AG-45,"Angle Grinder 4.5""",Power Tools,3,0
2025-05-02,GRN-AG-45,"Angle Grinder 4.5""",Power Tools,0,0
2025-05-03,GRN-AG-45,"Angle Grinder 4.5""",Power Tools,0,0
2025-05-04,GRN-AG-45,"Angle Grinder 4.5""",Power Tools,0,0
2025-05-05,GRN-AG-45,"Angle Grinder 4.5""",Power Tools,0,0
2025-05-06,GRN-AG-45,"Angle Grinder 4.5""",Power Tools,0,0
2025-05-07,GRN-AG-45,"Angle Grinder 4.5""",Power Tools,0,0
2025-05-08,GRN-AG-45,"Angle Grinder 4.5""",Power Tools,0,1
2025-05-09,GRN-AG-45,"Angle Grinder 4.5""",Power Tools,2,0
2025-05-10,GRN-AG-45,"Angle Grinder 4.5""",Power Tools,1,0
2025-05-11,GRN-AG-45,"Angle Grinder 4.5""",Power Tools,0,1
2025-05-12,GRN-AG-45,"Angle Grinder 4.5""",Power Tools,0,0
2025-05-13,GRN-AG-45,"Angle Grinder 4.5""",Power Tools,0,1
2025-05-14,GRN-AG-45,"Angle Grinder 4.5""",Power Tools,3,0
2025-05-15,GRN-AG-45,"Angle Grinder 4.5""",Power Tools,0,0
2025-05-16,GRN-AG-45,"Angle Grinder 4.5""",Power Tools,1,0
2025-05-17,GRN-AG-45,"Angle Grinder 4.5""",Power Tools,0,0
2025-05-18,GRN-AG-45,"Angle Grinder 4.5""",Power Tools,0,0
2025-05-19,GRN-AG-45,"Angle Grinder 4.5""",Power Tools,0,0
2025-05-20,GRN-AG-45,"Angle Grinder 4.5""",Power Tools,3,0
2025-05-21,GRN-AG-45,"Angle Grinder 4.5""",Power Tools,1,0
2025-05-22,GRN-AG-45,"Angle Grinder 4.5""",Power Tools,1,0
2025-05-23,GRN-AG-45,"Angle Grinder 4.5""",Power Tools,0,0
2025-05-24,GRN-AG-45,"Angle Grinder 4.5""",Power Tools,1,0
2025-05-25,GRN-AG-45,"Angle Grinder 4.5""",Power Tools,2,0
2025-05-26,GRN-AG-45,"Angle Grinder 4.5""",Power Tools,2,0
2025-05-27,GRN-AG-45,"Angle Grinder 4.5""",Power Tools,0,0
2025-05-28,GRN-AG-45,"Angle Grinder 4.5""",Power Tools,0,0
2025-05-29,GRN-AG-45,"Angle Grinder 4.5""",Power Tools,0,0
2025-05-30,GRN-AG-45,"Angle Grinder 4.5""",Power Tools,1,0
2025-05-31,GRN-AG-45,"Angle Grinder 4.5""",Power Tools,2,0
2025-06-01,GRN-AG-45,"Angle Grinder 4.5""",Power Tools,1,0
2025-06-02,GRN-AG-45,"Angle Grinder 4.5""",Power Tools,0,0
2025-06-03,GRN-AG-45,"Angle Grinder 4.5""",Power Tools,1,0
2025-06-04,GRN-AG-45,"Angle Grinder 4.5""",Power Tools,1,0
2025-06-05,GRN-AG-45,"Angle Grinder 4.5""",Power Tools,0,0
2025-06-06,GRN-AG-45,"Angle Grinder 4.5""",Power Tools,0,0
2025-06-07,GRN-AG-45,"Angle Grinder 4.5""",Power Tools,1,0
2025-06-08,GRN-AG-45,"Angle Grinder 4.5""",Power Tools,0,0
2025-06-09,GRN-AG-45,"Angle Grinder 4.5""",Power Tools,0,0
2025-06-10,GRN-AG-45,"Angle Grinder 4.5""",Power Tools,1,0
2025-06-11,GRN-AG-45,"Angle Grinder 4.5""",Power Tools,1,0
2025-06-12,GRN-AG-45,"Angle Grinder 4.5""",Power Tools,0,0
2025-06-13,GRN-AG-45,"Angle Grinder 4.5""",Power Tools,0,0
2025-06-14,GRN-AG-45,"Angle Grinder 4.5""",Power Tools,0,0
2025-06-15,GRN-AG-45,"Angle Grinder 4.5""",Power Tools,1,0
2025-06-16,GRN-AG-45,"Angle Grinder 4.5""",Power Tools,2,0
2025-06-17,GRN-AG-45,"Angle Grinder 4.5""",Power Tools,0,0
2025-06-18,GRN-AG-45,"Angle Grinder 4.5""",Power Tools,1,0
2025-06-19,GRN-AG-45,"Angle Grinder 4.5""",Power Tools,0,0
2025-06-20,GRN-AG-45,"Angle Grinder 4.5""",Power Tools,1,0
2025-06-21,GRN-AG-45,"Angle Grinder 4.5""",Power Tools,2,0
2025-06-22,GRN-AG-45,"Angle Grinder 4.5""",Power Tools,0,0
2025-06-23,GRN-AG-45,"Angle Grinder 4.5""",Power Tools,0,0
2025-06-24,GRN-AG-45,"Angle Grinder 4.5""",Power Tools,0,0
2025-06-25,GRN-AG-45,"Angle Grinder 4.5""",Power Tools,1,0
2025-06-26,GRN-AG-45,"Angle Grinder 4.5""",Power Tools,1,0
2025-06-27,GRN-AG-45,"Angle Grinder 4.5""",Power Tools,0,0
2025-06-28,GRN-AG-45,"Angle Grinder 4.5""",Power Tools,0,0
2025-06-29,GRN-AG-45,"Angle Grinder 4.5""",Power Tools,0,0
2025-06-30,GRN-AG-45,"Angle Grinder 4.5""",Power Tools,0,0
2025-07-01,GRN-AG-45,"Angle Grinder 4.5""",Power Tools,0,0
2025-07-02,GRN-AG-45,"Angle Grinder 4.5""",Power Tools,0,0
2025-07-03,GRN-AG-45,"Angle Grinder 4.5""",Power Tools,0,0
2025-07-04,GRN-AG-45,"Angle Grinder 4.5""",Power Tools,2,0
2025-07-05,GRN-AG-45,"Angle Grinder 4.5""",Power Tools,0,0
2025-07-06,GRN-AG-45,"Angle Grinder 4.5""",Power Tools,0,0
2025-07-07,GRN-AG-45,"Angle Grinder 4.5""",Power Tools,0,0
2025-07-08,GRN-AG-45,"Angle Grinder 4.5""",Power Tools,1,0
2025-07-09,GRN-AG-45,"Angle Grinder 4.5""",Power Tools,0,0
2025-07-10,GRN-AG-45,"Angle Grinder 4.5""",Power Tools,0,0
2025-07-11,GRN-AG-45,"Angle Grinder 4.5""",Power Tools,0,0
2025-07-12,GRN-AG-45,"Angle Grinder 4.5""",Power Tools,0,0
2025-07-13,GRN-AG-45,"Angle Grinder 4.5""",Power Tools,0,0
2025-07-14,GRN-AG-45,"Angle Grinder 4.5""",Power Tools,0,0
2025-07-15,GRN-AG-45,"Angle Grinder 4.5""",Power Tools,0,0
2025-07-16,GRN-AG-45,"Angle Grinder 4.5""",Power Tools,0,0
2025-07-17,GRN-AG-45,"Angle Grinder 4.5""",Power Tools,1,0
2025-07-18,GRN-AG-45,"Angle Grinder 4.5""",Power Tools,0,0
2025-07-19,GRN-AG-45,"Angle Grinder 4.5""",Power Tools,0,0
2025-07-20,GRN-AG-45,"Angle Grinder 4.5""",Power Tools,2,0
2025-07-21,GRN-AG-45,"Angle Grinder 4.5""",Power Tools,0,0
2025-07-22,GRN-AG-45,"Angle Grinder 4.5""",Power Tools,0,0
2025-07-23,GRN-AG-45,"Angle Grinder 4.5""",Power Tools,0,0
2025-07-24,GRN-AG-45,"Angle Grinder 4.5""",Power Tools,0,0
2025-07-25,GRN-AG-45,"Angle Grinder 4.5""",Power Tools,0,0
2025-07-26,GRN-AG-45,"Angle Grinder 4.5""",Power Tools,0,0
2025-07-27,GRN-AG-45,"Angle Grinder 4.5""",Power Tools,0,0
2025-07-28,GRN-AG-45,"Angle Grinder 4.5""",Power Tools,0,0
2025-07-29,GRN-AG-45,"Angle Grinder 4.5""",Power Tools,0,0
2025-07-30,GRN-AG-45,"Angle Grinder 4.5""",Power Tools,0,0
2025-07-31,GRN-AG-45,"Angle Grinder 4.5""",Power Tools,1,0
2025-08-01,GRN-AG-45,"Angle Grinder 4.5""",Power Tools,0,0
2025-08-02,GRN-AG-45,"Angle Grinder 4.5""",Power Tools,2,0
2025-08-03,GRN-AG-45,"Angle Grinder 4.5""",Power Tools,0,0
2025-08-04,GRN-AG-45,"Angle Grinder 4.5""",Power Tools,0,1
2025-08-05,GRN-AG-45,"Angle Grinder 4.5""",Power Tools,0,0
2025-08-06,GRN-AG-45,"Angle Grinder 4.5""",Power Tools,0,0
2025-08-07,GRN-AG-45,"Angle Grinder 4.5""",Power Tools,0,0
2025-08-08,GRN-AG-45,"Angle Grinder 4.5""",Power Tools,0,0
2025-08-09,GRN-AG-45,"Angle Grinder 4.5""",Power Tools,0,0
2025-08-10,GRN-AG-45,"Angle Grinder 4.5""",Power Tools,1,0
2025-08-11,GRN-AG-45,"Angle Grinder 4.5""",Power Tools,2,0
2025-08-12,GRN-AG-45,"Angle Grinder 4.5""",Power Tools,1,0
2025-08-13,GRN-AG-45,"Angle Grinder 4.5""",Power Tools,0,0
2025-08-14,GRN-AG-45,"Angle Grinder 4.5""",Power Tools,0,0
2025-08-15,GRN-AG-45,"Angle Grinder 4.5""",Power Tools,2,0
2025-08-16,GRN-AG-45,"Angle Grinder 4.5""",Power Tools,1,0
2025-08-17,GRN-AG-45,"Angle Grinder 4.5""",Power Tools,1,0
2025-08-18,GRN-AG-45,"Angle Grinder 4.5""",Power Tools,3,0
2025-08-19,GRN-AG-45,"Angle Grinder 4.5""",Power Tools,0,0
2025-08-20,GRN-AG-45,"Angle Grinder 4.5""",Power Tools,0,0
2025-08-21,GRN-AG-45,"Angle Grinder 4.5""",Power Tools,2,0
2025-08-22,GRN-AG-45,"Angle Grinder 4.5""",Power Tools,0,0
2025-08-23,GRN-AG-45,"Angle Grinder 4.5""",Power Tools,2,0
2025-08-24,GRN-AG-45,"Angle Grinder 4.5""",Power Tools,0,0
2025-08-25,GRN-AG-45,"Angle Grinder 4.5""",Power Tools,0,0
2025-08-26,GRN-AG-45,"Angle Grinder 4.5""",Power Tools,0,0
2025-08-27,GRN-AG-45,"Angle Grinder 4.5""",Power Tools,0,0
2025-08-28,GRN-AG-45,"Angle Grinder 4.5""",Power Tools,0,0
2025-08-29,GRN-AG-45,"Angle Grinder 4.5""",Power Tools,0,0
2025-08-30,GRN-AG-45,"Angle Grinder 4.5""",Power Tools,0,0
2025-08-31,GRN-AG-45,"Angle Grinder 4.5""",Power Tools,0,0
2025-09-01,GRN-AG-45,"Angle Grinder 4.5""",Power Tools,1,0
2025-09-02,GRN-AG-45,"Angle Grinder 4.5""",Power Tools,0,0
2025-09-03,GRN-AG-45,"Angle Grinder 4.5""",Power Tools,0,0
2025-09-04,GRN-AG-45,"Angle Grinder 4.5""",Power Tools,0,0
2025-09-05,GRN-AG-45,"Angle Grinder 4.5""",Power Tools,1,0
2025-09-06,GRN-AG-45,"Angle Grinder 4.5""",Power Tools,0,0
2025-09-07,GRN-AG-45,"Angle Grinder 4.5""",Power Tools,1,0
2025-09-08,GRN-AG-45,"Angle Grinder 4.5""",Power Tools,3,0
2025-09-09,GRN-AG-45,"Angle Grinder 4.5""",Power Tools,1,0
2025-09-10,GRN-AG-45,"Angle Grinder 4.5""",Power Tools,0,0
2025-09-11,GRN-AG-45,"Angle Grinder 4.5""",Power Tools,0,0
2025-09-12,GRN-AG-45,"Angle Grinder 4.5""",Power Tools,0,0
2025-09-13,GRN-AG-45,"Angle Grinder 4.5""",Power Tools,0,0
2025-09-14,GRN-AG-45,"Angle Grinder 4.5""",Power Tools,2,0
2025-09-15,GRN-AG-45,"Angle Grinder 4.5""",Power Tools,1,0
2025-09-16,GRN-AG-45,"Angle Grinder 4.5""",Power Tools,0,0
2025-09-17,GRN-AG-45,"Angle Grinder 4.5""",Power Tools,0,0
2025-09-18,GRN-AG-45,"Angle Grinder 4.5""",Power Tools,0,0
2025-09-19,GRN-AG-45,"Angle Grinder 4.5""",Power Tools,0,0
2025-09-20,GRN-AG-45,"Angle Grinder 4.5""",Power Tools,1,0
2025-09-21,GRN-AG-45,"Angle Grinder 4.5""",Power Tools,1,0
2025-09-22,GRN-AG-45,"Angle Grinder 4.5""",Power Tools,0,0
2025-09-23,GRN-AG-45,"Angle Grinder 4.5""",Power Tools,0,0
2025-09-24,GRN-AG-45,"Angle Grinder 4.5""",Power Tools,2,0
2025-09-25,GRN-AG-45,"Angle Grinder 4.5""",Power Tools,0,0
2025-09-26,GRN-AG-45,"Angle Grinder 4.5""",Power Tools,0,0
2025-09-27,GRN-AG-45,"Angle Grinder 4.5""",Power Tools,0,0
2025-09-28,GRN-AG-45,"Angle Grinder 4.5""",Power Tools,0,0
2025-09-29,GRN-AG-45,"Angle Grinder 4.5""",Power Tools,0,0
2025-09-30,GRN-AG-45,"Angle Grinder 4.5""",Power Tools,0,0
2025-10-01,GRN-AG-45,"Angle Grinder 4.5""",Power Tools,0,0
2025-10-02,GRN-AG-45,"Angle Grinder 4.5""",Power Tools,1,0
2025-10-03,GRN-AG-45,"Angle Grinder 4.5""",Power Tools,0,0
2025-10-04,GRN-AG-45,"Angle Grinder 4.5""",Power Tools,0,0
2025-10-05,GRN-AG-45,"Angle Grinder 4.5""",Power Tools,0,0
2025-10-06,GRN-AG-45,"Angle Grinder 4.5""",Power Tools,1,0
2025-10-07,GRN-AG-45,"Angle Grinder 4.5""",Power Tools,0,0
2025-10-08,GRN-AG-45,"Angle Grinder 4.5""",Power Tools,2,0
2025-10-09,GRN-AG-45,"Angle Grinder 4.5""",Power Tools,0,0
2025-10-10,GRN-AG-45,"Angle Grinder 4.5""",Power Tools,0,0
2025-10-11,GRN-AG-45,"Angle Grinder 4.5""",Power Tools,0,0
2025-10-12,GRN-AG-45,"Angle Grinder 4.5""",Power Tools,2,0
2025-10-13,GRN-AG-45,"Angle Grinder 4.5""",Power Tools,0,0
2025-10-14,GRN-AG-45,"Angle Grinder 4.5""",Power Tools,0,0
2025-10-15,GRN-AG-45,"Angle Grinder 4.5""",Power Tools,0,0
2025-10-16,GRN-AG-45,"Angle Grinder 4.5""",Power Tools,2,0
2025-10-17,GRN-AG-45,"Angle Grinder 4.5""",Power Tools,0,0
2025-10-18,GRN-AG-45,"Angle Grinder 4.5""",Power Tools,0,0
2025-10-19,GRN-AG-45,"Angle Grinder 4.5""",Power Tools,0,0
2025-10-20,GRN-AG-45,"Angle Grinder 4.5""",Power Tools,1,0
2025-10-21,GRN-AG-45,"Angle Grinder 4.5""",Power Tools,0,0
2025-10-22,GRN-AG-45,"Angle Grinder 4.5""",Power Tools,0,0
2025-10-23,GRN-AG-45,"Angle Grinder 4.5""",Power Tools,0,0
2025-10-24,GRN-AG-45,"Angle Grinder 4.5""",Power Tools,0,0
2025-10-25,GRN-AG-45,"Angle Grinder 4.5""",Power Tools,3,0
2025-10-26,GRN-AG-45,"Angle Grinder 4.5""",Power Tools,0,0
2025-10-27,GRN-AG-45,"Angle Grinder 4.5""",Power Tools,0,0
2025-10-28,GRN-AG-45,"Angle Grinder 4.5""",Power Tools,0,0
2025-10-29,GRN-AG-45,"Angle Grinder 4.5""",Power Tools,3,0
2025-10-30,GRN-AG-45,"Angle Grinder 4.5""",Power Tools,0,0
2025-10-31,GRN-AG-45,"Angle Grinder 4.5""",Power Tools,1,0
2025-11-01,GRN-AG-45,"Angle Grinder 4.5""",Power Tools,2,0
2025-11-02,GRN-AG-45,"Angle Grinder 4.5""",Power Tools,1,0
2025-11-03,GRN-AG-45,"Angle Grinder 4.5""",Power Tools,0,0
2025-11-04,GRN-AG-45,"Angle Grinder 4.5""",Power Tools,2,0
2025-11-05,GRN-AG-45,"Angle Grinder 4.5""",Power Tools,0,0
2025-11-06,GRN-AG-45,"Angle Grinder 4.5""",Power Tools,1,0
2025-11-07,GRN-AG-45,"Angle Grinder 4.5""",Power Tools,2,0
2025-11-08,GRN-AG-45,"Angle Grinder 4.5""",Power Tools,3,0
2025-11-09,GRN-AG-45,"Angle Grinder 4.5""",Power Tools,1,0
2025-11-10,GRN-AG-45,"Angle Grinder 4.5""",Power Tools,0,0
2025-11-11,GRN-AG-45,"Angle Grinder 4.5""",Power Tools,0,0
2025-11-12,GRN-AG-45,"Angle Grinder 4.5""",Power Tools,0,0
2025-11-13,GRN-AG-45,"Angle Grinder 4.5""",Power Tools,1,0
2025-11-14,GRN-AG-45,"Angle Grinder 4.5""",Power Tools,0,0
2025-11-15,GRN-AG-45,"Angle Grinder 4.5""",Power Tools,3,0
2025-11-16,GRN-AG-45,"Angle Grinder 4.5""",Power Tools,1,0
2025-11-17,GRN-AG-45,"Angle Grinder 4.5""",Power Tools,0,0
2025-11-18,GRN-AG-45,"Angle Grinder 4.5""",Power Tools,1,1
2025-11-19,GRN-AG-45,"Angle Grinder 4.5""",Power Tools,1,0
2025-11-20,GRN-AG-45,"Angle Grinder 4.5""",Power Tools,0,0
2025-11-21,GRN-AG-45,"Angle Grinder 4.5""",Power Tools,0,0
2025-11-22,GRN-AG-45,"Angle Grinder 4.5""",Power Tools,1,0
2025-11-23,GRN-AG-45,"Angle Grinder 4.5""",Power Tools,2,0
2025-11-24,GRN-AG-45,"Angle Grinder 4.5""",Power Tools,0,0
2025-11-25,GRN-AG-45,"Angle Grinder 4.5""",Power Tools,0,0
2025-11-26,GRN-AG-45,"Angle Grinder 4.5""",Power Tools,0,0
2025-11-27,GRN-AG-45,"Angle Grinder 4.5""",Power Tools,0,0
2025-11-28,GRN-AG-45,"Angle Grinder 4.5""",Power Tools,0,0
2025-11-29,GRN-AG-45,"Angle Grinder 4.5""",Power Tools,4,0
2025-11-30,GRN-AG-45,"Angle Grinder 4.5""",Power Tools,0,0
2025-12-01,GRN-AG-45,"Angle Grinder 4.5""",Power Tools,2,0
2025-12-02,GRN-AG-45,"Angle Grinder 4.5""",Power Tools,1,0
2025-12-03,GRN-AG-45,"Angle Grinder 4.5""",Power Tools,0,0
2025-12-04,GRN-AG-45,"Angle Grinder 4.5""",Power Tools,0,0
2025-12-05,GRN-AG-45,"Angle Grinder 4.5""",Power Tools,1,0
2025-12-06,GRN-AG-45,"Angle Grinder 4.5""",Power Tools,2,0
2025-12-07,GRN-AG-45,"Angle Grinder 4.5""",Power Tools,0,0
2025-12-08,GRN-AG-45,"Angle Grinder 4.5""",Power Tools,2,0
2025-12-09,GRN-AG-45,"Angle Grinder 4.5""",Power Tools,0,0
2025-12-10,GRN-AG-45,"Angle Grinder 4.5""",Power Tools,0,0
2025-12-11,GRN-AG-45,"Angle Grinder 4.5""",Power Tools,0,0
2025-12-12,GRN-AG-45,"Angle Grinder 4.5""",Power Tools,0,0
2025-12-13,GRN-AG-45,"Angle Grinder 4.5""",Power Tools,0,0
2025-12-14,GRN-AG-45,"Angle Grinder 4.5""",Power Tools,1,0
2025-12-15,GRN-AG-45,"Angle Grinder 4.5""",Power Tools,0,0
2025-12-16,GRN-AG-45,"Angle Grinder 4.5""",Power Tools,0,0
2025-12-17,GRN-AG-45,"Angle Grinder 4.5""",Power Tools,0,0
2025-12-18,GRN-AG-45,"Angle Grinder 4.5""",Power Tools,0,0
2025-12-19,GRN-AG-45,"Angle Grinder 4.5""",Power Tools,1,0
2025-12-20,GRN-AG-45,"Angle Grinder 4.5""",Power Tools,0,0
2025-12-21,GRN-AG-45,"Angle Grinder 4.5""",Power Tools,0,0
2025-12-22,GRN-AG-45,"Angle Grinder 4.5""",Power Tools,1,0
2025-12-23,GRN-AG-45,"Angle Grinder 4.5""",Power Tools,0,0
2025-12-24,GRN-AG-45,"Angle Grinder 4.5""",Power Tools,0,0
2025-12-25,GRN-AG-45,"Angle Grinder 4.5""",Power Tools,2,0
2025-12-26,GRN-AG-45,"Angle Grinder 4.5""",Power Tools,0,0
2025-12-27,GRN-AG-45,"Angle Grinder 4.5""",Power Tools,3,0
2025-12-28,GRN-AG-45,"Angle Grinder 4.5""",Power Tools,0,0
2025-12-29,GRN-AG-45,"Angle Grinder 4.5""",Power Tools,1,0
2025-12-30,GRN-AG-45,"Angle Grinder 4.5""",Power Tools,0,0
2025-12-31,GRN-AG-45,"Angle Grinder 4.5""",Power Tools,0,0
2026-01-01,GRN-AG-45,"Angle Grinder 4.5""",Power Tools,0,0
2026-01-02,GRN-AG-45,"Angle Grinder 4.5""",Power Tools,0,0
2026-01-03,GRN-AG-45,"Angle Grinder 4.5""",Power Tools,2,0
2026-01-04,GRN-AG-45,"Angle Grinder 4.5""",Power Tools,0,0
2026-01-05,GRN-AG-45,"Angle Grinder 4.5""",Power Tools,0,0
2026-01-06,GRN-AG-45,"Angle Grinder 4.5""",Power Tools,0,0
2026-01-07,GRN-AG-45,"Angle Grinder 4.5""",Power Tools,2,0
2026-01-08,GRN-AG-45,"Angle Grinder 4.5""",Power Tools,0,0
2026-01-09,GRN-AG-45,"Angle Grinder 4.5""",Power Tools,1,0
2026-01-10,GRN-AG-45,"Angle Grinder 4.5""",Power Tools,1,0
2026-01-11,GRN-AG-45,"Angle Grinder 4.5""",Power Tools,0,0
2026-01-12,GRN-AG-45,"Angle Grinder 4.5""",Power Tools,0,0
2026-01-13,GRN-AG-45,"Angle Grinder 4.5""",Power Tools,0,0
2026-01-14,GRN-AG-45,"Angle Grinder 4.5""",Power Tools,0,0
2026-01-15,GRN-AG-45,"Angle Grinder 4.5""",Power Tools,0,0
2026-01-16,GRN-AG-45,"Angle Grinder 4.5""",Power Tools,0,0
2026-01-17,GRN-AG-45,"Angle Grinder 4.5""",Power Tools,2,0
2026-01-18,GRN-AG-45,"Angle Grinder 4.5""",Power Tools,1,0
2026-01-19,GRN-AG-45,"Angle Grinder 4.5""",Power Tools,0,0
2026-01-20,GRN-AG-45,"Angle Grinder 4.5""",Power Tools,0,0
2026-01-21,GRN-AG-45,"Angle Grinder 4.5""",Power Tools,0,0
2026-01-22,GRN-AG-45,"Angle Grinder 4.5""",Power Tools,0,0
2026-01-23,GRN-AG-45,"Angle Grinder 4.5""",Power Tools,1,0
2026-01-24,GRN-AG-45,"Angle Grinder 4.5""",Power Tools,0,0
2026-01-25,GRN-AG-45,"Angle Grinder 4.5""",Power Tools,2,0
2026-01-26,GRN-AG-45,"Angle Grinder 4.5""",Power Tools,5,0
2026-01-27,GRN-AG-45,"Angle Grinder 4.5""",Power Tools,0,0
2026-01-28,GRN-AG-45,"Angle Grinder 4.5""",Power Tools,0,0
2026-01-29,GRN-AG-45,"Angle Grinder 4.5""",Power Tools,0,0
2026-01-30,GRN-AG-45,"Angle Grinder 4.5""",Power Tools,0,0
2026-01-31,GRN-AG-45,"Angle Grinder 4.5""",Power Tools,0,0
2026-02-01,GRN-AG-45,"Angle Grinder 4.5""",Power Tools,0,0
2026-02-02,GRN-AG-45,"Angle Grinder 4.5""",Power Tools,0,0
2026-02-03,GRN-AG-45,"Angle Grinder 4.5""",Power Tools,1,0
2026-02-04,GRN-AG-45,"Angle Grinder 4.5""",Power Tools,0,0
2026-02-05,GRN-AG-45,"Angle Grinder 4.5""",Power Tools,1,0
2026-02-06,GRN-AG-45,"Angle Grinder 4.5""",Power Tools,3,1
2026-02-07,GRN-AG-45,"Angle Grinder 4.5""",Power Tools,0,0
2026-02-08,GRN-AG-45,"Angle Grinder 4.5""",Power Tools,0,0
2026-02-09,GRN-AG-45,"Angle Grinder 4.5""",Power Tools,0,0
2026-02-10,GRN-AG-45,"Angle Grinder 4.5""",Power Tools,0,0
2026-02-11,GRN-AG-45,"Angle Grinder 4.5""",Power Tools,1,0
2026-02-12,GRN-AG-45,"Angle Grinder 4.5""",Power Tools,0,0
2026-02-13,GRN-AG-45,"Angle Grinder 4.5""",Power Tools,2,0
2026-02-14,GRN-AG-45,"Angle Grinder 4.5""",Power Tools,0,0
2026-02-15,GRN-AG-45,"Angle Grinder 4.5""",Power Tools,0,0
2026-02-16,GRN-AG-45,"Angle Grinder 4.5""",Power Tools,0,0
2026-02-17,GRN-AG-45,"Angle Grinder 4.5""",Power Tools,0,0
2026-02-18,GRN-AG-45,"Angle Grinder 4.5""",Power Tools,0,0
2026-02-19,GRN-AG-45,"Angle Grinder 4.5""",Power Tools,3,0
2026-02-20,GRN-AG-45,"Angle Grinder 4.5""",Power Tools,1,0
2026-02-21,GRN-AG-45,"Angle Grinder 4.5""",Power Tools,1,0
2026-02-22,GRN-AG-45,"Angle Grinder 4.5""",Power Tools,0,0
2026-02-23,GRN-AG-45,"Angle Grinder 4.5""",Power Tools,0,0
2026-02-24,GRN-AG-45,"Angle Grinder 4.5""",Power Tools,0,0
2026-02-25,GRN-AG-45,"Angle Grinder 4.5""",Power Tools,0,0
2026-02-26,GRN-AG-45,"Angle Grinder 4.5""",Power Tools,0,0
2026-02-27,GRN-AG-45,"Angle Grinder 4.5""",Power Tools,0,0
2026-02-28,GRN-AG-45,"Angle Grinder 4.5""",Power Tools,0,0
2026-03-01,GRN-AG-45,"Angle Grinder 4.5""",Power Tools,0,0
2026-03-02,GRN-AG-45,"Angle Grinder 4.5""",Power Tools,0,0
2026-03-03,GRN-AG-45,"Angle Grinder 4.5""",Power Tools,1,0
2026-03-04,GRN-AG-45,"Angle Grinder 4.5""",Power Tools,0,0
2026-03-05,GRN-AG-45,"Angle Grinder 4.5""",Power Tools,0,0
2026-03-06,GRN-AG-45,"Angle Grinder 4.5""",Power Tools,1,0
2026-03-07,GRN-AG-45,"Angle Grinder 4.5""",Power Tools,0,0
2026-03-08,GRN-AG-45,"Angle Grinder 4.5""",Power Tools,0,0
2026-03-09,GRN-AG-45,"Angle Grinder 4.5""",Power Tools,0,0
2026-03-10,GRN-AG-45,"Angle Grinder 4.5""",Power Tools,1,0
2026-03-11,GRN-AG-45,"Angle Grinder 4.5""",Power Tools,2,0
2026-03-12,GRN-AG-45,"Angle Grinder 4.5""",Power Tools,1,0
2026-03-13,GRN-AG-45,"Angle Grinder 4.5""",Power Tools,0,0
2026-03-14,GRN-AG-45,"Angle Grinder 4.5""",Power Tools,0,0
2026-03-15,GRN-AG-45,"Angle Grinder 4.5""",Power Tools,0,0
2026-03-16,GRN-AG-45,"Angle Grinder 4.5""",Power Tools,0,0
2026-03-17,GRN-AG-45,"Angle Grinder 4.5""",Power Tools,0,0
2026-03-18,GRN-AG-45,"Angle Grinder 4.5""",Power Tools,0,0
2026-03-19,GRN-AG-45,"Angle Grinder 4.5""",Power Tools,2,0
2026-03-20,GRN-AG-45,"Angle Grinder 4.5""",Power Tools,1,0
2026-03-21,GRN-AG-45,"Angle Grinder 4.5""",Power Tools,0,0
2026-03-22,GRN-AG-45,"Angle Grinder 4.5""",Power Tools,1,0
2026-03-23,GRN-AG-45,"Angle Grinder 4.5""",Power Tools,3,0
2026-03-24,GRN-AG-45,"Angle Grinder 4.5""",Power Tools,0,0
2026-03-25,GRN-AG-45,"Angle Grinder 4.5""",Power Tools,1,1
2026-03-26,GRN-AG-45,"Angle Grinder 4.5""",Power Tools,0,0
2026-03-27,GRN-AG-45,"Angle Grinder 4.5""",Power Tools,0,0
2026-03-28,GRN-AG-45,"Angle Grinder 4.5""",Power Tools,0,0
2026-03-29,GRN-AG-45,"Angle Grinder 4.5""",Power Tools,0,0
2026-03-30,GRN-AG-45,"Angle Grinder 4.5""",Power Tools,1,0
2026-03-31,GRN-AG-45,"Angle Grinder 4.5""",Power Tools,1,0
2026-04-01,GRN-AG-45,"Angle Grinder 4.5""",Power Tools,0,0
2026-04-02,GRN-AG-45,"Angle Grinder 4.5""",Power Tools,1,0
2026-04-03,GRN-AG-45,"Angle Grinder 4.5""",Power Tools,0,0
2026-04-04,GRN-AG-45,"Angle Grinder 4.5""",Power Tools,0,0
2026-04-05,GRN-AG-45,"Angle Grinder 4.5""",Power Tools,0,0
2026-04-06,GRN-AG-45,"Angle Grinder 4.5""",Power Tools,3,0
2026-04-07,GRN-AG-45,"Angle Grinder 4.5""",Power Tools,0,0
2026-04-08,GRN-AG-45,"Angle Grinder 4.5""",Power Tools,0,0
2026-04-09,GRN-AG-45,"Angle Grinder 4.5""",Power Tools,1,0
2026-04-10,GRN-AG-45,"Angle Grinder 4.5""",Power Tools,0,0
2026-04-11,GRN-AG-45,"Angle Grinder 4.5""",Power Tools,0,0
2026-04-12,GRN-AG-45,"Angle Grinder 4.5""",Power Tools,0,0
2026-04-13,GRN-AG-45,"Angle Grinder 4.5""",Power Tools,0,0
2026-04-14,GRN-AG-45,"Angle Grinder 4.5""",Power Tools,0,0
2026-04-15,GRN-AG-45,"Angle Grinder 4.5""",Power Tools,2,0
2026-04-16,GRN-AG-45,"Angle Grinder 4.5""",Power Tools,0,0
2026-04-17,GRN-AG-45,"Angle Grinder 4.5""",Power Tools,1,0
2026-04-18,GRN-AG-45,"Angle Grinder 4.5""",Power Tools,4,0
2026-04-19,GRN-AG-45,"Angle Grinder 4.5""",Power Tools,1,0
2026-04-20,GRN-AG-45,"Angle Grinder 4.5""",Power Tools,0,0
2026-04-21,GRN-AG-45,"Angle Grinder 4.5""",Power Tools,1,0
2026-04-22,GRN-AG-45,"Angle Grinder 4.5""",Power Tools,0,0
2026-04-23,GRN-AG-45,"Angle Grinder 4.5""",Power Tools,0,0
2026-04-24,GRN-AG-45,"Angle Grinder 4.5""",Power Tools,0,0
2026-04-25,GRN-AG-45,"Angle Grinder 4.5""",Power Tools,0,0
2026-04-26,GRN-AG-45,"Angle Grinder 4.5""",Power Tools,3,0
2026-04-27,GRN-AG-45,"Angle Grinder 4.5""",Power Tools,0,0
2026-04-28,GRN-AG-45,"Angle Grinder 4.5""",Power Tools,0,0
2026-04-29,GRN-AG-45,"Angle Grinder 4.5""",Power Tools,0,0
2026-04-30,GRN-AG-45,"Angle Grinder 4.5""",Power Tools,0,0
2026-05-01,GRN-AG-45,"Angle Grinder 4.5""",Power Tools,0,0
2026-05-02,GRN-AG-45,"Angle Grinder 4.5""",Power Tools,0,0
2026-05-03,GRN-AG-45,"Angle Grinder 4.5""",Power Tools,1,0
2026-05-04,GRN-AG-45,"Angle Grinder 4.5""",Power Tools,0,0
2026-05-05,GRN-AG-45,"Angle Grinder 4.5""",Power Tools,0,0
2026-05-06,GRN-AG-45,"Angle Grinder 4.5""",Power Tools,2,0
2026-05-07,GRN-AG-45,"Angle Grinder 4.5""",Power Tools,0,0
2026-05-08,GRN-AG-45,"Angle Grinder 4.5""",Power Tools,1,0
2026-05-09,GRN-AG-45,"Angle Grinder 4.5""",Power Tools,1,0
2026-05-10,GRN-AG-45,"Angle Grinder 4.5""",Power Tools,0,0
2026-05-11,GRN-AG-45,"Angle Grinder 4.5""",Power Tools,0,0
2026-05-12,GRN-AG-45,"Angle Grinder 4.5""",Power Tools,0,0
2026-05-13,GRN-AG-45,"Angle Grinder 4.5""",Power Tools,0,0
2026-05-14,GRN-AG-45,"Angle Grinder 4.5""",Power Tools,0,0
2026-05-15,GRN-AG-45,"Angle Grinder 4.5""",Power Tools,0,0
2024-11-22,PIP-PV-210,"PVC Pipe 2"" x 10ft",Plumbing,6,0
2024-11-23,PIP-PV-210,"PVC Pipe 2"" x 10ft",Plumbing,4,0
2024-11-24,PIP-PV-210,"PVC Pipe 2"" x 10ft",Plumbing,3,0
2024-11-25,PIP-PV-210,"PVC Pipe 2"" x 10ft",Plumbing,1,0
2024-11-26,PIP-PV-210,"PVC Pipe 2"" x 10ft",Plumbing,2,0
2024-11-27,PIP-PV-210,"PVC Pipe 2"" x 10ft",Plumbing,3,0
2024-11-28,PIP-PV-210,"PVC Pipe 2"" x 10ft",Plumbing,3,0
2024-11-29,PIP-PV-210,"PVC Pipe 2"" x 10ft",Plumbing,3,0
2024-11-30,PIP-PV-210,"PVC Pipe 2"" x 10ft",Plumbing,8,0
2024-12-01,PIP-PV-210,"PVC Pipe 2"" x 10ft",Plumbing,2,0
2024-12-02,PIP-PV-210,"PVC Pipe 2"" x 10ft",Plumbing,6,0
2024-12-03,PIP-PV-210,"PVC Pipe 2"" x 10ft",Plumbing,3,0
2024-12-04,PIP-PV-210,"PVC Pipe 2"" x 10ft",Plumbing,1,0
2024-12-05,PIP-PV-210,"PVC Pipe 2"" x 10ft",Plumbing,6,0
2024-12-06,PIP-PV-210,"PVC Pipe 2"" x 10ft",Plumbing,3,0
2024-12-07,PIP-PV-210,"PVC Pipe 2"" x 10ft",Plumbing,6,0
2024-12-08,PIP-PV-210,"PVC Pipe 2"" x 10ft",Plumbing,1,0
2024-12-09,PIP-PV-210,"PVC Pipe 2"" x 10ft",Plumbing,4,0
2024-12-10,PIP-PV-210,"PVC Pipe 2"" x 10ft",Plumbing,3,0
2024-12-11,PIP-PV-210,"PVC Pipe 2"" x 10ft",Plumbing,0,0
2024-12-12,PIP-PV-210,"PVC Pipe 2"" x 10ft",Plumbing,0,0
2024-12-13,PIP-PV-210,"PVC Pipe 2"" x 10ft",Plumbing,1,0
2024-12-14,PIP-PV-210,"PVC Pipe 2"" x 10ft",Plumbing,6,0
2024-12-15,PIP-PV-210,"PVC Pipe 2"" x 10ft",Plumbing,1,0
2024-12-16,PIP-PV-210,"PVC Pipe 2"" x 10ft",Plumbing,4,1
2024-12-17,PIP-PV-210,"PVC Pipe 2"" x 10ft",Plumbing,6,0
2024-12-18,PIP-PV-210,"PVC Pipe 2"" x 10ft",Plumbing,4,0
2024-12-19,PIP-PV-210,"PVC Pipe 2"" x 10ft",Plumbing,0,0
2024-12-20,PIP-PV-210,"PVC Pipe 2"" x 10ft",Plumbing,4,0
2024-12-21,PIP-PV-210,"PVC Pipe 2"" x 10ft",Plumbing,1,0
2024-12-22,PIP-PV-210,"PVC Pipe 2"" x 10ft",Plumbing,3,0
2024-12-23,PIP-PV-210,"PVC Pipe 2"" x 10ft",Plumbing,2,0
2024-12-24,PIP-PV-210,"PVC Pipe 2"" x 10ft",Plumbing,4,0
2024-12-25,PIP-PV-210,"PVC Pipe 2"" x 10ft",Plumbing,6,0
2024-12-26,PIP-PV-210,"PVC Pipe 2"" x 10ft",Plumbing,7,0
2024-12-27,PIP-PV-210,"PVC Pipe 2"" x 10ft",Plumbing,1,0
2024-12-28,PIP-PV-210,"PVC Pipe 2"" x 10ft",Plumbing,3,0
2024-12-29,PIP-PV-210,"PVC Pipe 2"" x 10ft",Plumbing,3,0
2024-12-30,PIP-PV-210,"PVC Pipe 2"" x 10ft",Plumbing,14,1
2024-12-31,PIP-PV-210,"PVC Pipe 2"" x 10ft",Plumbing,7,1
2025-01-01,PIP-PV-210,"PVC Pipe 2"" x 10ft",Plumbing,4,0
2025-01-02,PIP-PV-210,"PVC Pipe 2"" x 10ft",Plumbing,3,0
2025-01-03,PIP-PV-210,"PVC Pipe 2"" x 10ft",Plumbing,3,0
2025-01-04,PIP-PV-210,"PVC Pipe 2"" x 10ft",Plumbing,5,0
2025-01-05,PIP-PV-210,"PVC Pipe 2"" x 10ft",Plumbing,7,0
2025-01-06,PIP-PV-210,"PVC Pipe 2"" x 10ft",Plumbing,5,0
2025-01-07,PIP-PV-210,"PVC Pipe 2"" x 10ft",Plumbing,2,0
2025-01-08,PIP-PV-210,"PVC Pipe 2"" x 10ft",Plumbing,3,0
2025-01-09,PIP-PV-210,"PVC Pipe 2"" x 10ft",Plumbing,3,0
2025-01-10,PIP-PV-210,"PVC Pipe 2"" x 10ft",Plumbing,2,0
2025-01-11,PIP-PV-210,"PVC Pipe 2"" x 10ft",Plumbing,6,0
2025-01-12,PIP-PV-210,"PVC Pipe 2"" x 10ft",Plumbing,7,0
2025-01-13,PIP-PV-210,"PVC Pipe 2"" x 10ft",Plumbing,5,0
2025-01-14,PIP-PV-210,"PVC Pipe 2"" x 10ft",Plumbing,1,0
2025-01-15,PIP-PV-210,"PVC Pipe 2"" x 10ft",Plumbing,1,0
2025-01-16,PIP-PV-210,"PVC Pipe 2"" x 10ft",Plumbing,7,0
2025-01-17,PIP-PV-210,"PVC Pipe 2"" x 10ft",Plumbing,0,0
2025-01-18,PIP-PV-210,"PVC Pipe 2"" x 10ft",Plumbing,7,1
2025-01-19,PIP-PV-210,"PVC Pipe 2"" x 10ft",Plumbing,6,0
2025-01-20,PIP-PV-210,"PVC Pipe 2"" x 10ft",Plumbing,3,0
2025-01-21,PIP-PV-210,"PVC Pipe 2"" x 10ft",Plumbing,3,0
2025-01-22,PIP-PV-210,"PVC Pipe 2"" x 10ft",Plumbing,4,0
2025-01-23,PIP-PV-210,"PVC Pipe 2"" x 10ft",Plumbing,2,0
2025-01-24,PIP-PV-210,"PVC Pipe 2"" x 10ft",Plumbing,6,0
2025-01-25,PIP-PV-210,"PVC Pipe 2"" x 10ft",Plumbing,4,0
2025-01-26,PIP-PV-210,"PVC Pipe 2"" x 10ft",Plumbing,2,0
2025-01-27,PIP-PV-210,"PVC Pipe 2"" x 10ft",Plumbing,5,0
2025-01-28,PIP-PV-210,"PVC Pipe 2"" x 10ft",Plumbing,3,0
2025-01-29,PIP-PV-210,"PVC Pipe 2"" x 10ft",Plumbing,3,1
2025-01-30,PIP-PV-210,"PVC Pipe 2"" x 10ft",Plumbing,7,0
2025-01-31,PIP-PV-210,"PVC Pipe 2"" x 10ft",Plumbing,3,0
2025-02-01,PIP-PV-210,"PVC Pipe 2"" x 10ft",Plumbing,2,0
2025-02-02,PIP-PV-210,"PVC Pipe 2"" x 10ft",Plumbing,1,0
2025-02-03,PIP-PV-210,"PVC Pipe 2"" x 10ft",Plumbing,5,0
2025-02-04,PIP-PV-210,"PVC Pipe 2"" x 10ft",Plumbing,7,0
2025-02-05,PIP-PV-210,"PVC Pipe 2"" x 10ft",Plumbing,3,0
2025-02-06,PIP-PV-210,"PVC Pipe 2"" x 10ft",Plumbing,4,0
2025-02-07,PIP-PV-210,"PVC Pipe 2"" x 10ft",Plumbing,5,0
2025-02-08,PIP-PV-210,"PVC Pipe 2"" x 10ft",Plumbing,5,0
2025-02-09,PIP-PV-210,"PVC Pipe 2"" x 10ft",Plumbing,6,0
2025-02-10,PIP-PV-210,"PVC Pipe 2"" x 10ft",Plumbing,1,0
2025-02-11,PIP-PV-210,"PVC Pipe 2"" x 10ft",Plumbing,7,0
2025-02-12,PIP-PV-210,"PVC Pipe 2"" x 10ft",Plumbing,2,0
2025-02-13,PIP-PV-210,"PVC Pipe 2"" x 10ft",Plumbing,2,0
2025-02-14,PIP-PV-210,"PVC Pipe 2"" x 10ft",Plumbing,3,0
2025-02-15,PIP-PV-210,"PVC Pipe 2"" x 10ft",Plumbing,7,0
2025-02-16,PIP-PV-210,"PVC Pipe 2"" x 10ft",Plumbing,2,0
2025-02-17,PIP-PV-210,"PVC Pipe 2"" x 10ft",Plumbing,9,0
2025-02-18,PIP-PV-210,"PVC Pipe 2"" x 10ft",Plumbing,2,0
2025-02-19,PIP-PV-210,"PVC Pipe 2"" x 10ft",Plumbing,7,0
2025-02-20,PIP-PV-210,"PVC Pipe 2"" x 10ft",Plumbing,6,0
2025-02-21,PIP-PV-210,"PVC Pipe 2"" x 10ft",Plumbing,4,0
2025-02-22,PIP-PV-210,"PVC Pipe 2"" x 10ft",Plumbing,1,0
2025-02-23,PIP-PV-210,"PVC Pipe 2"" x 10ft",Plumbing,7,0
2025-02-24,PIP-PV-210,"PVC Pipe 2"" x 10ft",Plumbing,3,0
2025-02-25,PIP-PV-210,"PVC Pipe 2"" x 10ft",Plumbing,0,0
2025-02-26,PIP-PV-210,"PVC Pipe 2"" x 10ft",Plumbing,3,0
2025-02-27,PIP-PV-210,"PVC Pipe 2"" x 10ft",Plumbing,0,0
2025-02-28,PIP-PV-210,"PVC Pipe 2"" x 10ft",Plumbing,3,0
2025-03-01,PIP-PV-210,"PVC Pipe 2"" x 10ft",Plumbing,4,0
2025-03-02,PIP-PV-210,"PVC Pipe 2"" x 10ft",Plumbing,3,0
2025-03-03,PIP-PV-210,"PVC Pipe 2"" x 10ft",Plumbing,6,0
2025-03-04,PIP-PV-210,"PVC Pipe 2"" x 10ft",Plumbing,5,0
2025-03-05,PIP-PV-210,"PVC Pipe 2"" x 10ft",Plumbing,1,0
2025-03-06,PIP-PV-210,"PVC Pipe 2"" x 10ft",Plumbing,2,0
2025-03-07,PIP-PV-210,"PVC Pipe 2"" x 10ft",Plumbing,4,0
2025-03-08,PIP-PV-210,"PVC Pipe 2"" x 10ft",Plumbing,4,0
2025-03-09,PIP-PV-210,"PVC Pipe 2"" x 10ft",Plumbing,3,0
2025-03-10,PIP-PV-210,"PVC Pipe 2"" x 10ft",Plumbing,0,0
2025-03-11,PIP-PV-210,"PVC Pipe 2"" x 10ft",Plumbing,5,0
2025-03-12,PIP-PV-210,"PVC Pipe 2"" x 10ft",Plumbing,4,1
2025-03-13,PIP-PV-210,"PVC Pipe 2"" x 10ft",Plumbing,4,0
2025-03-14,PIP-PV-210,"PVC Pipe 2"" x 10ft",Plumbing,1,0
2025-03-15,PIP-PV-210,"PVC Pipe 2"" x 10ft",Plumbing,7,0
2025-03-16,PIP-PV-210,"PVC Pipe 2"" x 10ft",Plumbing,6,0
2025-03-17,PIP-PV-210,"PVC Pipe 2"" x 10ft",Plumbing,1,0
2025-03-18,PIP-PV-210,"PVC Pipe 2"" x 10ft",Plumbing,3,0
2025-03-19,PIP-PV-210,"PVC Pipe 2"" x 10ft",Plumbing,3,0
2025-03-20,PIP-PV-210,"PVC Pipe 2"" x 10ft",Plumbing,2,0
2025-03-21,PIP-PV-210,"PVC Pipe 2"" x 10ft",Plumbing,5,0
2025-03-22,PIP-PV-210,"PVC Pipe 2"" x 10ft",Plumbing,5,0
2025-03-23,PIP-PV-210,"PVC Pipe 2"" x 10ft",Plumbing,2,0
2025-03-24,PIP-PV-210,"PVC Pipe 2"" x 10ft",Plumbing,5,0
2025-03-25,PIP-PV-210,"PVC Pipe 2"" x 10ft",Plumbing,0,0
2025-03-26,PIP-PV-210,"PVC Pipe 2"" x 10ft",Plumbing,4,0
2025-03-27,PIP-PV-210,"PVC Pipe 2"" x 10ft",Plumbing,4,0
2025-03-28,PIP-PV-210,"PVC Pipe 2"" x 10ft",Plumbing,3,0
2025-03-29,PIP-PV-210,"PVC Pipe 2"" x 10ft",Plumbing,6,0
2025-03-30,PIP-PV-210,"PVC Pipe 2"" x 10ft",Plumbing,2,0
2025-03-31,PIP-PV-210,"PVC Pipe 2"" x 10ft",Plumbing,0,0
2025-04-01,PIP-PV-210,"PVC Pipe 2"" x 10ft",Plumbing,3,0
2025-04-02,PIP-PV-210,"PVC Pipe 2"" x 10ft",Plumbing,4,0
2025-04-03,PIP-PV-210,"PVC Pipe 2"" x 10ft",Plumbing,2,0
2025-04-04,PIP-PV-210,"PVC Pipe 2"" x 10ft",Plumbing,5,0
2025-04-05,PIP-PV-210,"PVC Pipe 2"" x 10ft",Plumbing,3,0
2025-04-06,PIP-PV-210,"PVC Pipe 2"" x 10ft",Plumbing,3,0
2025-04-07,PIP-PV-210,"PVC Pipe 2"" x 10ft",Plumbing,1,0
2025-04-08,PIP-PV-210,"PVC Pipe 2"" x 10ft",Plumbing,4,0
2025-04-09,PIP-PV-210,"PVC Pipe 2"" x 10ft",Plumbing,0,0
2025-04-10,PIP-PV-210,"PVC Pipe 2"" x 10ft",Plumbing,3,0
2025-04-11,PIP-PV-210,"PVC Pipe 2"" x 10ft",Plumbing,5,0
2025-04-12,PIP-PV-210,"PVC Pipe 2"" x 10ft",Plumbing,6,0
2025-04-13,PIP-PV-210,"PVC Pipe 2"" x 10ft",Plumbing,0,0
2025-04-14,PIP-PV-210,"PVC Pipe 2"" x 10ft",Plumbing,1,0
2025-04-15,PIP-PV-210,"PVC Pipe 2"" x 10ft",Plumbing,4,0
2025-04-16,PIP-PV-210,"PVC Pipe 2"" x 10ft",Plumbing,2,0
2025-04-17,PIP-PV-210,"PVC Pipe 2"" x 10ft",Plumbing,6,0
2025-04-18,PIP-PV-210,"PVC Pipe 2"" x 10ft",Plumbing,3,0
2025-04-19,PIP-PV-210,"PVC Pipe 2"" x 10ft",Plumbing,8,0
2025-04-20,PIP-PV-210,"PVC Pipe 2"" x 10ft",Plumbing,0,0
2025-04-21,PIP-PV-210,"PVC Pipe 2"" x 10ft",Plumbing,2,0
2025-04-22,PIP-PV-210,"PVC Pipe 2"" x 10ft",Plumbing,4,0
2025-04-23,PIP-PV-210,"PVC Pipe 2"" x 10ft",Plumbing,4,0
2025-04-24,PIP-PV-210,"PVC Pipe 2"" x 10ft",Plumbing,0,0
2025-04-25,PIP-PV-210,"PVC Pipe 2"" x 10ft",Plumbing,4,0
2025-04-26,PIP-PV-210,"PVC Pipe 2"" x 10ft",Plumbing,4,0
2025-04-27,PIP-PV-210,"PVC Pipe 2"" x 10ft",Plumbing,2,0
2025-04-28,PIP-PV-210,"PVC Pipe 2"" x 10ft",Plumbing,1,0
2025-04-29,PIP-PV-210,"PVC Pipe 2"" x 10ft",Plumbing,0,0
2025-04-30,PIP-PV-210,"PVC Pipe 2"" x 10ft",Plumbing,3,0
2025-05-01,PIP-PV-210,"PVC Pipe 2"" x 10ft",Plumbing,2,0
2025-05-02,PIP-PV-210,"PVC Pipe 2"" x 10ft",Plumbing,2,0
2025-05-03,PIP-PV-210,"PVC Pipe 2"" x 10ft",Plumbing,5,0
2025-05-04,PIP-PV-210,"PVC Pipe 2"" x 10ft",Plumbing,6,0
2025-05-05,PIP-PV-210,"PVC Pipe 2"" x 10ft",Plumbing,0,0
2025-05-06,PIP-PV-210,"PVC Pipe 2"" x 10ft",Plumbing,0,0
2025-05-07,PIP-PV-210,"PVC Pipe 2"" x 10ft",Plumbing,0,0
2025-05-08,PIP-PV-210,"PVC Pipe 2"" x 10ft",Plumbing,0,0
2025-05-09,PIP-PV-210,"PVC Pipe 2"" x 10ft",Plumbing,1,0
2025-05-10,PIP-PV-210,"PVC Pipe 2"" x 10ft",Plumbing,5,0
2025-05-11,PIP-PV-210,"PVC Pipe 2"" x 10ft",Plumbing,1,0
2025-05-12,PIP-PV-210,"PVC Pipe 2"" x 10ft",Plumbing,6,0
2025-05-13,PIP-PV-210,"PVC Pipe 2"" x 10ft",Plumbing,8,0
2025-05-14,PIP-PV-210,"PVC Pipe 2"" x 10ft",Plumbing,7,0
2025-05-15,PIP-PV-210,"PVC Pipe 2"" x 10ft",Plumbing,3,0
2025-05-16,PIP-PV-210,"PVC Pipe 2"" x 10ft",Plumbing,8,0
2025-05-17,PIP-PV-210,"PVC Pipe 2"" x 10ft",Plumbing,8,1
2025-05-18,PIP-PV-210,"PVC Pipe 2"" x 10ft",Plumbing,4,0
2025-05-19,PIP-PV-210,"PVC Pipe 2"" x 10ft",Plumbing,7,0
2025-05-20,PIP-PV-210,"PVC Pipe 2"" x 10ft",Plumbing,8,0
2025-05-21,PIP-PV-210,"PVC Pipe 2"" x 10ft",Plumbing,4,0
2025-05-22,PIP-PV-210,"PVC Pipe 2"" x 10ft",Plumbing,6,0
2025-05-23,PIP-PV-210,"PVC Pipe 2"" x 10ft",Plumbing,2,0
2025-05-24,PIP-PV-210,"PVC Pipe 2"" x 10ft",Plumbing,5,0
2025-05-25,PIP-PV-210,"PVC Pipe 2"" x 10ft",Plumbing,1,0
2025-05-26,PIP-PV-210,"PVC Pipe 2"" x 10ft",Plumbing,0,0
2025-05-27,PIP-PV-210,"PVC Pipe 2"" x 10ft",Plumbing,0,0
2025-05-28,PIP-PV-210,"PVC Pipe 2"" x 10ft",Plumbing,2,0
2025-05-29,PIP-PV-210,"PVC Pipe 2"" x 10ft",Plumbing,4,0
2025-05-30,PIP-PV-210,"PVC Pipe 2"" x 10ft",Plumbing,0,0
2025-05-31,PIP-PV-210,"PVC Pipe 2"" x 10ft",Plumbing,10,0
2025-06-01,PIP-PV-210,"PVC Pipe 2"" x 10ft",Plumbing,7,0
2025-06-02,PIP-PV-210,"PVC Pipe 2"" x 10ft",Plumbing,3,0
2025-06-03,PIP-PV-210,"PVC Pipe 2"" x 10ft",Plumbing,5,0
2025-06-04,PIP-PV-210,"PVC Pipe 2"" x 10ft",Plumbing,7,0
2025-06-05,PIP-PV-210,"PVC Pipe 2"" x 10ft",Plumbing,6,0
2025-06-06,PIP-PV-210,"PVC Pipe 2"" x 10ft",Plumbing,6,0
2025-06-07,PIP-PV-210,"PVC Pipe 2"" x 10ft",Plumbing,2,0
2025-06-08,PIP-PV-210,"PVC Pipe 2"" x 10ft",Plumbing,2,0
2025-06-09,PIP-PV-210,"PVC Pipe 2"" x 10ft",Plumbing,3,0
2025-06-10,PIP-PV-210,"PVC Pipe 2"" x 10ft",Plumbing,3,0
2025-06-11,PIP-PV-210,"PVC Pipe 2"" x 10ft",Plumbing,4,0
2025-06-12,PIP-PV-210,"PVC Pipe 2"" x 10ft",Plumbing,5,0
2025-06-13,PIP-PV-210,"PVC Pipe 2"" x 10ft",Plumbing,1,0
2025-06-14,PIP-PV-210,"PVC Pipe 2"" x 10ft",Plumbing,1,0
2025-06-15,PIP-PV-210,"PVC Pipe 2"" x 10ft",Plumbing,10,0
2025-06-16,PIP-PV-210,"PVC Pipe 2"" x 10ft",Plumbing,4,0
2025-06-17,PIP-PV-210,"PVC Pipe 2"" x 10ft",Plumbing,0,0
2025-06-18,PIP-PV-210,"PVC Pipe 2"" x 10ft",Plumbing,5,0
2025-06-19,PIP-PV-210,"PVC Pipe 2"" x 10ft",Plumbing,6,0
2025-06-20,PIP-PV-210,"PVC Pipe 2"" x 10ft",Plumbing,2,0
2025-06-21,PIP-PV-210,"PVC Pipe 2"" x 10ft",Plumbing,6,0
2025-06-22,PIP-PV-210,"PVC Pipe 2"" x 10ft",Plumbing,5,1
2025-06-23,PIP-PV-210,"PVC Pipe 2"" x 10ft",Plumbing,5,1
2025-06-24,PIP-PV-210,"PVC Pipe 2"" x 10ft",Plumbing,0,0
2025-06-25,PIP-PV-210,"PVC Pipe 2"" x 10ft",Plumbing,3,0
2025-06-26,PIP-PV-210,"PVC Pipe 2"" x 10ft",Plumbing,0,0
2025-06-27,PIP-PV-210,"PVC Pipe 2"" x 10ft",Plumbing,1,0
2025-06-28,PIP-PV-210,"PVC Pipe 2"" x 10ft",Plumbing,4,0
2025-06-29,PIP-PV-210,"PVC Pipe 2"" x 10ft",Plumbing,5,0
2025-06-30,PIP-PV-210,"PVC Pipe 2"" x 10ft",Plumbing,5,0
2025-07-01,PIP-PV-210,"PVC Pipe 2"" x 10ft",Plumbing,2,0
2025-07-02,PIP-PV-210,"PVC Pipe 2"" x 10ft",Plumbing,0,0
2025-07-03,PIP-PV-210,"PVC Pipe 2"" x 10ft",Plumbing,7,0
2025-07-04,PIP-PV-210,"PVC Pipe 2"" x 10ft",Plumbing,1,0
2025-07-05,PIP-PV-210,"PVC Pipe 2"" x 10ft",Plumbing,3,0
2025-07-06,PIP-PV-210,"PVC Pipe 2"" x 10ft",Plumbing,4,0
2025-07-07,PIP-PV-210,"PVC Pipe 2"" x 10ft",Plumbing,2,0
2025-07-08,PIP-PV-210,"PVC Pipe 2"" x 10ft",Plumbing,5,0
2025-07-09,PIP-PV-210,"PVC Pipe 2"" x 10ft",Plumbing,1,0
2025-07-10,PIP-PV-210,"PVC Pipe 2"" x 10ft",Plumbing,6,0
2025-07-11,PIP-PV-210,"PVC Pipe 2"" x 10ft",Plumbing,5,0
2025-07-12,PIP-PV-210,"PVC Pipe 2"" x 10ft",Plumbing,5,0
2025-07-13,PIP-PV-210,"PVC Pipe 2"" x 10ft",Plumbing,1,0
2025-07-14,PIP-PV-210,"PVC Pipe 2"" x 10ft",Plumbing,5,0
2025-07-15,PIP-PV-210,"PVC Pipe 2"" x 10ft",Plumbing,4,0
2025-07-16,PIP-PV-210,"PVC Pipe 2"" x 10ft",Plumbing,5,0
2025-07-17,PIP-PV-210,"PVC Pipe 2"" x 10ft",Plumbing,2,0
2025-07-18,PIP-PV-210,"PVC Pipe 2"" x 10ft",Plumbing,2,0
2025-07-19,PIP-PV-210,"PVC Pipe 2"" x 10ft",Plumbing,6,0
2025-07-20,PIP-PV-210,"PVC Pipe 2"" x 10ft",Plumbing,3,0
2025-07-21,PIP-PV-210,"PVC Pipe 2"" x 10ft",Plumbing,3,0
2025-07-22,PIP-PV-210,"PVC Pipe 2"" x 10ft",Plumbing,3,0
2025-07-23,PIP-PV-210,"PVC Pipe 2"" x 10ft",Plumbing,2,0
2025-07-24,PIP-PV-210,"PVC Pipe 2"" x 10ft",Plumbing,3,0
2025-07-25,PIP-PV-210,"PVC Pipe 2"" x 10ft",Plumbing,2,0
2025-07-26,PIP-PV-210,"PVC Pipe 2"" x 10ft",Plumbing,5,0
2025-07-27,PIP-PV-210,"PVC Pipe 2"" x 10ft",Plumbing,1,0
2025-07-28,PIP-PV-210,"PVC Pipe 2"" x 10ft",Plumbing,8,0
2025-07-29,PIP-PV-210,"PVC Pipe 2"" x 10ft",Plumbing,2,0
2025-07-30,PIP-PV-210,"PVC Pipe 2"" x 10ft",Plumbing,0,0
2025-07-31,PIP-PV-210,"PVC Pipe 2"" x 10ft",Plumbing,3,0
2025-08-01,PIP-PV-210,"PVC Pipe 2"" x 10ft",Plumbing,1,0
2025-08-02,PIP-PV-210,"PVC Pipe 2"" x 10ft",Plumbing,3,0
2025-08-03,PIP-PV-210,"PVC Pipe 2"" x 10ft",Plumbing,7,0
2025-08-04,PIP-PV-210,"PVC Pipe 2"" x 10ft",Plumbing,4,0
2025-08-05,PIP-PV-210,"PVC Pipe 2"" x 10ft",Plumbing,7,0
2025-08-06,PIP-PV-210,"PVC Pipe 2"" x 10ft",Plumbing,0,0
2025-08-07,PIP-PV-210,"PVC Pipe 2"" x 10ft",Plumbing,2,0
2025-08-08,PIP-PV-210,"PVC Pipe 2"" x 10ft",Plumbing,10,0
2025-08-09,PIP-PV-210,"PVC Pipe 2"" x 10ft",Plumbing,7,0
2025-08-10,PIP-PV-210,"PVC Pipe 2"" x 10ft",Plumbing,6,0
2025-08-11,PIP-PV-210,"PVC Pipe 2"" x 10ft",Plumbing,2,0
2025-08-12,PIP-PV-210,"PVC Pipe 2"" x 10ft",Plumbing,1,0
2025-08-13,PIP-PV-210,"PVC Pipe 2"" x 10ft",Plumbing,5,0
2025-08-14,PIP-PV-210,"PVC Pipe 2"" x 10ft",Plumbing,2,0
2025-08-15,PIP-PV-210,"PVC Pipe 2"" x 10ft",Plumbing,1,0
2025-08-16,PIP-PV-210,"PVC Pipe 2"" x 10ft",Plumbing,2,0
2025-08-17,PIP-PV-210,"PVC Pipe 2"" x 10ft",Plumbing,6,0
2025-08-18,PIP-PV-210,"PVC Pipe 2"" x 10ft",Plumbing,3,0
2025-08-19,PIP-PV-210,"PVC Pipe 2"" x 10ft",Plumbing,1,0
2025-08-20,PIP-PV-210,"PVC Pipe 2"" x 10ft",Plumbing,5,0
2025-08-21,PIP-PV-210,"PVC Pipe 2"" x 10ft",Plumbing,4,0
2025-08-22,PIP-PV-210,"PVC Pipe 2"" x 10ft",Plumbing,3,0
2025-08-23,PIP-PV-210,"PVC Pipe 2"" x 10ft",Plumbing,3,0
2025-08-24,PIP-PV-210,"PVC Pipe 2"" x 10ft",Plumbing,2,0
2025-08-25,PIP-PV-210,"PVC Pipe 2"" x 10ft",Plumbing,1,0
2025-08-26,PIP-PV-210,"PVC Pipe 2"" x 10ft",Plumbing,0,0
2025-08-27,PIP-PV-210,"PVC Pipe 2"" x 10ft",Plumbing,4,0
2025-08-28,PIP-PV-210,"PVC Pipe 2"" x 10ft",Plumbing,6,0
2025-08-29,PIP-PV-210,"PVC Pipe 2"" x 10ft",Plumbing,1,0
2025-08-30,PIP-PV-210,"PVC Pipe 2"" x 10ft",Plumbing,5,0
2025-08-31,PIP-PV-210,"PVC Pipe 2"" x 10ft",Plumbing,6,0
2025-09-01,PIP-PV-210,"PVC Pipe 2"" x 10ft",Plumbing,7,0
2025-09-02,PIP-PV-210,"PVC Pipe 2"" x 10ft",Plumbing,3,0
2025-09-03,PIP-PV-210,"PVC Pipe 2"" x 10ft",Plumbing,2,0
2025-09-04,PIP-PV-210,"PVC Pipe 2"" x 10ft",Plumbing,7,0
2025-09-05,PIP-PV-210,"PVC Pipe 2"" x 10ft",Plumbing,0,0
2025-09-06,PIP-PV-210,"PVC Pipe 2"" x 10ft",Plumbing,4,0
2025-09-07,PIP-PV-210,"PVC Pipe 2"" x 10ft",Plumbing,5,0
2025-09-08,PIP-PV-210,"PVC Pipe 2"" x 10ft",Plumbing,1,0
2025-09-09,PIP-PV-210,"PVC Pipe 2"" x 10ft",Plumbing,0,0
2025-09-10,PIP-PV-210,"PVC Pipe 2"" x 10ft",Plumbing,2,0
2025-09-11,PIP-PV-210,"PVC Pipe 2"" x 10ft",Plumbing,2,0
2025-09-12,PIP-PV-210,"PVC Pipe 2"" x 10ft",Plumbing,7,0
2025-09-13,PIP-PV-210,"PVC Pipe 2"" x 10ft",Plumbing,6,0
2025-09-14,PIP-PV-210,"PVC Pipe 2"" x 10ft",Plumbing,6,0
2025-09-15,PIP-PV-210,"PVC Pipe 2"" x 10ft",Plumbing,2,0
2025-09-16,PIP-PV-210,"PVC Pipe 2"" x 10ft",Plumbing,1,0
2025-09-17,PIP-PV-210,"PVC Pipe 2"" x 10ft",Plumbing,3,0
2025-09-18,PIP-PV-210,"PVC Pipe 2"" x 10ft",Plumbing,10,0
2025-09-19,PIP-PV-210,"PVC Pipe 2"" x 10ft",Plumbing,0,0
2025-09-20,PIP-PV-210,"PVC Pipe 2"" x 10ft",Plumbing,4,0
2025-09-21,PIP-PV-210,"PVC Pipe 2"" x 10ft",Plumbing,6,0
2025-09-22,PIP-PV-210,"PVC Pipe 2"" x 10ft",Plumbing,0,0
2025-09-23,PIP-PV-210,"PVC Pipe 2"" x 10ft",Plumbing,5,0
2025-09-24,PIP-PV-210,"PVC Pipe 2"" x 10ft",Plumbing,3,0
2025-09-25,PIP-PV-210,"PVC Pipe 2"" x 10ft",Plumbing,5,0
2025-09-26,PIP-PV-210,"PVC Pipe 2"" x 10ft",Plumbing,6,0
2025-09-27,PIP-PV-210,"PVC Pipe 2"" x 10ft",Plumbing,7,0
2025-09-28,PIP-PV-210,"PVC Pipe 2"" x 10ft",Plumbing,0,0
2025-09-29,PIP-PV-210,"PVC Pipe 2"" x 10ft",Plumbing,0,0
2025-09-30,PIP-PV-210,"PVC Pipe 2"" x 10ft",Plumbing,0,0
2025-10-01,PIP-PV-210,"PVC Pipe 2"" x 10ft",Plumbing,2,0
2025-10-02,PIP-PV-210,"PVC Pipe 2"" x 10ft",Plumbing,2,0
2025-10-03,PIP-PV-210,"PVC Pipe 2"" x 10ft",Plumbing,3,0
2025-10-04,PIP-PV-210,"PVC Pipe 2"" x 10ft",Plumbing,3,0
2025-10-05,PIP-PV-210,"PVC Pipe 2"" x 10ft",Plumbing,6,0
2025-10-06,PIP-PV-210,"PVC Pipe 2"" x 10ft",Plumbing,4,0
2025-10-07,PIP-PV-210,"PVC Pipe 2"" x 10ft",Plumbing,1,0
2025-10-08,PIP-PV-210,"PVC Pipe 2"" x 10ft",Plumbing,3,0
2025-10-09,PIP-PV-210,"PVC Pipe 2"" x 10ft",Plumbing,3,0
2025-10-10,PIP-PV-210,"PVC Pipe 2"" x 10ft",Plumbing,3,0
2025-10-11,PIP-PV-210,"PVC Pipe 2"" x 10ft",Plumbing,3,0
2025-10-12,PIP-PV-210,"PVC Pipe 2"" x 10ft",Plumbing,2,0
2025-10-13,PIP-PV-210,"PVC Pipe 2"" x 10ft",Plumbing,5,0
2025-10-14,PIP-PV-210,"PVC Pipe 2"" x 10ft",Plumbing,4,0
2025-10-15,PIP-PV-210,"PVC Pipe 2"" x 10ft",Plumbing,7,0
2025-10-16,PIP-PV-210,"PVC Pipe 2"" x 10ft",Plumbing,1,0
2025-10-17,PIP-PV-210,"PVC Pipe 2"" x 10ft",Plumbing,0,0
2025-10-18,PIP-PV-210,"PVC Pipe 2"" x 10ft",Plumbing,5,0
2025-10-19,PIP-PV-210,"PVC Pipe 2"" x 10ft",Plumbing,0,0
2025-10-20,PIP-PV-210,"PVC Pipe 2"" x 10ft",Plumbing,3,0
2025-10-21,PIP-PV-210,"PVC Pipe 2"" x 10ft",Plumbing,0,0
2025-10-22,PIP-PV-210,"PVC Pipe 2"" x 10ft",Plumbing,9,0
2025-10-23,PIP-PV-210,"PVC Pipe 2"" x 10ft",Plumbing,4,0
2025-10-24,PIP-PV-210,"PVC Pipe 2"" x 10ft",Plumbing,2,0
2025-10-25,PIP-PV-210,"PVC Pipe 2"" x 10ft",Plumbing,8,0
2025-10-26,PIP-PV-210,"PVC Pipe 2"" x 10ft",Plumbing,2,0
2025-10-27,PIP-PV-210,"PVC Pipe 2"" x 10ft",Plumbing,6,0
2025-10-28,PIP-PV-210,"PVC Pipe 2"" x 10ft",Plumbing,3,0
2025-10-29,PIP-PV-210,"PVC Pipe 2"" x 10ft",Plumbing,5,0
2025-10-30,PIP-PV-210,"PVC Pipe 2"" x 10ft",Plumbing,2,0
2025-10-31,PIP-PV-210,"PVC Pipe 2"" x 10ft",Plumbing,3,0
2025-11-01,PIP-PV-210,"PVC Pipe 2"" x 10ft",Plumbing,1,0
2025-11-02,PIP-PV-210,"PVC Pipe 2"" x 10ft",Plumbing,5,0
2025-11-03,PIP-PV-210,"PVC Pipe 2"" x 10ft",Plumbing,3,0
2025-11-04,PIP-PV-210,"PVC Pipe 2"" x 10ft",Plumbing,5,0
2025-11-05,PIP-PV-210,"PVC Pipe 2"" x 10ft",Plumbing,1,1
2025-11-06,PIP-PV-210,"PVC Pipe 2"" x 10ft",Plumbing,3,0
2025-11-07,PIP-PV-210,"PVC Pipe 2"" x 10ft",Plumbing,6,0
2025-11-08,PIP-PV-210,"PVC Pipe 2"" x 10ft",Plumbing,0,0
2025-11-09,PIP-PV-210,"PVC Pipe 2"" x 10ft",Plumbing,5,0
2025-11-10,PIP-PV-210,"PVC Pipe 2"" x 10ft",Plumbing,4,0
2025-11-11,PIP-PV-210,"PVC Pipe 2"" x 10ft",Plumbing,1,0
2025-11-12,PIP-PV-210,"PVC Pipe 2"" x 10ft",Plumbing,2,0
2025-11-13,PIP-PV-210,"PVC Pipe 2"" x 10ft",Plumbing,8,0
2025-11-14,PIP-PV-210,"PVC Pipe 2"" x 10ft",Plumbing,3,0
2025-11-15,PIP-PV-210,"PVC Pipe 2"" x 10ft",Plumbing,2,0
2025-11-16,PIP-PV-210,"PVC Pipe 2"" x 10ft",Plumbing,4,0
2025-11-17,PIP-PV-210,"PVC Pipe 2"" x 10ft",Plumbing,3,0
2025-11-18,PIP-PV-210,"PVC Pipe 2"" x 10ft",Plumbing,4,0
2025-11-19,PIP-PV-210,"PVC Pipe 2"" x 10ft",Plumbing,2,0
2025-11-20,PIP-PV-210,"PVC Pipe 2"" x 10ft",Plumbing,6,0
2025-11-21,PIP-PV-210,"PVC Pipe 2"" x 10ft",Plumbing,4,0
2025-11-22,PIP-PV-210,"PVC Pipe 2"" x 10ft",Plumbing,6,0
2025-11-23,PIP-PV-210,"PVC Pipe 2"" x 10ft",Plumbing,0,0
2025-11-24,PIP-PV-210,"PVC Pipe 2"" x 10ft",Plumbing,3,0
2025-11-25,PIP-PV-210,"PVC Pipe 2"" x 10ft",Plumbing,5,0
2025-11-26,PIP-PV-210,"PVC Pipe 2"" x 10ft",Plumbing,3,0
2025-11-27,PIP-PV-210,"PVC Pipe 2"" x 10ft",Plumbing,7,0
2025-11-28,PIP-PV-210,"PVC Pipe 2"" x 10ft",Plumbing,2,0
2025-11-29,PIP-PV-210,"PVC Pipe 2"" x 10ft",Plumbing,5,0
2025-11-30,PIP-PV-210,"PVC Pipe 2"" x 10ft",Plumbing,3,0
2025-12-01,PIP-PV-210,"PVC Pipe 2"" x 10ft",Plumbing,2,0
2025-12-02,PIP-PV-210,"PVC Pipe 2"" x 10ft",Plumbing,1,0
2025-12-03,PIP-PV-210,"PVC Pipe 2"" x 10ft",Plumbing,3,0
2025-12-04,PIP-PV-210,"PVC Pipe 2"" x 10ft",Plumbing,4,0
2025-12-05,PIP-PV-210,"PVC Pipe 2"" x 10ft",Plumbing,3,0
2025-12-06,PIP-PV-210,"PVC Pipe 2"" x 10ft",Plumbing,5,0
2025-12-07,PIP-PV-210,"PVC Pipe 2"" x 10ft",Plumbing,6,0
2025-12-08,PIP-PV-210,"PVC Pipe 2"" x 10ft",Plumbing,5,0
2025-12-09,PIP-PV-210,"PVC Pipe 2"" x 10ft",Plumbing,1,0
2025-12-10,PIP-PV-210,"PVC Pipe 2"" x 10ft",Plumbing,3,0
2025-12-11,PIP-PV-210,"PVC Pipe 2"" x 10ft",Plumbing,4,0
2025-12-12,PIP-PV-210,"PVC Pipe 2"" x 10ft",Plumbing,4,0
2025-12-13,PIP-PV-210,"PVC Pipe 2"" x 10ft",Plumbing,6,0
2025-12-14,PIP-PV-210,"PVC Pipe 2"" x 10ft",Plumbing,3,0
2025-12-15,PIP-PV-210,"PVC Pipe 2"" x 10ft",Plumbing,3,0
2025-12-16,PIP-PV-210,"PVC Pipe 2"" x 10ft",Plumbing,5,0
2025-12-17,PIP-PV-210,"PVC Pipe 2"" x 10ft",Plumbing,1,0
2025-12-18,PIP-PV-210,"PVC Pipe 2"" x 10ft",Plumbing,3,0
2025-12-19,PIP-PV-210,"PVC Pipe 2"" x 10ft",Plumbing,0,0
2025-12-20,PIP-PV-210,"PVC Pipe 2"" x 10ft",Plumbing,4,0
2025-12-21,PIP-PV-210,"PVC Pipe 2"" x 10ft",Plumbing,2,0
2025-12-22,PIP-PV-210,"PVC Pipe 2"" x 10ft",Plumbing,8,0
2025-12-23,PIP-PV-210,"PVC Pipe 2"" x 10ft",Plumbing,8,0
2025-12-24,PIP-PV-210,"PVC Pipe 2"" x 10ft",Plumbing,4,0
2025-12-25,PIP-PV-210,"PVC Pipe 2"" x 10ft",Plumbing,3,0
2025-12-26,PIP-PV-210,"PVC Pipe 2"" x 10ft",Plumbing,5,0
2025-12-27,PIP-PV-210,"PVC Pipe 2"" x 10ft",Plumbing,4,0
2025-12-28,PIP-PV-210,"PVC Pipe 2"" x 10ft",Plumbing,4,0
2025-12-29,PIP-PV-210,"PVC Pipe 2"" x 10ft",Plumbing,5,0
2025-12-30,PIP-PV-210,"PVC Pipe 2"" x 10ft",Plumbing,2,0
2025-12-31,PIP-PV-210,"PVC Pipe 2"" x 10ft",Plumbing,3,0
2026-01-01,PIP-PV-210,"PVC Pipe 2"" x 10ft",Plumbing,6,0
2026-01-02,PIP-PV-210,"PVC Pipe 2"" x 10ft",Plumbing,9,0
2026-01-03,PIP-PV-210,"PVC Pipe 2"" x 10ft",Plumbing,6,0
2026-01-04,PIP-PV-210,"PVC Pipe 2"" x 10ft",Plumbing,4,0
2026-01-05,PIP-PV-210,"PVC Pipe 2"" x 10ft",Plumbing,4,0
2026-01-06,PIP-PV-210,"PVC Pipe 2"" x 10ft",Plumbing,6,0
2026-01-07,PIP-PV-210,"PVC Pipe 2"" x 10ft",Plumbing,4,0
2026-01-08,PIP-PV-210,"PVC Pipe 2"" x 10ft",Plumbing,0,0
2026-01-09,PIP-PV-210,"PVC Pipe 2"" x 10ft",Plumbing,7,0
2026-01-10,PIP-PV-210,"PVC Pipe 2"" x 10ft",Plumbing,10,0
2026-01-11,PIP-PV-210,"PVC Pipe 2"" x 10ft",Plumbing,5,0
2026-01-12,PIP-PV-210,"PVC Pipe 2"" x 10ft",Plumbing,4,0
2026-01-13,PIP-PV-210,"PVC Pipe 2"" x 10ft",Plumbing,5,0
2026-01-14,PIP-PV-210,"PVC Pipe 2"" x 10ft",Plumbing,6,0
2026-01-15,PIP-PV-210,"PVC Pipe 2"" x 10ft",Plumbing,5,0
2026-01-16,PIP-PV-210,"PVC Pipe 2"" x 10ft",Plumbing,0,0
2026-01-17,PIP-PV-210,"PVC Pipe 2"" x 10ft",Plumbing,7,0
2026-01-18,PIP-PV-210,"PVC Pipe 2"" x 10ft",Plumbing,2,0
2026-01-19,PIP-PV-210,"PVC Pipe 2"" x 10ft",Plumbing,6,0
2026-01-20,PIP-PV-210,"PVC Pipe 2"" x 10ft",Plumbing,4,0
2026-01-21,PIP-PV-210,"PVC Pipe 2"" x 10ft",Plumbing,1,0
2026-01-22,PIP-PV-210,"PVC Pipe 2"" x 10ft",Plumbing,2,0
2026-01-23,PIP-PV-210,"PVC Pipe 2"" x 10ft",Plumbing,5,0
2026-01-24,PIP-PV-210,"PVC Pipe 2"" x 10ft",Plumbing,4,0
2026-01-25,PIP-PV-210,"PVC Pipe 2"" x 10ft",Plumbing,3,0
2026-01-26,PIP-PV-210,"PVC Pipe 2"" x 10ft",Plumbing,6,0
2026-01-27,PIP-PV-210,"PVC Pipe 2"" x 10ft",Plumbing,3,0
2026-01-28,PIP-PV-210,"PVC Pipe 2"" x 10ft",Plumbing,1,0
2026-01-29,PIP-PV-210,"PVC Pipe 2"" x 10ft",Plumbing,4,0
2026-01-30,PIP-PV-210,"PVC Pipe 2"" x 10ft",Plumbing,6,0
2026-01-31,PIP-PV-210,"PVC Pipe 2"" x 10ft",Plumbing,5,0
2026-02-01,PIP-PV-210,"PVC Pipe 2"" x 10ft",Plumbing,0,0
2026-02-02,PIP-PV-210,"PVC Pipe 2"" x 10ft",Plumbing,5,0
2026-02-03,PIP-PV-210,"PVC Pipe 2"" x 10ft",Plumbing,4,0
2026-02-04,PIP-PV-210,"PVC Pipe 2"" x 10ft",Plumbing,2,0
2026-02-05,PIP-PV-210,"PVC Pipe 2"" x 10ft",Plumbing,4,0
2026-02-06,PIP-PV-210,"PVC Pipe 2"" x 10ft",Plumbing,3,0
2026-02-07,PIP-PV-210,"PVC Pipe 2"" x 10ft",Plumbing,10,1
2026-02-08,PIP-PV-210,"PVC Pipe 2"" x 10ft",Plumbing,4,0
2026-02-09,PIP-PV-210,"PVC Pipe 2"" x 10ft",Plumbing,2,0
2026-02-10,PIP-PV-210,"PVC Pipe 2"" x 10ft",Plumbing,0,0
2026-02-11,PIP-PV-210,"PVC Pipe 2"" x 10ft",Plumbing,2,0
2026-02-12,PIP-PV-210,"PVC Pipe 2"" x 10ft",Plumbing,4,0
2026-02-13,PIP-PV-210,"PVC Pipe 2"" x 10ft",Plumbing,3,0
2026-02-14,PIP-PV-210,"PVC Pipe 2"" x 10ft",Plumbing,3,0
2026-02-15,PIP-PV-210,"PVC Pipe 2"" x 10ft",Plumbing,5,0
2026-02-16,PIP-PV-210,"PVC Pipe 2"" x 10ft",Plumbing,2,0
2026-02-17,PIP-PV-210,"PVC Pipe 2"" x 10ft",Plumbing,2,0
2026-02-18,PIP-PV-210,"PVC Pipe 2"" x 10ft",Plumbing,7,0
2026-02-19,PIP-PV-210,"PVC Pipe 2"" x 10ft",Plumbing,4,0
2026-02-20,PIP-PV-210,"PVC Pipe 2"" x 10ft",Plumbing,2,0
2026-02-21,PIP-PV-210,"PVC Pipe 2"" x 10ft",Plumbing,5,0
2026-02-22,PIP-PV-210,"PVC Pipe 2"" x 10ft",Plumbing,2,0
2026-02-23,PIP-PV-210,"PVC Pipe 2"" x 10ft",Plumbing,6,0
2026-02-24,PIP-PV-210,"PVC Pipe 2"" x 10ft",Plumbing,1,0
2026-02-25,PIP-PV-210,"PVC Pipe 2"" x 10ft",Plumbing,0,0
2026-02-26,PIP-PV-210,"PVC Pipe 2"" x 10ft",Plumbing,4,0
2026-02-27,PIP-PV-210,"PVC Pipe 2"" x 10ft",Plumbing,4,0
2026-02-28,PIP-PV-210,"PVC Pipe 2"" x 10ft",Plumbing,5,0
2026-03-01,PIP-PV-210,"PVC Pipe 2"" x 10ft",Plumbing,3,0
2026-03-02,PIP-PV-210,"PVC Pipe 2"" x 10ft",Plumbing,1,0
2026-03-03,PIP-PV-210,"PVC Pipe 2"" x 10ft",Plumbing,4,0
2026-03-04,PIP-PV-210,"PVC Pipe 2"" x 10ft",Plumbing,2,0
2026-03-05,PIP-PV-210,"PVC Pipe 2"" x 10ft",Plumbing,0,0
2026-03-06,PIP-PV-210,"PVC Pipe 2"" x 10ft",Plumbing,2,0
2026-03-07,PIP-PV-210,"PVC Pipe 2"" x 10ft",Plumbing,5,0
2026-03-08,PIP-PV-210,"PVC Pipe 2"" x 10ft",Plumbing,2,0
2026-03-09,PIP-PV-210,"PVC Pipe 2"" x 10ft",Plumbing,2,0
2026-03-10,PIP-PV-210,"PVC Pipe 2"" x 10ft",Plumbing,9,1
2026-03-11,PIP-PV-210,"PVC Pipe 2"" x 10ft",Plumbing,3,0
2026-03-12,PIP-PV-210,"PVC Pipe 2"" x 10ft",Plumbing,3,0
2026-03-13,PIP-PV-210,"PVC Pipe 2"" x 10ft",Plumbing,6,0
2026-03-14,PIP-PV-210,"PVC Pipe 2"" x 10ft",Plumbing,4,0
2026-03-15,PIP-PV-210,"PVC Pipe 2"" x 10ft",Plumbing,4,0
2026-03-16,PIP-PV-210,"PVC Pipe 2"" x 10ft",Plumbing,5,0
2026-03-17,PIP-PV-210,"PVC Pipe 2"" x 10ft",Plumbing,3,0
2026-03-18,PIP-PV-210,"PVC Pipe 2"" x 10ft",Plumbing,2,0
2026-03-19,PIP-PV-210,"PVC Pipe 2"" x 10ft",Plumbing,3,0
2026-03-20,PIP-PV-210,"PVC Pipe 2"" x 10ft",Plumbing,3,0
2026-03-21,PIP-PV-210,"PVC Pipe 2"" x 10ft",Plumbing,0,0
2026-03-22,PIP-PV-210,"PVC Pipe 2"" x 10ft",Plumbing,1,0
2026-03-23,PIP-PV-210,"PVC Pipe 2"" x 10ft",Plumbing,6,0
2026-03-24,PIP-PV-210,"PVC Pipe 2"" x 10ft",Plumbing,6,0
2026-03-25,PIP-PV-210,"PVC Pipe 2"" x 10ft",Plumbing,2,0
2026-03-26,PIP-PV-210,"PVC Pipe 2"" x 10ft",Plumbing,3,0
2026-03-27,PIP-PV-210,"PVC Pipe 2"" x 10ft",Plumbing,6,0
2026-03-28,PIP-PV-210,"PVC Pipe 2"" x 10ft",Plumbing,9,0
2026-03-29,PIP-PV-210,"PVC Pipe 2"" x 10ft",Plumbing,0,0
2026-03-30,PIP-PV-210,"PVC Pipe 2"" x 10ft",Plumbing,2,0
2026-03-31,PIP-PV-210,"PVC Pipe 2"" x 10ft",Plumbing,7,0
2026-04-01,PIP-PV-210,"PVC Pipe 2"" x 10ft",Plumbing,0,0
2026-04-02,PIP-PV-210,"PVC Pipe 2"" x 10ft",Plumbing,0,0
2026-04-03,PIP-PV-210,"PVC Pipe 2"" x 10ft",Plumbing,2,0
2026-04-04,PIP-PV-210,"PVC Pipe 2"" x 10ft",Plumbing,3,0
2026-04-05,PIP-PV-210,"PVC Pipe 2"" x 10ft",Plumbing,3,0
2026-04-06,PIP-PV-210,"PVC Pipe 2"" x 10ft",Plumbing,6,0
2026-04-07,PIP-PV-210,"PVC Pipe 2"" x 10ft",Plumbing,8,0
2026-04-08,PIP-PV-210,"PVC Pipe 2"" x 10ft",Plumbing,5,0
2026-04-09,PIP-PV-210,"PVC Pipe 2"" x 10ft",Plumbing,1,0
2026-04-10,PIP-PV-210,"PVC Pipe 2"" x 10ft",Plumbing,0,0
2026-04-11,PIP-PV-210,"PVC Pipe 2"" x 10ft",Plumbing,4,0
2026-04-12,PIP-PV-210,"PVC Pipe 2"" x 10ft",Plumbing,7,0
2026-04-13,PIP-PV-210,"PVC Pipe 2"" x 10ft",Plumbing,4,0
2026-04-14,PIP-PV-210,"PVC Pipe 2"" x 10ft",Plumbing,3,0
2026-04-15,PIP-PV-210,"PVC Pipe 2"" x 10ft",Plumbing,0,0
2026-04-16,PIP-PV-210,"PVC Pipe 2"" x 10ft",Plumbing,4,0
2026-04-17,PIP-PV-210,"PVC Pipe 2"" x 10ft",Plumbing,4,0
2026-04-18,PIP-PV-210,"PVC Pipe 2"" x 10ft",Plumbing,5,0
2026-04-19,PIP-PV-210,"PVC Pipe 2"" x 10ft",Plumbing,2,0
2026-04-20,PIP-PV-210,"PVC Pipe 2"" x 10ft",Plumbing,1,0
2026-04-21,PIP-PV-210,"PVC Pipe 2"" x 10ft",Plumbing,3,0
2026-04-22,PIP-PV-210,"PVC Pipe 2"" x 10ft",Plumbing,4,0
2026-04-23,PIP-PV-210,"PVC Pipe 2"" x 10ft",Plumbing,4,0
2026-04-24,PIP-PV-210,"PVC Pipe 2"" x 10ft",Plumbing,5,0
2026-04-25,PIP-PV-210,"PVC Pipe 2"" x 10ft",Plumbing,7,0
2026-04-26,PIP-PV-210,"PVC Pipe 2"" x 10ft",Plumbing,5,0
2026-04-27,PIP-PV-210,"PVC Pipe 2"" x 10ft",Plumbing,3,0
2026-04-28,PIP-PV-210,"PVC Pipe 2"" x 10ft",Plumbing,5,0
2026-04-29,PIP-PV-210,"PVC Pipe 2"" x 10ft",Plumbing,1,0
2026-04-30,PIP-PV-210,"PVC Pipe 2"" x 10ft",Plumbing,4,0
2026-05-01,PIP-PV-210,"PVC Pipe 2"" x 10ft",Plumbing,3,0
2026-05-02,PIP-PV-210,"PVC Pipe 2"" x 10ft",Plumbing,2,0
2026-05-03,PIP-PV-210,"PVC Pipe 2"" x 10ft",Plumbing,5,0
2026-05-04,PIP-PV-210,"PVC Pipe 2"" x 10ft",Plumbing,3,0
2026-05-05,PIP-PV-210,"PVC Pipe 2"" x 10ft",Plumbing,3,0
2026-05-06,PIP-PV-210,"PVC Pipe 2"" x 10ft",Plumbing,0,0
2026-05-07,PIP-PV-210,"PVC Pipe 2"" x 10ft",Plumbing,3,0
2026-05-08,PIP-PV-210,"PVC Pipe 2"" x 10ft",Plumbing,3,0
2026-05-09,PIP-PV-210,"PVC Pipe 2"" x 10ft",Plumbing,5,0
2026-05-10,PIP-PV-210,"PVC Pipe 2"" x 10ft",Plumbing,5,0
2026-05-11,PIP-PV-210,"PVC Pipe 2"" x 10ft",Plumbing,3,0
2026-05-12,PIP-PV-210,"PVC Pipe 2"" x 10ft",Plumbing,7,0
2026-05-13,PIP-PV-210,"PVC Pipe 2"" x 10ft",Plumbing,3,0
2026-05-14,PIP-PV-210,"PVC Pipe 2"" x 10ft",Plumbing,3,0
2026-05-15,PIP-PV-210,"PVC Pipe 2"" x 10ft",Plumbing,4,0
2024-11-22,PIP-CP-075,"Copper Pipe 3/4"" x 10ft",Plumbing,6,0
2024-11-23,PIP-CP-075,"Copper Pipe 3/4"" x 10ft",Plumbing,8,0
2024-11-24,PIP-CP-075,"Copper Pipe 3/4"" x 10ft",Plumbing,3,0
2024-11-25,PIP-CP-075,"Copper Pipe 3/4"" x 10ft",Plumbing,1,0
2024-11-26,PIP-CP-075,"Copper Pipe 3/4"" x 10ft",Plumbing,2,0
2024-11-27,PIP-CP-075,"Copper Pipe 3/4"" x 10ft",Plumbing,7,0
2024-11-28,PIP-CP-075,"Copper Pipe 3/4"" x 10ft",Plumbing,7,1
2024-11-29,PIP-CP-075,"Copper Pipe 3/4"" x 10ft",Plumbing,4,0
2024-11-30,PIP-CP-075,"Copper Pipe 3/4"" x 10ft",Plumbing,7,0
2024-12-01,PIP-CP-075,"Copper Pipe 3/4"" x 10ft",Plumbing,11,0
2024-12-02,PIP-CP-075,"Copper Pipe 3/4"" x 10ft",Plumbing,5,0
2024-12-03,PIP-CP-075,"Copper Pipe 3/4"" x 10ft",Plumbing,1,0
2024-12-04,PIP-CP-075,"Copper Pipe 3/4"" x 10ft",Plumbing,5,0
2024-12-05,PIP-CP-075,"Copper Pipe 3/4"" x 10ft",Plumbing,0,0
2024-12-06,PIP-CP-075,"Copper Pipe 3/4"" x 10ft",Plumbing,0,0
2024-12-07,PIP-CP-075,"Copper Pipe 3/4"" x 10ft",Plumbing,7,0
2024-12-08,PIP-CP-075,"Copper Pipe 3/4"" x 10ft",Plumbing,2,0
2024-12-09,PIP-CP-075,"Copper Pipe 3/4"" x 10ft",Plumbing,3,0
2024-12-10,PIP-CP-075,"Copper Pipe 3/4"" x 10ft",Plumbing,3,0
2024-12-11,PIP-CP-075,"Copper Pipe 3/4"" x 10ft",Plumbing,3,0
2024-12-12,PIP-CP-075,"Copper Pipe 3/4"" x 10ft",Plumbing,4,0
2024-12-13,PIP-CP-075,"Copper Pipe 3/4"" x 10ft",Plumbing,6,1
2024-12-14,PIP-CP-075,"Copper Pipe 3/4"" x 10ft",Plumbing,6,0
2024-12-15,PIP-CP-075,"Copper Pipe 3/4"" x 10ft",Plumbing,4,0
2024-12-16,PIP-CP-075,"Copper Pipe 3/4"" x 10ft",Plumbing,0,0
2024-12-17,PIP-CP-075,"Copper Pipe 3/4"" x 10ft",Plumbing,5,0
2024-12-18,PIP-CP-075,"Copper Pipe 3/4"" x 10ft",Plumbing,4,0
2024-12-19,PIP-CP-075,"Copper Pipe 3/4"" x 10ft",Plumbing,2,0
2024-12-20,PIP-CP-075,"Copper Pipe 3/4"" x 10ft",Plumbing,2,0
2024-12-21,PIP-CP-075,"Copper Pipe 3/4"" x 10ft",Plumbing,5,0
2024-12-22,PIP-CP-075,"Copper Pipe 3/4"" x 10ft",Plumbing,6,0
2024-12-23,PIP-CP-075,"Copper Pipe 3/4"" x 10ft",Plumbing,7,0
2024-12-24,PIP-CP-075,"Copper Pipe 3/4"" x 10ft",Plumbing,4,0
2024-12-25,PIP-CP-075,"Copper Pipe 3/4"" x 10ft",Plumbing,3,0
2024-12-26,PIP-CP-075,"Copper Pipe 3/4"" x 10ft",Plumbing,3,0
2024-12-27,PIP-CP-075,"Copper Pipe 3/4"" x 10ft",Plumbing,6,0
2024-12-28,PIP-CP-075,"Copper Pipe 3/4"" x 10ft",Plumbing,5,0
2024-12-29,PIP-CP-075,"Copper Pipe 3/4"" x 10ft",Plumbing,3,0
2024-12-30,PIP-CP-075,"Copper Pipe 3/4"" x 10ft",Plumbing,1,0
2024-12-31,PIP-CP-075,"Copper Pipe 3/4"" x 10ft",Plumbing,0,0
2025-01-01,PIP-CP-075,"Copper Pipe 3/4"" x 10ft",Plumbing,2,0
2025-01-02,PIP-CP-075,"Copper Pipe 3/4"" x 10ft",Plumbing,2,0
2025-01-03,PIP-CP-075,"Copper Pipe 3/4"" x 10ft",Plumbing,3,0
2025-01-04,PIP-CP-075,"Copper Pipe 3/4"" x 10ft",Plumbing,2,0
2025-01-05,PIP-CP-075,"Copper Pipe 3/4"" x 10ft",Plumbing,8,0
2025-01-06,PIP-CP-075,"Copper Pipe 3/4"" x 10ft",Plumbing,2,0
2025-01-07,PIP-CP-075,"Copper Pipe 3/4"" x 10ft",Plumbing,2,0
2025-01-08,PIP-CP-075,"Copper Pipe 3/4"" x 10ft",Plumbing,1,0
2025-01-09,PIP-CP-075,"Copper Pipe 3/4"" x 10ft",Plumbing,2,0
2025-01-10,PIP-CP-075,"Copper Pipe 3/4"" x 10ft",Plumbing,4,0
2025-01-11,PIP-CP-075,"Copper Pipe 3/4"" x 10ft",Plumbing,5,0
2025-01-12,PIP-CP-075,"Copper Pipe 3/4"" x 10ft",Plumbing,3,0
2025-01-13,PIP-CP-075,"Copper Pipe 3/4"" x 10ft",Plumbing,0,0
2025-01-14,PIP-CP-075,"Copper Pipe 3/4"" x 10ft",Plumbing,8,0
2025-01-15,PIP-CP-075,"Copper Pipe 3/4"" x 10ft",Plumbing,3,0
2025-01-16,PIP-CP-075,"Copper Pipe 3/4"" x 10ft",Plumbing,2,0
2025-01-17,PIP-CP-075,"Copper Pipe 3/4"" x 10ft",Plumbing,2,0
2025-01-18,PIP-CP-075,"Copper Pipe 3/4"" x 10ft",Plumbing,6,0
2025-01-19,PIP-CP-075,"Copper Pipe 3/4"" x 10ft",Plumbing,4,0
2025-01-20,PIP-CP-075,"Copper Pipe 3/4"" x 10ft",Plumbing,3,0
2025-01-21,PIP-CP-075,"Copper Pipe 3/4"" x 10ft",Plumbing,4,0
2025-01-22,PIP-CP-075,"Copper Pipe 3/4"" x 10ft",Plumbing,4,0
2025-01-23,PIP-CP-075,"Copper Pipe 3/4"" x 10ft",Plumbing,2,0
2025-01-24,PIP-CP-075,"Copper Pipe 3/4"" x 10ft",Plumbing,0,0
2025-01-25,PIP-CP-075,"Copper Pipe 3/4"" x 10ft",Plumbing,4,0
2025-01-26,PIP-CP-075,"Copper Pipe 3/4"" x 10ft",Plumbing,1,0
2025-01-27,PIP-CP-075,"Copper Pipe 3/4"" x 10ft",Plumbing,3,0
2025-01-28,PIP-CP-075,"Copper Pipe 3/4"" x 10ft",Plumbing,3,0
2025-01-29,PIP-CP-075,"Copper Pipe 3/4"" x 10ft",Plumbing,5,0
2025-01-30,PIP-CP-075,"Copper Pipe 3/4"" x 10ft",Plumbing,0,0
2025-01-31,PIP-CP-075,"Copper Pipe 3/4"" x 10ft",Plumbing,4,0
2025-02-01,PIP-CP-075,"Copper Pipe 3/4"" x 10ft",Plumbing,3,0
2025-02-02,PIP-CP-075,"Copper Pipe 3/4"" x 10ft",Plumbing,7,0
2025-02-03,PIP-CP-075,"Copper Pipe 3/4"" x 10ft",Plumbing,4,0
2025-02-04,PIP-CP-075,"Copper Pipe 3/4"" x 10ft",Plumbing,3,0
2025-02-05,PIP-CP-075,"Copper Pipe 3/4"" x 10ft",Plumbing,2,0
2025-02-06,PIP-CP-075,"Copper Pipe 3/4"" x 10ft",Plumbing,7,0
2025-02-07,PIP-CP-075,"Copper Pipe 3/4"" x 10ft",Plumbing,6,0
2025-02-08,PIP-CP-075,"Copper Pipe 3/4"" x 10ft",Plumbing,0,0
2025-02-09,PIP-CP-075,"Copper Pipe 3/4"" x 10ft",Plumbing,5,0
2025-02-10,PIP-CP-075,"Copper Pipe 3/4"" x 10ft",Plumbing,3,0
2025-02-11,PIP-CP-075,"Copper Pipe 3/4"" x 10ft",Plumbing,4,0
2025-02-12,PIP-CP-075,"Copper Pipe 3/4"" x 10ft",Plumbing,1,0
2025-02-13,PIP-CP-075,"Copper Pipe 3/4"" x 10ft",Plumbing,5,0
2025-02-14,PIP-CP-075,"Copper Pipe 3/4"" x 10ft",Plumbing,3,0
2025-02-15,PIP-CP-075,"Copper Pipe 3/4"" x 10ft",Plumbing,6,0
2025-02-16,PIP-CP-075,"Copper Pipe 3/4"" x 10ft",Plumbing,9,0
2025-02-17,PIP-CP-075,"Copper Pipe 3/4"" x 10ft",Plumbing,6,0
2025-02-18,PIP-CP-075,"Copper Pipe 3/4"" x 10ft",Plumbing,3,0
2025-02-19,PIP-CP-075,"Copper Pipe 3/4"" x 10ft",Plumbing,3,0
2025-02-20,PIP-CP-075,"Copper Pipe 3/4"" x 10ft",Plumbing,1,0
2025-02-21,PIP-CP-075,"Copper Pipe 3/4"" x 10ft",Plumbing,4,0
2025-02-22,PIP-CP-075,"Copper Pipe 3/4"" x 10ft",Plumbing,7,0
2025-02-23,PIP-CP-075,"Copper Pipe 3/4"" x 10ft",Plumbing,0,0
2025-02-24,PIP-CP-075,"Copper Pipe 3/4"" x 10ft",Plumbing,1,0
2025-02-25,PIP-CP-075,"Copper Pipe 3/4"" x 10ft",Plumbing,2,0
2025-02-26,PIP-CP-075,"Copper Pipe 3/4"" x 10ft",Plumbing,3,0
2025-02-27,PIP-CP-075,"Copper Pipe 3/4"" x 10ft",Plumbing,4,0
2025-02-28,PIP-CP-075,"Copper Pipe 3/4"" x 10ft",Plumbing,7,0
2025-03-01,PIP-CP-075,"Copper Pipe 3/4"" x 10ft",Plumbing,3,0
2025-03-02,PIP-CP-075,"Copper Pipe 3/4"" x 10ft",Plumbing,5,0
2025-03-03,PIP-CP-075,"Copper Pipe 3/4"" x 10ft",Plumbing,2,0
2025-03-04,PIP-CP-075,"Copper Pipe 3/4"" x 10ft",Plumbing,2,0
2025-03-05,PIP-CP-075,"Copper Pipe 3/4"" x 10ft",Plumbing,4,0
2025-03-06,PIP-CP-075,"Copper Pipe 3/4"" x 10ft",Plumbing,1,0
2025-03-07,PIP-CP-075,"Copper Pipe 3/4"" x 10ft",Plumbing,5,0
2025-03-08,PIP-CP-075,"Copper Pipe 3/4"" x 10ft",Plumbing,1,0
2025-03-09,PIP-CP-075,"Copper Pipe 3/4"" x 10ft",Plumbing,4,0
2025-03-10,PIP-CP-075,"Copper Pipe 3/4"" x 10ft",Plumbing,5,0
2025-03-11,PIP-CP-075,"Copper Pipe 3/4"" x 10ft",Plumbing,4,0
2025-03-12,PIP-CP-075,"Copper Pipe 3/4"" x 10ft",Plumbing,1,0
2025-03-13,PIP-CP-075,"Copper Pipe 3/4"" x 10ft",Plumbing,2,0
2025-03-14,PIP-CP-075,"Copper Pipe 3/4"" x 10ft",Plumbing,2,0
2025-03-15,PIP-CP-075,"Copper Pipe 3/4"" x 10ft",Plumbing,5,0
2025-03-16,PIP-CP-075,"Copper Pipe 3/4"" x 10ft",Plumbing,4,0
2025-03-17,PIP-CP-075,"Copper Pipe 3/4"" x 10ft",Plumbing,10,0
2025-03-18,PIP-CP-075,"Copper Pipe 3/4"" x 10ft",Plumbing,2,0
2025-03-19,PIP-CP-075,"Copper Pipe 3/4"" x 10ft",Plumbing,3,0
2025-03-20,PIP-CP-075,"Copper Pipe 3/4"" x 10ft",Plumbing,2,0
2025-03-21,PIP-CP-075,"Copper Pipe 3/4"" x 10ft",Plumbing,4,0
2025-03-22,PIP-CP-075,"Copper Pipe 3/4"" x 10ft",Plumbing,5,0
2025-03-23,PIP-CP-075,"Copper Pipe 3/4"" x 10ft",Plumbing,4,0
2025-03-24,PIP-CP-075,"Copper Pipe 3/4"" x 10ft",Plumbing,3,0
2025-03-25,PIP-CP-075,"Copper Pipe 3/4"" x 10ft",Plumbing,4,0
2025-03-26,PIP-CP-075,"Copper Pipe 3/4"" x 10ft",Plumbing,5,0
2025-03-27,PIP-CP-075,"Copper Pipe 3/4"" x 10ft",Plumbing,3,0
2025-03-28,PIP-CP-075,"Copper Pipe 3/4"" x 10ft",Plumbing,0,0
2025-03-29,PIP-CP-075,"Copper Pipe 3/4"" x 10ft",Plumbing,4,0
2025-03-30,PIP-CP-075,"Copper Pipe 3/4"" x 10ft",Plumbing,4,0
2025-03-31,PIP-CP-075,"Copper Pipe 3/4"" x 10ft",Plumbing,1,0
2025-04-01,PIP-CP-075,"Copper Pipe 3/4"" x 10ft",Plumbing,7,0
2025-04-02,PIP-CP-075,"Copper Pipe 3/4"" x 10ft",Plumbing,2,0
2025-04-03,PIP-CP-075,"Copper Pipe 3/4"" x 10ft",Plumbing,0,0
2025-04-04,PIP-CP-075,"Copper Pipe 3/4"" x 10ft",Plumbing,3,0
2025-04-05,PIP-CP-075,"Copper Pipe 3/4"" x 10ft",Plumbing,2,0
2025-04-06,PIP-CP-075,"Copper Pipe 3/4"" x 10ft",Plumbing,7,0
2025-04-07,PIP-CP-075,"Copper Pipe 3/4"" x 10ft",Plumbing,3,0
2025-04-08,PIP-CP-075,"Copper Pipe 3/4"" x 10ft",Plumbing,4,0
2025-04-09,PIP-CP-075,"Copper Pipe 3/4"" x 10ft",Plumbing,2,0
2025-04-10,PIP-CP-075,"Copper Pipe 3/4"" x 10ft",Plumbing,2,0
2025-04-11,PIP-CP-075,"Copper Pipe 3/4"" x 10ft",Plumbing,3,0
2025-04-12,PIP-CP-075,"Copper Pipe 3/4"" x 10ft",Plumbing,8,0
2025-04-13,PIP-CP-075,"Copper Pipe 3/4"" x 10ft",Plumbing,2,0
2025-04-14,PIP-CP-075,"Copper Pipe 3/4"" x 10ft",Plumbing,0,0
2025-04-15,PIP-CP-075,"Copper Pipe 3/4"" x 10ft",Plumbing,6,0
2025-04-16,PIP-CP-075,"Copper Pipe 3/4"" x 10ft",Plumbing,3,0
2025-04-17,PIP-CP-075,"Copper Pipe 3/4"" x 10ft",Plumbing,5,0
2025-04-18,PIP-CP-075,"Copper Pipe 3/4"" x 10ft",Plumbing,3,0
2025-04-19,PIP-CP-075,"Copper Pipe 3/4"" x 10ft",Plumbing,4,0
2025-04-20,PIP-CP-075,"Copper Pipe 3/4"" x 10ft",Plumbing,2,0
2025-04-21,PIP-CP-075,"Copper Pipe 3/4"" x 10ft",Plumbing,2,0
2025-04-22,PIP-CP-075,"Copper Pipe 3/4"" x 10ft",Plumbing,1,0
2025-04-23,PIP-CP-075,"Copper Pipe 3/4"" x 10ft",Plumbing,5,0
2025-04-24,PIP-CP-075,"Copper Pipe 3/4"" x 10ft",Plumbing,4,0
2025-04-25,PIP-CP-075,"Copper Pipe 3/4"" x 10ft",Plumbing,5,0
2025-04-26,PIP-CP-075,"Copper Pipe 3/4"" x 10ft",Plumbing,0,0
2025-04-27,PIP-CP-075,"Copper Pipe 3/4"" x 10ft",Plumbing,2,0
2025-04-28,PIP-CP-075,"Copper Pipe 3/4"" x 10ft",Plumbing,4,0
2025-04-29,PIP-CP-075,"Copper Pipe 3/4"" x 10ft",Plumbing,6,0
2025-04-30,PIP-CP-075,"Copper Pipe 3/4"" x 10ft",Plumbing,3,0
2025-05-01,PIP-CP-075,"Copper Pipe 3/4"" x 10ft",Plumbing,6,0
2025-05-02,PIP-CP-075,"Copper Pipe 3/4"" x 10ft",Plumbing,9,0
2025-05-03,PIP-CP-075,"Copper Pipe 3/4"" x 10ft",Plumbing,4,0
2025-05-04,PIP-CP-075,"Copper Pipe 3/4"" x 10ft",Plumbing,8,0
2025-05-05,PIP-CP-075,"Copper Pipe 3/4"" x 10ft",Plumbing,4,0
2025-05-06,PIP-CP-075,"Copper Pipe 3/4"" x 10ft",Plumbing,2,0
2025-05-07,PIP-CP-075,"Copper Pipe 3/4"" x 10ft",Plumbing,4,0
2025-05-08,PIP-CP-075,"Copper Pipe 3/4"" x 10ft",Plumbing,10,0
2025-05-09,PIP-CP-075,"Copper Pipe 3/4"" x 10ft",Plumbing,0,0
2025-05-10,PIP-CP-075,"Copper Pipe 3/4"" x 10ft",Plumbing,4,0
2025-05-11,PIP-CP-075,"Copper Pipe 3/4"" x 10ft",Plumbing,6,0
2025-05-12,PIP-CP-075,"Copper Pipe 3/4"" x 10ft",Plumbing,2,0
2025-05-13,PIP-CP-075,"Copper Pipe 3/4"" x 10ft",Plumbing,2,0
2025-05-14,PIP-CP-075,"Copper Pipe 3/4"" x 10ft",Plumbing,3,0
2025-05-15,PIP-CP-075,"Copper Pipe 3/4"" x 10ft",Plumbing,4,0
2025-05-16,PIP-CP-075,"Copper Pipe 3/4"" x 10ft",Plumbing,0,0
2025-05-17,PIP-CP-075,"Copper Pipe 3/4"" x 10ft",Plumbing,0,0
2025-05-18,PIP-CP-075,"Copper Pipe 3/4"" x 10ft",Plumbing,6,0
2025-05-19,PIP-CP-075,"Copper Pipe 3/4"" x 10ft",Plumbing,8,0
2025-05-20,PIP-CP-075,"Copper Pipe 3/4"" x 10ft",Plumbing,6,0
2025-05-21,PIP-CP-075,"Copper Pipe 3/4"" x 10ft",Plumbing,2,0
2025-05-22,PIP-CP-075,"Copper Pipe 3/4"" x 10ft",Plumbing,3,0
2025-05-23,PIP-CP-075,"Copper Pipe 3/4"" x 10ft",Plumbing,1,0
2025-05-24,PIP-CP-075,"Copper Pipe 3/4"" x 10ft",Plumbing,4,0
2025-05-25,PIP-CP-075,"Copper Pipe 3/4"" x 10ft",Plumbing,1,0
2025-05-26,PIP-CP-075,"Copper Pipe 3/4"" x 10ft",Plumbing,2,0
2025-05-27,PIP-CP-075,"Copper Pipe 3/4"" x 10ft",Plumbing,4,0
2025-05-28,PIP-CP-075,"Copper Pipe 3/4"" x 10ft",Plumbing,6,0
2025-05-29,PIP-CP-075,"Copper Pipe 3/4"" x 10ft",Plumbing,6,0
2025-05-30,PIP-CP-075,"Copper Pipe 3/4"" x 10ft",Plumbing,4,0
2025-05-31,PIP-CP-075,"Copper Pipe 3/4"" x 10ft",Plumbing,0,0
2025-06-01,PIP-CP-075,"Copper Pipe 3/4"" x 10ft",Plumbing,3,0
2025-06-02,PIP-CP-075,"Copper Pipe 3/4"" x 10ft",Plumbing,8,0
2025-06-03,PIP-CP-075,"Copper Pipe 3/4"" x 10ft",Plumbing,3,0
2025-06-04,PIP-CP-075,"Copper Pipe 3/4"" x 10ft",Plumbing,2,0
2025-06-05,PIP-CP-075,"Copper Pipe 3/4"" x 10ft",Plumbing,3,0
2025-06-06,PIP-CP-075,"Copper Pipe 3/4"" x 10ft",Plumbing,2,0
2025-06-07,PIP-CP-075,"Copper Pipe 3/4"" x 10ft",Plumbing,6,0
2025-06-08,PIP-CP-075,"Copper Pipe 3/4"" x 10ft",Plumbing,7,0
2025-06-09,PIP-CP-075,"Copper Pipe 3/4"" x 10ft",Plumbing,0,0
2025-06-10,PIP-CP-075,"Copper Pipe 3/4"" x 10ft",Plumbing,5,0
2025-06-11,PIP-CP-075,"Copper Pipe 3/4"" x 10ft",Plumbing,3,0
2025-06-12,PIP-CP-075,"Copper Pipe 3/4"" x 10ft",Plumbing,6,0
2025-06-13,PIP-CP-075,"Copper Pipe 3/4"" x 10ft",Plumbing,1,0
2025-06-14,PIP-CP-075,"Copper Pipe 3/4"" x 10ft",Plumbing,3,0
2025-06-15,PIP-CP-075,"Copper Pipe 3/4"" x 10ft",Plumbing,1,0
2025-06-16,PIP-CP-075,"Copper Pipe 3/4"" x 10ft",Plumbing,0,0
2025-06-17,PIP-CP-075,"Copper Pipe 3/4"" x 10ft",Plumbing,1,0
2025-06-18,PIP-CP-075,"Copper Pipe 3/4"" x 10ft",Plumbing,5,0
2025-06-19,PIP-CP-075,"Copper Pipe 3/4"" x 10ft",Plumbing,3,0
2025-06-20,PIP-CP-075,"Copper Pipe 3/4"" x 10ft",Plumbing,5,0
2025-06-21,PIP-CP-075,"Copper Pipe 3/4"" x 10ft",Plumbing,4,0
2025-06-22,PIP-CP-075,"Copper Pipe 3/4"" x 10ft",Plumbing,4,0
2025-06-23,PIP-CP-075,"Copper Pipe 3/4"" x 10ft",Plumbing,0,0
2025-06-24,PIP-CP-075,"Copper Pipe 3/4"" x 10ft",Plumbing,2,0
2025-06-25,PIP-CP-075,"Copper Pipe 3/4"" x 10ft",Plumbing,8,0
2025-06-26,PIP-CP-075,"Copper Pipe 3/4"" x 10ft",Plumbing,0,0
2025-06-27,PIP-CP-075,"Copper Pipe 3/4"" x 10ft",Plumbing,9,0
2025-06-28,PIP-CP-075,"Copper Pipe 3/4"" x 10ft",Plumbing,6,0
2025-06-29,PIP-CP-075,"Copper Pipe 3/4"" x 10ft",Plumbing,4,0
2025-06-30,PIP-CP-075,"Copper Pipe 3/4"" x 10ft",Plumbing,3,0
2025-07-01,PIP-CP-075,"Copper Pipe 3/4"" x 10ft",Plumbing,6,0
2025-07-02,PIP-CP-075,"Copper Pipe 3/4"" x 10ft",Plumbing,4,0
2025-07-03,PIP-CP-075,"Copper Pipe 3/4"" x 10ft",Plumbing,5,0
2025-07-04,PIP-CP-075,"Copper Pipe 3/4"" x 10ft",Plumbing,8,0
2025-07-05,PIP-CP-075,"Copper Pipe 3/4"" x 10ft",Plumbing,4,0
2025-07-06,PIP-CP-075,"Copper Pipe 3/4"" x 10ft",Plumbing,4,0
2025-07-07,PIP-CP-075,"Copper Pipe 3/4"" x 10ft",Plumbing,2,0
2025-07-08,PIP-CP-075,"Copper Pipe 3/4"" x 10ft",Plumbing,0,0
2025-07-09,PIP-CP-075,"Copper Pipe 3/4"" x 10ft",Plumbing,3,0
2025-07-10,PIP-CP-075,"Copper Pipe 3/4"" x 10ft",Plumbing,0,0
2025-07-11,PIP-CP-075,"Copper Pipe 3/4"" x 10ft",Plumbing,6,0
2025-07-12,PIP-CP-075,"Copper Pipe 3/4"" x 10ft",Plumbing,8,0
2025-07-13,PIP-CP-075,"Copper Pipe 3/4"" x 10ft",Plumbing,3,0
2025-07-14,PIP-CP-075,"Copper Pipe 3/4"" x 10ft",Plumbing,1,0
2025-07-15,PIP-CP-075,"Copper Pipe 3/4"" x 10ft",Plumbing,6,0
2025-07-16,PIP-CP-075,"Copper Pipe 3/4"" x 10ft",Plumbing,6,0
2025-07-17,PIP-CP-075,"Copper Pipe 3/4"" x 10ft",Plumbing,6,0
2025-07-18,PIP-CP-075,"Copper Pipe 3/4"" x 10ft",Plumbing,3,0
2025-07-19,PIP-CP-075,"Copper Pipe 3/4"" x 10ft",Plumbing,6,0
2025-07-20,PIP-CP-075,"Copper Pipe 3/4"" x 10ft",Plumbing,2,0
2025-07-21,PIP-CP-075,"Copper Pipe 3/4"" x 10ft",Plumbing,6,0
2025-07-22,PIP-CP-075,"Copper Pipe 3/4"" x 10ft",Plumbing,4,0
2025-07-23,PIP-CP-075,"Copper Pipe 3/4"" x 10ft",Plumbing,5,0
2025-07-24,PIP-CP-075,"Copper Pipe 3/4"" x 10ft",Plumbing,4,0
2025-07-25,PIP-CP-075,"Copper Pipe 3/4"" x 10ft",Plumbing,1,0
2025-07-26,PIP-CP-075,"Copper Pipe 3/4"" x 10ft",Plumbing,11,0
2025-07-27,PIP-CP-075,"Copper Pipe 3/4"" x 10ft",Plumbing,3,0
2025-07-28,PIP-CP-075,"Copper Pipe 3/4"" x 10ft",Plumbing,5,0
2025-07-29,PIP-CP-075,"Copper Pipe 3/4"" x 10ft",Plumbing,6,0
2025-07-30,PIP-CP-075,"Copper Pipe 3/4"" x 10ft",Plumbing,3,0
2025-07-31,PIP-CP-075,"Copper Pipe 3/4"" x 10ft",Plumbing,5,0
2025-08-01,PIP-CP-075,"Copper Pipe 3/4"" x 10ft",Plumbing,2,0
2025-08-02,PIP-CP-075,"Copper Pipe 3/4"" x 10ft",Plumbing,2,0
2025-08-03,PIP-CP-075,"Copper Pipe 3/4"" x 10ft",Plumbing,1,0
2025-08-04,PIP-CP-075,"Copper Pipe 3/4"" x 10ft",Plumbing,4,0
2025-08-05,PIP-CP-075,"Copper Pipe 3/4"" x 10ft",Plumbing,1,0
2025-08-06,PIP-CP-075,"Copper Pipe 3/4"" x 10ft",Plumbing,3,0
2025-08-07,PIP-CP-075,"Copper Pipe 3/4"" x 10ft",Plumbing,3,0
2025-08-08,PIP-CP-075,"Copper Pipe 3/4"" x 10ft",Plumbing,3,0
2025-08-09,PIP-CP-075,"Copper Pipe 3/4"" x 10ft",Plumbing,11,0
2025-08-10,PIP-CP-075,"Copper Pipe 3/4"" x 10ft",Plumbing,6,0
2025-08-11,PIP-CP-075,"Copper Pipe 3/4"" x 10ft",Plumbing,2,0
2025-08-12,PIP-CP-075,"Copper Pipe 3/4"" x 10ft",Plumbing,4,0
2025-08-13,PIP-CP-075,"Copper Pipe 3/4"" x 10ft",Plumbing,3,0
2025-08-14,PIP-CP-075,"Copper Pipe 3/4"" x 10ft",Plumbing,3,0
2025-08-15,PIP-CP-075,"Copper Pipe 3/4"" x 10ft",Plumbing,6,0
2025-08-16,PIP-CP-075,"Copper Pipe 3/4"" x 10ft",Plumbing,14,1
2025-08-17,PIP-CP-075,"Copper Pipe 3/4"" x 10ft",Plumbing,11,0
2025-08-18,PIP-CP-075,"Copper Pipe 3/4"" x 10ft",Plumbing,3,0
2025-08-19,PIP-CP-075,"Copper Pipe 3/4"" x 10ft",Plumbing,4,0
2025-08-20,PIP-CP-075,"Copper Pipe 3/4"" x 10ft",Plumbing,1,0
2025-08-21,PIP-CP-075,"Copper Pipe 3/4"" x 10ft",Plumbing,4,0
2025-08-22,PIP-CP-075,"Copper Pipe 3/4"" x 10ft",Plumbing,3,0
2025-08-23,PIP-CP-075,"Copper Pipe 3/4"" x 10ft",Plumbing,0,0
2025-08-24,PIP-CP-075,"Copper Pipe 3/4"" x 10ft",Plumbing,0,0
2025-08-25,PIP-CP-075,"Copper Pipe 3/4"" x 10ft",Plumbing,0,0
2025-08-26,PIP-CP-075,"Copper Pipe 3/4"" x 10ft",Plumbing,2,0
2025-08-27,PIP-CP-075,"Copper Pipe 3/4"" x 10ft",Plumbing,2,0
2025-08-28,PIP-CP-075,"Copper Pipe 3/4"" x 10ft",Plumbing,2,0
2025-08-29,PIP-CP-075,"Copper Pipe 3/4"" x 10ft",Plumbing,2,0
2025-08-30,PIP-CP-075,"Copper Pipe 3/4"" x 10ft",Plumbing,6,0
2025-08-31,PIP-CP-075,"Copper Pipe 3/4"" x 10ft",Plumbing,4,0
2025-09-01,PIP-CP-075,"Copper Pipe 3/4"" x 10ft",Plumbing,3,0
2025-09-02,PIP-CP-075,"Copper Pipe 3/4"" x 10ft",Plumbing,4,0
2025-09-03,PIP-CP-075,"Copper Pipe 3/4"" x 10ft",Plumbing,1,0
2025-09-04,PIP-CP-075,"Copper Pipe 3/4"" x 10ft",Plumbing,2,0
2025-09-05,PIP-CP-075,"Copper Pipe 3/4"" x 10ft",Plumbing,7,0
2025-09-06,PIP-CP-075,"Copper Pipe 3/4"" x 10ft",Plumbing,7,0
2025-09-07,PIP-CP-075,"Copper Pipe 3/4"" x 10ft",Plumbing,4,0
2025-09-08,PIP-CP-075,"Copper Pipe 3/4"" x 10ft",Plumbing,2,0
2025-09-09,PIP-CP-075,"Copper Pipe 3/4"" x 10ft",Plumbing,2,0
2025-09-10,PIP-CP-075,"Copper Pipe 3/4"" x 10ft",Plumbing,4,0
2025-09-11,PIP-CP-075,"Copper Pipe 3/4"" x 10ft",Plumbing,4,0
2025-09-12,PIP-CP-075,"Copper Pipe 3/4"" x 10ft",Plumbing,3,0
2025-09-13,PIP-CP-075,"Copper Pipe 3/4"" x 10ft",Plumbing,8,0
2025-09-14,PIP-CP-075,"Copper Pipe 3/4"" x 10ft",Plumbing,5,0
2025-09-15,PIP-CP-075,"Copper Pipe 3/4"" x 10ft",Plumbing,3,0
2025-09-16,PIP-CP-075,"Copper Pipe 3/4"" x 10ft",Plumbing,6,0
2025-09-17,PIP-CP-075,"Copper Pipe 3/4"" x 10ft",Plumbing,0,0
2025-09-18,PIP-CP-075,"Copper Pipe 3/4"" x 10ft",Plumbing,0,0
2025-09-19,PIP-CP-075,"Copper Pipe 3/4"" x 10ft",Plumbing,4,0
2025-09-20,PIP-CP-075,"Copper Pipe 3/4"" x 10ft",Plumbing,6,0
2025-09-21,PIP-CP-075,"Copper Pipe 3/4"" x 10ft",Plumbing,4,0
2025-09-22,PIP-CP-075,"Copper Pipe 3/4"" x 10ft",Plumbing,1,0
2025-09-23,PIP-CP-075,"Copper Pipe 3/4"" x 10ft",Plumbing,4,0
2025-09-24,PIP-CP-075,"Copper Pipe 3/4"" x 10ft",Plumbing,5,0
2025-09-25,PIP-CP-075,"Copper Pipe 3/4"" x 10ft",Plumbing,4,0
2025-09-26,PIP-CP-075,"Copper Pipe 3/4"" x 10ft",Plumbing,3,0
2025-09-27,PIP-CP-075,"Copper Pipe 3/4"" x 10ft",Plumbing,0,0
2025-09-28,PIP-CP-075,"Copper Pipe 3/4"" x 10ft",Plumbing,2,0
2025-09-29,PIP-CP-075,"Copper Pipe 3/4"" x 10ft",Plumbing,4,0
2025-09-30,PIP-CP-075,"Copper Pipe 3/4"" x 10ft",Plumbing,1,0
2025-10-01,PIP-CP-075,"Copper Pipe 3/4"" x 10ft",Plumbing,2,0
2025-10-02,PIP-CP-075,"Copper Pipe 3/4"" x 10ft",Plumbing,2,0
2025-10-03,PIP-CP-075,"Copper Pipe 3/4"" x 10ft",Plumbing,4,0
2025-10-04,PIP-CP-075,"Copper Pipe 3/4"" x 10ft",Plumbing,7,0
2025-10-05,PIP-CP-075,"Copper Pipe 3/4"" x 10ft",Plumbing,4,0
2025-10-06,PIP-CP-075,"Copper Pipe 3/4"" x 10ft",Plumbing,4,0
2025-10-07,PIP-CP-075,"Copper Pipe 3/4"" x 10ft",Plumbing,5,0
2025-10-08,PIP-CP-075,"Copper Pipe 3/4"" x 10ft",Plumbing,2,0
2025-10-09,PIP-CP-075,"Copper Pipe 3/4"" x 10ft",Plumbing,0,0
2025-10-10,PIP-CP-075,"Copper Pipe 3/4"" x 10ft",Plumbing,3,0
2025-10-11,PIP-CP-075,"Copper Pipe 3/4"" x 10ft",Plumbing,6,0
2025-10-12,PIP-CP-075,"Copper Pipe 3/4"" x 10ft",Plumbing,4,0
2025-10-13,PIP-CP-075,"Copper Pipe 3/4"" x 10ft",Plumbing,6,0
2025-10-14,PIP-CP-075,"Copper Pipe 3/4"" x 10ft",Plumbing,3,0
2025-10-15,PIP-CP-075,"Copper Pipe 3/4"" x 10ft",Plumbing,3,0
2025-10-16,PIP-CP-075,"Copper Pipe 3/4"" x 10ft",Plumbing,0,0
2025-10-17,PIP-CP-075,"Copper Pipe 3/4"" x 10ft",Plumbing,6,0
2025-10-18,PIP-CP-075,"Copper Pipe 3/4"" x 10ft",Plumbing,14,0
2025-10-19,PIP-CP-075,"Copper Pipe 3/4"" x 10ft",Plumbing,4,0
2025-10-20,PIP-CP-075,"Copper Pipe 3/4"" x 10ft",Plumbing,5,0
2025-10-21,PIP-CP-075,"Copper Pipe 3/4"" x 10ft",Plumbing,5,0
2025-10-22,PIP-CP-075,"Copper Pipe 3/4"" x 10ft",Plumbing,0,0
2025-10-23,PIP-CP-075,"Copper Pipe 3/4"" x 10ft",Plumbing,4,0
2025-10-24,PIP-CP-075,"Copper Pipe 3/4"" x 10ft",Plumbing,1,0
2025-10-25,PIP-CP-075,"Copper Pipe 3/4"" x 10ft",Plumbing,1,0
2025-10-26,PIP-CP-075,"Copper Pipe 3/4"" x 10ft",Plumbing,5,0
2025-10-27,PIP-CP-075,"Copper Pipe 3/4"" x 10ft",Plumbing,1,0
2025-10-28,PIP-CP-075,"Copper Pipe 3/4"" x 10ft",Plumbing,2,0
2025-10-29,PIP-CP-075,"Copper Pipe 3/4"" x 10ft",Plumbing,2,0
2025-10-30,PIP-CP-075,"Copper Pipe 3/4"" x 10ft",Plumbing,5,0
2025-10-31,PIP-CP-075,"Copper Pipe 3/4"" x 10ft",Plumbing,0,0
2025-11-01,PIP-CP-075,"Copper Pipe 3/4"" x 10ft",Plumbing,8,0
2025-11-02,PIP-CP-075,"Copper Pipe 3/4"" x 10ft",Plumbing,0,0
2025-11-03,PIP-CP-075,"Copper Pipe 3/4"" x 10ft",Plumbing,4,0
2025-11-04,PIP-CP-075,"Copper Pipe 3/4"" x 10ft",Plumbing,3,0
2025-11-05,PIP-CP-075,"Copper Pipe 3/4"" x 10ft",Plumbing,4,0
2025-11-06,PIP-CP-075,"Copper Pipe 3/4"" x 10ft",Plumbing,0,0
2025-11-07,PIP-CP-075,"Copper Pipe 3/4"" x 10ft",Plumbing,2,0
2025-11-08,PIP-CP-075,"Copper Pipe 3/4"" x 10ft",Plumbing,6,0
2025-11-09,PIP-CP-075,"Copper Pipe 3/4"" x 10ft",Plumbing,1,0
2025-11-10,PIP-CP-075,"Copper Pipe 3/4"" x 10ft",Plumbing,4,0
2025-11-11,PIP-CP-075,"Copper Pipe 3/4"" x 10ft",Plumbing,4,0
2025-11-12,PIP-CP-075,"Copper Pipe 3/4"" x 10ft",Plumbing,2,0
2025-11-13,PIP-CP-075,"Copper Pipe 3/4"" x 10ft",Plumbing,4,0
2025-11-14,PIP-CP-075,"Copper Pipe 3/4"" x 10ft",Plumbing,4,0
2025-11-15,PIP-CP-075,"Copper Pipe 3/4"" x 10ft",Plumbing,2,0
2025-11-16,PIP-CP-075,"Copper Pipe 3/4"" x 10ft",Plumbing,5,0
2025-11-17,PIP-CP-075,"Copper Pipe 3/4"" x 10ft",Plumbing,4,0
2025-11-18,PIP-CP-075,"Copper Pipe 3/4"" x 10ft",Plumbing,3,0
2025-11-19,PIP-CP-075,"Copper Pipe 3/4"" x 10ft",Plumbing,1,0
2025-11-20,PIP-CP-075,"Copper Pipe 3/4"" x 10ft",Plumbing,3,0
2025-11-21,PIP-CP-075,"Copper Pipe 3/4"" x 10ft",Plumbing,0,0
2025-11-22,PIP-CP-075,"Copper Pipe 3/4"" x 10ft",Plumbing,6,0
2025-11-23,PIP-CP-075,"Copper Pipe 3/4"" x 10ft",Plumbing,0,0
2025-11-24,PIP-CP-075,"Copper Pipe 3/4"" x 10ft",Plumbing,4,0
2025-11-25,PIP-CP-075,"Copper Pipe 3/4"" x 10ft",Plumbing,2,0
2025-11-26,PIP-CP-075,"Copper Pipe 3/4"" x 10ft",Plumbing,4,0
2025-11-27,PIP-CP-075,"Copper Pipe 3/4"" x 10ft",Plumbing,2,0
2025-11-28,PIP-CP-075,"Copper Pipe 3/4"" x 10ft",Plumbing,2,0
2025-11-29,PIP-CP-075,"Copper Pipe 3/4"" x 10ft",Plumbing,4,0
2025-11-30,PIP-CP-075,"Copper Pipe 3/4"" x 10ft",Plumbing,7,0
2025-12-01,PIP-CP-075,"Copper Pipe 3/4"" x 10ft",Plumbing,5,0
2025-12-02,PIP-CP-075,"Copper Pipe 3/4"" x 10ft",Plumbing,5,0
2025-12-03,PIP-CP-075,"Copper Pipe 3/4"" x 10ft",Plumbing,1,0
2025-12-04,PIP-CP-075,"Copper Pipe 3/4"" x 10ft",Plumbing,0,1
2025-12-05,PIP-CP-075,"Copper Pipe 3/4"" x 10ft",Plumbing,5,0
2025-12-06,PIP-CP-075,"Copper Pipe 3/4"" x 10ft",Plumbing,6,0
2025-12-07,PIP-CP-075,"Copper Pipe 3/4"" x 10ft",Plumbing,4,0
2025-12-08,PIP-CP-075,"Copper Pipe 3/4"" x 10ft",Plumbing,3,0
2025-12-09,PIP-CP-075,"Copper Pipe 3/4"" x 10ft",Plumbing,3,0
2025-12-10,PIP-CP-075,"Copper Pipe 3/4"" x 10ft",Plumbing,3,0
2025-12-11,PIP-CP-075,"Copper Pipe 3/4"" x 10ft",Plumbing,6,0
2025-12-12,PIP-CP-075,"Copper Pipe 3/4"" x 10ft",Plumbing,4,0
2025-12-13,PIP-CP-075,"Copper Pipe 3/4"" x 10ft",Plumbing,4,0
2025-12-14,PIP-CP-075,"Copper Pipe 3/4"" x 10ft",Plumbing,5,0
2025-12-15,PIP-CP-075,"Copper Pipe 3/4"" x 10ft",Plumbing,3,0
2025-12-16,PIP-CP-075,"Copper Pipe 3/4"" x 10ft",Plumbing,2,0
2025-12-17,PIP-CP-075,"Copper Pipe 3/4"" x 10ft",Plumbing,4,0
2025-12-18,PIP-CP-075,"Copper Pipe 3/4"" x 10ft",Plumbing,3,1
2025-12-19,PIP-CP-075,"Copper Pipe 3/4"" x 10ft",Plumbing,3,0
2025-12-20,PIP-CP-075,"Copper Pipe 3/4"" x 10ft",Plumbing,3,0
2025-12-21,PIP-CP-075,"Copper Pipe 3/4"" x 10ft",Plumbing,3,0
2025-12-22,PIP-CP-075,"Copper Pipe 3/4"" x 10ft",Plumbing,2,0
2025-12-23,PIP-CP-075,"Copper Pipe 3/4"" x 10ft",Plumbing,3,0
2025-12-24,PIP-CP-075,"Copper Pipe 3/4"" x 10ft",Plumbing,2,0
2025-12-25,PIP-CP-075,"Copper Pipe 3/4"" x 10ft",Plumbing,3,0
2025-12-26,PIP-CP-075,"Copper Pipe 3/4"" x 10ft",Plumbing,3,0
2025-12-27,PIP-CP-075,"Copper Pipe 3/4"" x 10ft",Plumbing,3,0
2025-12-28,PIP-CP-075,"Copper Pipe 3/4"" x 10ft",Plumbing,7,1
2025-12-29,PIP-CP-075,"Copper Pipe 3/4"" x 10ft",Plumbing,3,0
2025-12-30,PIP-CP-075,"Copper Pipe 3/4"" x 10ft",Plumbing,4,0
2025-12-31,PIP-CP-075,"Copper Pipe 3/4"" x 10ft",Plumbing,6,0
2026-01-01,PIP-CP-075,"Copper Pipe 3/4"" x 10ft",Plumbing,3,0
2026-01-02,PIP-CP-075,"Copper Pipe 3/4"" x 10ft",Plumbing,2,0
2026-01-03,PIP-CP-075,"Copper Pipe 3/4"" x 10ft",Plumbing,4,0
2026-01-04,PIP-CP-075,"Copper Pipe 3/4"" x 10ft",Plumbing,3,0
2026-01-05,PIP-CP-075,"Copper Pipe 3/4"" x 10ft",Plumbing,1,0
2026-01-06,PIP-CP-075,"Copper Pipe 3/4"" x 10ft",Plumbing,3,0
2026-01-07,PIP-CP-075,"Copper Pipe 3/4"" x 10ft",Plumbing,5,0
2026-01-08,PIP-CP-075,"Copper Pipe 3/4"" x 10ft",Plumbing,3,0
2026-01-09,PIP-CP-075,"Copper Pipe 3/4"" x 10ft",Plumbing,2,0
2026-01-10,PIP-CP-075,"Copper Pipe 3/4"" x 10ft",Plumbing,4,0
2026-01-11,PIP-CP-075,"Copper Pipe 3/4"" x 10ft",Plumbing,6,0
2026-01-12,PIP-CP-075,"Copper Pipe 3/4"" x 10ft",Plumbing,0,0
2026-01-13,PIP-CP-075,"Copper Pipe 3/4"" x 10ft",Plumbing,2,0
2026-01-14,PIP-CP-075,"Copper Pipe 3/4"" x 10ft",Plumbing,3,0
2026-01-15,PIP-CP-075,"Copper Pipe 3/4"" x 10ft",Plumbing,5,0
2026-01-16,PIP-CP-075,"Copper Pipe 3/4"" x 10ft",Plumbing,1,0
2026-01-17,PIP-CP-075,"Copper Pipe 3/4"" x 10ft",Plumbing,4,0
2026-01-18,PIP-CP-075,"Copper Pipe 3/4"" x 10ft",Plumbing,4,0
2026-01-19,PIP-CP-075,"Copper Pipe 3/4"" x 10ft",Plumbing,5,0
2026-01-20,PIP-CP-075,"Copper Pipe 3/4"" x 10ft",Plumbing,4,0
2026-01-21,PIP-CP-075,"Copper Pipe 3/4"" x 10ft",Plumbing,6,0
2026-01-22,PIP-CP-075,"Copper Pipe 3/4"" x 10ft",Plumbing,2,0
2026-01-23,PIP-CP-075,"Copper Pipe 3/4"" x 10ft",Plumbing,1,0
2026-01-24,PIP-CP-075,"Copper Pipe 3/4"" x 10ft",Plumbing,12,0
2026-01-25,PIP-CP-075,"Copper Pipe 3/4"" x 10ft",Plumbing,3,0
2026-01-26,PIP-CP-075,"Copper Pipe 3/4"" x 10ft",Plumbing,2,0
2026-01-27,PIP-CP-075,"Copper Pipe 3/4"" x 10ft",Plumbing,4,0
2026-01-28,PIP-CP-075,"Copper Pipe 3/4"" x 10ft",Plumbing,6,0
2026-01-29,PIP-CP-075,"Copper Pipe 3/4"" x 10ft",Plumbing,2,0
2026-01-30,PIP-CP-075,"Copper Pipe 3/4"" x 10ft",Plumbing,6,0
2026-01-31,PIP-CP-075,"Copper Pipe 3/4"" x 10ft",Plumbing,7,0
2026-02-01,PIP-CP-075,"Copper Pipe 3/4"" x 10ft",Plumbing,5,0
2026-02-02,PIP-CP-075,"Copper Pipe 3/4"" x 10ft",Plumbing,2,0
2026-02-03,PIP-CP-075,"Copper Pipe 3/4"" x 10ft",Plumbing,7,0
2026-02-04,PIP-CP-075,"Copper Pipe 3/4"" x 10ft",Plumbing,4,0
2026-02-05,PIP-CP-075,"Copper Pipe 3/4"" x 10ft",Plumbing,3,0
2026-02-06,PIP-CP-075,"Copper Pipe 3/4"" x 10ft",Plumbing,2,0
2026-02-07,PIP-CP-075,"Copper Pipe 3/4"" x 10ft",Plumbing,6,0
2026-02-08,PIP-CP-075,"Copper Pipe 3/4"" x 10ft",Plumbing,0,0
2026-02-09,PIP-CP-075,"Copper Pipe 3/4"" x 10ft",Plumbing,2,0
2026-02-10,PIP-CP-075,"Copper Pipe 3/4"" x 10ft",Plumbing,2,0
2026-02-11,PIP-CP-075,"Copper Pipe 3/4"" x 10ft",Plumbing,2,0
2026-02-12,PIP-CP-075,"Copper Pipe 3/4"" x 10ft",Plumbing,3,0
2026-02-13,PIP-CP-075,"Copper Pipe 3/4"" x 10ft",Plumbing,5,0
2026-02-14,PIP-CP-075,"Copper Pipe 3/4"" x 10ft",Plumbing,1,0
2026-02-15,PIP-CP-075,"Copper Pipe 3/4"" x 10ft",Plumbing,6,0
2026-02-16,PIP-CP-075,"Copper Pipe 3/4"" x 10ft",Plumbing,5,0
2026-02-17,PIP-CP-075,"Copper Pipe 3/4"" x 10ft",Plumbing,2,0
2026-02-18,PIP-CP-075,"Copper Pipe 3/4"" x 10ft",Plumbing,1,0
2026-02-19,PIP-CP-075,"Copper Pipe 3/4"" x 10ft",Plumbing,7,0
2026-02-20,PIP-CP-075,"Copper Pipe 3/4"" x 10ft",Plumbing,0,0
2026-02-21,PIP-CP-075,"Copper Pipe 3/4"" x 10ft",Plumbing,3,0
2026-02-22,PIP-CP-075,"Copper Pipe 3/4"" x 10ft",Plumbing,0,0
2026-02-23,PIP-CP-075,"Copper Pipe 3/4"" x 10ft",Plumbing,4,0
2026-02-24,PIP-CP-075,"Copper Pipe 3/4"" x 10ft",Plumbing,3,0
2026-02-25,PIP-CP-075,"Copper Pipe 3/4"" x 10ft",Plumbing,3,0
2026-02-26,PIP-CP-075,"Copper Pipe 3/4"" x 10ft",Plumbing,5,0
2026-02-27,PIP-CP-075,"Copper Pipe 3/4"" x 10ft",Plumbing,1,0
2026-02-28,PIP-CP-075,"Copper Pipe 3/4"" x 10ft",Plumbing,1,0
2026-03-01,PIP-CP-075,"Copper Pipe 3/4"" x 10ft",Plumbing,5,0
2026-03-02,PIP-CP-075,"Copper Pipe 3/4"" x 10ft",Plumbing,0,0
2026-03-03,PIP-CP-075,"Copper Pipe 3/4"" x 10ft",Plumbing,4,0
2026-03-04,PIP-CP-075,"Copper Pipe 3/4"" x 10ft",Plumbing,3,0
2026-03-05,PIP-CP-075,"Copper Pipe 3/4"" x 10ft",Plumbing,2,0
2026-03-06,PIP-CP-075,"Copper Pipe 3/4"" x 10ft",Plumbing,5,0
2026-03-07,PIP-CP-075,"Copper Pipe 3/4"" x 10ft",Plumbing,9,0
2026-03-08,PIP-CP-075,"Copper Pipe 3/4"" x 10ft",Plumbing,0,0
2026-03-09,PIP-CP-075,"Copper Pipe 3/4"" x 10ft",Plumbing,3,0
2026-03-10,PIP-CP-075,"Copper Pipe 3/4"" x 10ft",Plumbing,3,0
2026-03-11,PIP-CP-075,"Copper Pipe 3/4"" x 10ft",Plumbing,1,0
2026-03-12,PIP-CP-075,"Copper Pipe 3/4"" x 10ft",Plumbing,4,0
2026-03-13,PIP-CP-075,"Copper Pipe 3/4"" x 10ft",Plumbing,5,0
2026-03-14,PIP-CP-075,"Copper Pipe 3/4"" x 10ft",Plumbing,7,0
2026-03-15,PIP-CP-075,"Copper Pipe 3/4"" x 10ft",Plumbing,4,1
2026-03-16,PIP-CP-075,"Copper Pipe 3/4"" x 10ft",Plumbing,2,0
2026-03-17,PIP-CP-075,"Copper Pipe 3/4"" x 10ft",Plumbing,2,0
2026-03-18,PIP-CP-075,"Copper Pipe 3/4"" x 10ft",Plumbing,3,0
2026-03-19,PIP-CP-075,"Copper Pipe 3/4"" x 10ft",Plumbing,3,0
2026-03-20,PIP-CP-075,"Copper Pipe 3/4"" x 10ft",Plumbing,5,0
2026-03-21,PIP-CP-075,"Copper Pipe 3/4"" x 10ft",Plumbing,9,0
2026-03-22,PIP-CP-075,"Copper Pipe 3/4"" x 10ft",Plumbing,3,0
2026-03-23,PIP-CP-075,"Copper Pipe 3/4"" x 10ft",Plumbing,2,0
2026-03-24,PIP-CP-075,"Copper Pipe 3/4"" x 10ft",Plumbing,3,0
2026-03-25,PIP-CP-075,"Copper Pipe 3/4"" x 10ft",Plumbing,3,0
2026-03-26,PIP-CP-075,"Copper Pipe 3/4"" x 10ft",Plumbing,1,0
2026-03-27,PIP-CP-075,"Copper Pipe 3/4"" x 10ft",Plumbing,3,0
2026-03-28,PIP-CP-075,"Copper Pipe 3/4"" x 10ft",Plumbing,11,0
2026-03-29,PIP-CP-075,"Copper Pipe 3/4"" x 10ft",Plumbing,4,0
2026-03-30,PIP-CP-075,"Copper Pipe 3/4"" x 10ft",Plumbing,2,0
2026-03-31,PIP-CP-075,"Copper Pipe 3/4"" x 10ft",Plumbing,3,0
2026-04-01,PIP-CP-075,"Copper Pipe 3/4"" x 10ft",Plumbing,3,0
2026-04-02,PIP-CP-075,"Copper Pipe 3/4"" x 10ft",Plumbing,2,0
2026-04-03,PIP-CP-075,"Copper Pipe 3/4"" x 10ft",Plumbing,4,0
2026-04-04,PIP-CP-075,"Copper Pipe 3/4"" x 10ft",Plumbing,3,0
2026-04-05,PIP-CP-075,"Copper Pipe 3/4"" x 10ft",Plumbing,5,0
2026-04-06,PIP-CP-075,"Copper Pipe 3/4"" x 10ft",Plumbing,2,0
2026-04-07,PIP-CP-075,"Copper Pipe 3/4"" x 10ft",Plumbing,5,0
2026-04-08,PIP-CP-075,"Copper Pipe 3/4"" x 10ft",Plumbing,4,0
2026-04-09,PIP-CP-075,"Copper Pipe 3/4"" x 10ft",Plumbing,3,0
2026-04-10,PIP-CP-075,"Copper Pipe 3/4"" x 10ft",Plumbing,1,0
2026-04-11,PIP-CP-075,"Copper Pipe 3/4"" x 10ft",Plumbing,0,0
2026-04-12,PIP-CP-075,"Copper Pipe 3/4"" x 10ft",Plumbing,5,0
2026-04-13,PIP-CP-075,"Copper Pipe 3/4"" x 10ft",Plumbing,6,0
2026-04-14,PIP-CP-075,"Copper Pipe 3/4"" x 10ft",Plumbing,4,0
2026-04-15,PIP-CP-075,"Copper Pipe 3/4"" x 10ft",Plumbing,4,1
2026-04-16,PIP-CP-075,"Copper Pipe 3/4"" x 10ft",Plumbing,2,0
2026-04-17,PIP-CP-075,"Copper Pipe 3/4"" x 10ft",Plumbing,5,0
2026-04-18,PIP-CP-075,"Copper Pipe 3/4"" x 10ft",Plumbing,4,0
2026-04-19,PIP-CP-075,"Copper Pipe 3/4"" x 10ft",Plumbing,5,0
2026-04-20,PIP-CP-075,"Copper Pipe 3/4"" x 10ft",Plumbing,4,0
2026-04-21,PIP-CP-075,"Copper Pipe 3/4"" x 10ft",Plumbing,3,0
2026-04-22,PIP-CP-075,"Copper Pipe 3/4"" x 10ft",Plumbing,2,0
2026-04-23,PIP-CP-075,"Copper Pipe 3/4"" x 10ft",Plumbing,6,0
2026-04-24,PIP-CP-075,"Copper Pipe 3/4"" x 10ft",Plumbing,3,0
2026-04-25,PIP-CP-075,"Copper Pipe 3/4"" x 10ft",Plumbing,8,0
2026-04-26,PIP-CP-075,"Copper Pipe 3/4"" x 10ft",Plumbing,9,0
2026-04-27,PIP-CP-075,"Copper Pipe 3/4"" x 10ft",Plumbing,6,0
2026-04-28,PIP-CP-075,"Copper Pipe 3/4"" x 10ft",Plumbing,7,0
2026-04-29,PIP-CP-075,"Copper Pipe 3/4"" x 10ft",Plumbing,3,0
2026-04-30,PIP-CP-075,"Copper Pipe 3/4"" x 10ft",Plumbing,8,0
2026-05-01,PIP-CP-075,"Copper Pipe 3/4"" x 10ft",Plumbing,2,0
2026-05-02,PIP-CP-075,"Copper Pipe 3/4"" x 10ft",Plumbing,2,0
2026-05-03,PIP-CP-075,"Copper Pipe 3/4"" x 10ft",Plumbing,2,0
2026-05-04,PIP-CP-075,"Copper Pipe 3/4"" x 10ft",Plumbing,7,0
2026-05-05,PIP-CP-075,"Copper Pipe 3/4"" x 10ft",Plumbing,3,0
2026-05-06,PIP-CP-075,"Copper Pipe 3/4"" x 10ft",Plumbing,5,0
2026-05-07,PIP-CP-075,"Copper Pipe 3/4"" x 10ft",Plumbing,5,0
2026-05-08,PIP-CP-075,"Copper Pipe 3/4"" x 10ft",Plumbing,2,0
2026-05-09,PIP-CP-075,"Copper Pipe 3/4"" x 10ft",Plumbing,4,0
2026-05-10,PIP-CP-075,"Copper Pipe 3/4"" x 10ft",Plumbing,0,0
2026-05-11,PIP-CP-075,"Copper Pipe 3/4"" x 10ft",Plumbing,0,0
2026-05-12,PIP-CP-075,"Copper Pipe 3/4"" x 10ft",Plumbing,5,0
2026-05-13,PIP-CP-075,"Copper Pipe 3/4"" x 10ft",Plumbing,2,0
2026-05-14,PIP-CP-075,"Copper Pipe 3/4"" x 10ft",Plumbing,4,0
2026-05-15,PIP-CP-075,"Copper Pipe 3/4"" x 10ft",Plumbing,1,0
2024-11-22,VLV-BL-050,"Ball Valve 1/2""",Plumbing,2,0
2024-11-23,VLV-BL-050,"Ball Valve 1/2""",Plumbing,2,0
2024-11-24,VLV-BL-050,"Ball Valve 1/2""",Plumbing,6,0
2024-11-25,VLV-BL-050,"Ball Valve 1/2""",Plumbing,4,0
2024-11-26,VLV-BL-050,"Ball Valve 1/2""",Plumbing,3,0
2024-11-27,VLV-BL-050,"Ball Valve 1/2""",Plumbing,0,0
2024-11-28,VLV-BL-050,"Ball Valve 1/2""",Plumbing,3,0
2024-11-29,VLV-BL-050,"Ball Valve 1/2""",Plumbing,2,0
2024-11-30,VLV-BL-050,"Ball Valve 1/2""",Plumbing,1,0
2024-12-01,VLV-BL-050,"Ball Valve 1/2""",Plumbing,4,0
2024-12-02,VLV-BL-050,"Ball Valve 1/2""",Plumbing,3,0
2024-12-03,VLV-BL-050,"Ball Valve 1/2""",Plumbing,5,0
2024-12-04,VLV-BL-050,"Ball Valve 1/2""",Plumbing,2,0
2024-12-05,VLV-BL-050,"Ball Valve 1/2""",Plumbing,4,0
2024-12-06,VLV-BL-050,"Ball Valve 1/2""",Plumbing,5,1
2024-12-07,VLV-BL-050,"Ball Valve 1/2""",Plumbing,7,0
2024-12-08,VLV-BL-050,"Ball Valve 1/2""",Plumbing,4,0
2024-12-09,VLV-BL-050,"Ball Valve 1/2""",Plumbing,1,0
2024-12-10,VLV-BL-050,"Ball Valve 1/2""",Plumbing,3,0
2024-12-11,VLV-BL-050,"Ball Valve 1/2""",Plumbing,3,0
2024-12-12,VLV-BL-050,"Ball Valve 1/2""",Plumbing,5,0
2024-12-13,VLV-BL-050,"Ball Valve 1/2""",Plumbing,3,0
2024-12-14,VLV-BL-050,"Ball Valve 1/2""",Plumbing,3,0
2024-12-15,VLV-BL-050,"Ball Valve 1/2""",Plumbing,4,0
2024-12-16,VLV-BL-050,"Ball Valve 1/2""",Plumbing,0,0
2024-12-17,VLV-BL-050,"Ball Valve 1/2""",Plumbing,2,0
2024-12-18,VLV-BL-050,"Ball Valve 1/2""",Plumbing,2,0
2024-12-19,VLV-BL-050,"Ball Valve 1/2""",Plumbing,4,0
2024-12-20,VLV-BL-050,"Ball Valve 1/2""",Plumbing,6,0
2024-12-21,VLV-BL-050,"Ball Valve 1/2""",Plumbing,6,0
2024-12-22,VLV-BL-050,"Ball Valve 1/2""",Plumbing,2,0
2024-12-23,VLV-BL-050,"Ball Valve 1/2""",Plumbing,6,0
2024-12-24,VLV-BL-050,"Ball Valve 1/2""",Plumbing,2,0
2024-12-25,VLV-BL-050,"Ball Valve 1/2""",Plumbing,1,0
2024-12-26,VLV-BL-050,"Ball Valve 1/2""",Plumbing,0,0
2024-12-27,VLV-BL-050,"Ball Valve 1/2""",Plumbing,2,0
2024-12-28,VLV-BL-050,"Ball Valve 1/2""",Plumbing,3,0
2024-12-29,VLV-BL-050,"Ball Valve 1/2""",Plumbing,1,0
2024-12-30,VLV-BL-050,"Ball Valve 1/2""",Plumbing,6,0
2024-12-31,VLV-BL-050,"Ball Valve 1/2""",Plumbing,8,0
2025-01-01,VLV-BL-050,"Ball Valve 1/2""",Plumbing,5,0
2025-01-02,VLV-BL-050,"Ball Valve 1/2""",Plumbing,3,0
2025-01-03,VLV-BL-050,"Ball Valve 1/2""",Plumbing,4,0
2025-01-04,VLV-BL-050,"Ball Valve 1/2""",Plumbing,6,0
2025-01-05,VLV-BL-050,"Ball Valve 1/2""",Plumbing,4,0
2025-01-06,VLV-BL-050,"Ball Valve 1/2""",Plumbing,0,0
2025-01-07,VLV-BL-050,"Ball Valve 1/2""",Plumbing,0,0
2025-01-08,VLV-BL-050,"Ball Valve 1/2""",Plumbing,4,0
2025-01-09,VLV-BL-050,"Ball Valve 1/2""",Plumbing,6,0
2025-01-10,VLV-BL-050,"Ball Valve 1/2""",Plumbing,2,0
2025-01-11,VLV-BL-050,"Ball Valve 1/2""",Plumbing,3,0
2025-01-12,VLV-BL-050,"Ball Valve 1/2""",Plumbing,5,0
2025-01-13,VLV-BL-050,"Ball Valve 1/2""",Plumbing,5,1
2025-01-14,VLV-BL-050,"Ball Valve 1/2""",Plumbing,4,0
2025-01-15,VLV-BL-050,"Ball Valve 1/2""",Plumbing,4,0
2025-01-16,VLV-BL-050,"Ball Valve 1/2""",Plumbing,4,0
2025-01-17,VLV-BL-050,"Ball Valve 1/2""",Plumbing,0,0
2025-01-18,VLV-BL-050,"Ball Valve 1/2""",Plumbing,1,0
2025-01-19,VLV-BL-050,"Ball Valve 1/2""",Plumbing,2,0
2025-01-20,VLV-BL-050,"Ball Valve 1/2""",Plumbing,1,0
2025-01-21,VLV-BL-050,"Ball Valve 1/2""",Plumbing,0,0
2025-01-22,VLV-BL-050,"Ball Valve 1/2""",Plumbing,5,0
2025-01-23,VLV-BL-050,"Ball Valve 1/2""",Plumbing,6,0
2025-01-24,VLV-BL-050,"Ball Valve 1/2""",Plumbing,3,0
2025-01-25,VLV-BL-050,"Ball Valve 1/2""",Plumbing,3,0
2025-01-26,VLV-BL-050,"Ball Valve 1/2""",Plumbing,5,0
2025-01-27,VLV-BL-050,"Ball Valve 1/2""",Plumbing,4,0
2025-01-28,VLV-BL-050,"Ball Valve 1/2""",Plumbing,1,0
2025-01-29,VLV-BL-050,"Ball Valve 1/2""",Plumbing,5,0
2025-01-30,VLV-BL-050,"Ball Valve 1/2""",Plumbing,2,0
2025-01-31,VLV-BL-050,"Ball Valve 1/2""",Plumbing,6,0
2025-02-01,VLV-BL-050,"Ball Valve 1/2""",Plumbing,5,0
2025-02-02,VLV-BL-050,"Ball Valve 1/2""",Plumbing,2,0
2025-02-03,VLV-BL-050,"Ball Valve 1/2""",Plumbing,4,0
2025-02-04,VLV-BL-050,"Ball Valve 1/2""",Plumbing,2,0
2025-02-05,VLV-BL-050,"Ball Valve 1/2""",Plumbing,5,0
2025-02-06,VLV-BL-050,"Ball Valve 1/2""",Plumbing,1,0
2025-02-07,VLV-BL-050,"Ball Valve 1/2""",Plumbing,2,0
2025-02-08,VLV-BL-050,"Ball Valve 1/2""",Plumbing,6,0
2025-02-09,VLV-BL-050,"Ball Valve 1/2""",Plumbing,5,0
2025-02-10,VLV-BL-050,"Ball Valve 1/2""",Plumbing,1,0
2025-02-11,VLV-BL-050,"Ball Valve 1/2""",Plumbing,0,0
2025-02-12,VLV-BL-050,"Ball Valve 1/2""",Plumbing,0,0
2025-02-13,VLV-BL-050,"Ball Valve 1/2""",Plumbing,5,0
2025-02-14,VLV-BL-050,"Ball Valve 1/2""",Plumbing,3,0
2025-02-15,VLV-BL-050,"Ball Valve 1/2""",Plumbing,2,0
2025-02-16,VLV-BL-050,"Ball Valve 1/2""",Plumbing,4,0
2025-02-17,VLV-BL-050,"Ball Valve 1/2""",Plumbing,0,0
2025-02-18,VLV-BL-050,"Ball Valve 1/2""",Plumbing,5,0
2025-02-19,VLV-BL-050,"Ball Valve 1/2""",Plumbing,3,0
2025-02-20,VLV-BL-050,"Ball Valve 1/2""",Plumbing,5,0
2025-02-21,VLV-BL-050,"Ball Valve 1/2""",Plumbing,4,0
2025-02-22,VLV-BL-050,"Ball Valve 1/2""",Plumbing,6,1
2025-02-23,VLV-BL-050,"Ball Valve 1/2""",Plumbing,3,0
2025-02-24,VLV-BL-050,"Ball Valve 1/2""",Plumbing,4,0
2025-02-25,VLV-BL-050,"Ball Valve 1/2""",Plumbing,6,0
2025-02-26,VLV-BL-050,"Ball Valve 1/2""",Plumbing,6,0
2025-02-27,VLV-BL-050,"Ball Valve 1/2""",Plumbing,1,0
2025-02-28,VLV-BL-050,"Ball Valve 1/2""",Plumbing,1,0
2025-03-01,VLV-BL-050,"Ball Valve 1/2""",Plumbing,4,0
2025-03-02,VLV-BL-050,"Ball Valve 1/2""",Plumbing,2,0
2025-03-03,VLV-BL-050,"Ball Valve 1/2""",Plumbing,2,0
2025-03-04,VLV-BL-050,"Ball Valve 1/2""",Plumbing,2,0
2025-03-05,VLV-BL-050,"Ball Valve 1/2""",Plumbing,2,0
2025-03-06,VLV-BL-050,"Ball Valve 1/2""",Plumbing,2,0
2025-03-07,VLV-BL-050,"Ball Valve 1/2""",Plumbing,1,0
2025-03-08,VLV-BL-050,"Ball Valve 1/2""",Plumbing,5,0
2025-03-09,VLV-BL-050,"Ball Valve 1/2""",Plumbing,3,0
2025-03-10,VLV-BL-050,"Ball Valve 1/2""",Plumbing,0,0
2025-03-11,VLV-BL-050,"Ball Valve 1/2""",Plumbing,3,0
2025-03-12,VLV-BL-050,"Ball Valve 1/2""",Plumbing,0,0
2025-03-13,VLV-BL-050,"Ball Valve 1/2""",Plumbing,4,0
2025-03-14,VLV-BL-050,"Ball Valve 1/2""",Plumbing,2,0
2025-03-15,VLV-BL-050,"Ball Valve 1/2""",Plumbing,3,0
2025-03-16,VLV-BL-050,"Ball Valve 1/2""",Plumbing,5,0
2025-03-17,VLV-BL-050,"Ball Valve 1/2""",Plumbing,2,0
2025-03-18,VLV-BL-050,"Ball Valve 1/2""",Plumbing,3,0
2025-03-19,VLV-BL-050,"Ball Valve 1/2""",Plumbing,0,0
2025-03-20,VLV-BL-050,"Ball Valve 1/2""",Plumbing,5,0
2025-03-21,VLV-BL-050,"Ball Valve 1/2""",Plumbing,6,0
2025-03-22,VLV-BL-050,"Ball Valve 1/2""",Plumbing,3,0
2025-03-23,VLV-BL-050,"Ball Valve 1/2""",Plumbing,2,0
2025-03-24,VLV-BL-050,"Ball Valve 1/2""",Plumbing,6,0
2025-03-25,VLV-BL-050,"Ball Valve 1/2""",Plumbing,3,0
2025-03-26,VLV-BL-050,"Ball Valve 1/2""",Plumbing,5,0
2025-03-27,VLV-BL-050,"Ball Valve 1/2""",Plumbing,2,1
2025-03-28,VLV-BL-050,"Ball Valve 1/2""",Plumbing,4,0
2025-03-29,VLV-BL-050,"Ball Valve 1/2""",Plumbing,4,0
2025-03-30,VLV-BL-050,"Ball Valve 1/2""",Plumbing,1,0
2025-03-31,VLV-BL-050,"Ball Valve 1/2""",Plumbing,4,0
2025-04-01,VLV-BL-050,"Ball Valve 1/2""",Plumbing,1,0
2025-04-02,VLV-BL-050,"Ball Valve 1/2""",Plumbing,2,0
2025-04-03,VLV-BL-050,"Ball Valve 1/2""",Plumbing,0,0
2025-04-04,VLV-BL-050,"Ball Valve 1/2""",Plumbing,1,0
2025-04-05,VLV-BL-050,"Ball Valve 1/2""",Plumbing,3,0
2025-04-06,VLV-BL-050,"Ball Valve 1/2""",Plumbing,5,0
2025-04-07,VLV-BL-050,"Ball Valve 1/2""",Plumbing,7,0
2025-04-08,VLV-BL-050,"Ball Valve 1/2""",Plumbing,4,0
2025-04-09,VLV-BL-050,"Ball Valve 1/2""",Plumbing,6,0
2025-04-10,VLV-BL-050,"Ball Valve 1/2""",Plumbing,3,0
2025-04-11,VLV-BL-050,"Ball Valve 1/2""",Plumbing,4,0
2025-04-12,VLV-BL-050,"Ball Valve 1/2""",Plumbing,2,0
2025-04-13,VLV-BL-050,"Ball Valve 1/2""",Plumbing,3,0
2025-04-14,VLV-BL-050,"Ball Valve 1/2""",Plumbing,3,0
2025-04-15,VLV-BL-050,"Ball Valve 1/2""",Plumbing,0,0
2025-04-16,VLV-BL-050,"Ball Valve 1/2""",Plumbing,5,0
2025-04-17,VLV-BL-050,"Ball Valve 1/2""",Plumbing,0,0
2025-04-18,VLV-BL-050,"Ball Valve 1/2""",Plumbing,3,0
2025-04-19,VLV-BL-050,"Ball Valve 1/2""",Plumbing,3,0
2025-04-20,VLV-BL-050,"Ball Valve 1/2""",Plumbing,4,0
2025-04-21,VLV-BL-050,"Ball Valve 1/2""",Plumbing,4,0
2025-04-22,VLV-BL-050,"Ball Valve 1/2""",Plumbing,2,0
2025-04-23,VLV-BL-050,"Ball Valve 1/2""",Plumbing,4,0
2025-04-24,VLV-BL-050,"Ball Valve 1/2""",Plumbing,4,0
2025-04-25,VLV-BL-050,"Ball Valve 1/2""",Plumbing,2,0
2025-04-26,VLV-BL-050,"Ball Valve 1/2""",Plumbing,4,0
2025-04-27,VLV-BL-050,"Ball Valve 1/2""",Plumbing,4,0
2025-04-28,VLV-BL-050,"Ball Valve 1/2""",Plumbing,2,0
2025-04-29,VLV-BL-050,"Ball Valve 1/2""",Plumbing,4,0
2025-04-30,VLV-BL-050,"Ball Valve 1/2""",Plumbing,1,0
2025-05-01,VLV-BL-050,"Ball Valve 1/2""",Plumbing,4,0
2025-05-02,VLV-BL-050,"Ball Valve 1/2""",Plumbing,5,0
2025-05-03,VLV-BL-050,"Ball Valve 1/2""",Plumbing,1,0
2025-05-04,VLV-BL-050,"Ball Valve 1/2""",Plumbing,3,0
2025-05-05,VLV-BL-050,"Ball Valve 1/2""",Plumbing,0,0
2025-05-06,VLV-BL-050,"Ball Valve 1/2""",Plumbing,4,0
2025-05-07,VLV-BL-050,"Ball Valve 1/2""",Plumbing,7,0
2025-05-08,VLV-BL-050,"Ball Valve 1/2""",Plumbing,2,0
2025-05-09,VLV-BL-050,"Ball Valve 1/2""",Plumbing,1,0
2025-05-10,VLV-BL-050,"Ball Valve 1/2""",Plumbing,6,0
2025-05-11,VLV-BL-050,"Ball Valve 1/2""",Plumbing,3,0
2025-05-12,VLV-BL-050,"Ball Valve 1/2""",Plumbing,5,0
2025-05-13,VLV-BL-050,"Ball Valve 1/2""",Plumbing,2,0
2025-05-14,VLV-BL-050,"Ball Valve 1/2""",Plumbing,4,0
2025-05-15,VLV-BL-050,"Ball Valve 1/2""",Plumbing,4,0
2025-05-16,VLV-BL-050,"Ball Valve 1/2""",Plumbing,3,0
2025-05-17,VLV-BL-050,"Ball Valve 1/2""",Plumbing,2,0
2025-05-18,VLV-BL-050,"Ball Valve 1/2""",Plumbing,5,0
2025-05-19,VLV-BL-050,"Ball Valve 1/2""",Plumbing,7,0
2025-05-20,VLV-BL-050,"Ball Valve 1/2""",Plumbing,0,0
2025-05-21,VLV-BL-050,"Ball Valve 1/2""",Plumbing,1,0
2025-05-22,VLV-BL-050,"Ball Valve 1/2""",Plumbing,3,0
2025-05-23,VLV-BL-050,"Ball Valve 1/2""",Plumbing,1,0
2025-05-24,VLV-BL-050,"Ball Valve 1/2""",Plumbing,2,0
2025-05-25,VLV-BL-050,"Ball Valve 1/2""",Plumbing,0,0
2025-05-26,VLV-BL-050,"Ball Valve 1/2""",Plumbing,7,0
2025-05-27,VLV-BL-050,"Ball Valve 1/2""",Plumbing,0,0
2025-05-28,VLV-BL-050,"Ball Valve 1/2""",Plumbing,4,0
2025-05-29,VLV-BL-050,"Ball Valve 1/2""",Plumbing,5,0
2025-05-30,VLV-BL-050,"Ball Valve 1/2""",Plumbing,2,0
2025-05-31,VLV-BL-050,"Ball Valve 1/2""",Plumbing,7,0
2025-06-01,VLV-BL-050,"Ball Valve 1/2""",Plumbing,0,0
2025-06-02,VLV-BL-050,"Ball Valve 1/2""",Plumbing,2,0
2025-06-03,VLV-BL-050,"Ball Valve 1/2""",Plumbing,3,0
2025-06-04,VLV-BL-050,"Ball Valve 1/2""",Plumbing,4,0
2025-06-05,VLV-BL-050,"Ball Valve 1/2""",Plumbing,1,0
2025-06-06,VLV-BL-050,"Ball Valve 1/2""",Plumbing,3,0
2025-06-07,VLV-BL-050,"Ball Valve 1/2""",Plumbing,7,0
2025-06-08,VLV-BL-050,"Ball Valve 1/2""",Plumbing,0,0
2025-06-09,VLV-BL-050,"Ball Valve 1/2""",Plumbing,0,0
2025-06-10,VLV-BL-050,"Ball Valve 1/2""",Plumbing,4,0
2025-06-11,VLV-BL-050,"Ball Valve 1/2""",Plumbing,4,0
2025-06-12,VLV-BL-050,"Ball Valve 1/2""",Plumbing,4,0
2025-06-13,VLV-BL-050,"Ball Valve 1/2""",Plumbing,2,0
2025-06-14,VLV-BL-050,"Ball Valve 1/2""",Plumbing,6,0
2025-06-15,VLV-BL-050,"Ball Valve 1/2""",Plumbing,6,0
2025-06-16,VLV-BL-050,"Ball Valve 1/2""",Plumbing,1,0
2025-06-17,VLV-BL-050,"Ball Valve 1/2""",Plumbing,2,0
2025-06-18,VLV-BL-050,"Ball Valve 1/2""",Plumbing,7,0
2025-06-19,VLV-BL-050,"Ball Valve 1/2""",Plumbing,0,0
2025-06-20,VLV-BL-050,"Ball Valve 1/2""",Plumbing,0,0
2025-06-21,VLV-BL-050,"Ball Valve 1/2""",Plumbing,3,0
2025-06-22,VLV-BL-050,"Ball Valve 1/2""",Plumbing,0,0
2025-06-23,VLV-BL-050,"Ball Valve 1/2""",Plumbing,2,0
2025-06-24,VLV-BL-050,"Ball Valve 1/2""",Plumbing,4,0
2025-06-25,VLV-BL-050,"Ball Valve 1/2""",Plumbing,0,0
2025-06-26,VLV-BL-050,"Ball Valve 1/2""",Plumbing,1,0
2025-06-27,VLV-BL-050,"Ball Valve 1/2""",Plumbing,4,0
2025-06-28,VLV-BL-050,"Ball Valve 1/2""",Plumbing,2,0
2025-06-29,VLV-BL-050,"Ball Valve 1/2""",Plumbing,5,0
2025-06-30,VLV-BL-050,"Ball Valve 1/2""",Plumbing,0,0
2025-07-01,VLV-BL-050,"Ball Valve 1/2""",Plumbing,3,0
2025-07-02,VLV-BL-050,"Ball Valve 1/2""",Plumbing,3,0
2025-07-03,VLV-BL-050,"Ball Valve 1/2""",Plumbing,2,0
2025-07-04,VLV-BL-050,"Ball Valve 1/2""",Plumbing,2,0
2025-07-05,VLV-BL-050,"Ball Valve 1/2""",Plumbing,3,0
2025-07-06,VLV-BL-050,"Ball Valve 1/2""",Plumbing,5,0
2025-07-07,VLV-BL-050,"Ball Valve 1/2""",Plumbing,0,0
2025-07-08,VLV-BL-050,"Ball Valve 1/2""",Plumbing,0,0
2025-07-09,VLV-BL-050,"Ball Valve 1/2""",Plumbing,4,0
2025-07-10,VLV-BL-050,"Ball Valve 1/2""",Plumbing,1,0
2025-07-11,VLV-BL-050,"Ball Valve 1/2""",Plumbing,5,0
2025-07-12,VLV-BL-050,"Ball Valve 1/2""",Plumbing,2,0
2025-07-13,VLV-BL-050,"Ball Valve 1/2""",Plumbing,4,0
2025-07-14,VLV-BL-050,"Ball Valve 1/2""",Plumbing,3,0
2025-07-15,VLV-BL-050,"Ball Valve 1/2""",Plumbing,4,0
2025-07-16,VLV-BL-050,"Ball Valve 1/2""",Plumbing,2,0
2025-07-17,VLV-BL-050,"Ball Valve 1/2""",Plumbing,7,0
2025-07-18,VLV-BL-050,"Ball Valve 1/2""",Plumbing,3,0
2025-07-19,VLV-BL-050,"Ball Valve 1/2""",Plumbing,3,0
2025-07-20,VLV-BL-050,"Ball Valve 1/2""",Plumbing,4,0
2025-07-21,VLV-BL-050,"Ball Valve 1/2""",Plumbing,5,0
2025-07-22,VLV-BL-050,"Ball Valve 1/2""",Plumbing,2,0
2025-07-23,VLV-BL-050,"Ball Valve 1/2""",Plumbing,2,0
2025-07-24,VLV-BL-050,"Ball Valve 1/2""",Plumbing,2,0
2025-07-25,VLV-BL-050,"Ball Valve 1/2""",Plumbing,2,0
2025-07-26,VLV-BL-050,"Ball Valve 1/2""",Plumbing,4,0
2025-07-27,VLV-BL-050,"Ball Valve 1/2""",Plumbing,1,0
2025-07-28,VLV-BL-050,"Ball Valve 1/2""",Plumbing,4,0
2025-07-29,VLV-BL-050,"Ball Valve 1/2""",Plumbing,5,0
2025-07-30,VLV-BL-050,"Ball Valve 1/2""",Plumbing,2,0
2025-07-31,VLV-BL-050,"Ball Valve 1/2""",Plumbing,0,0
2025-08-01,VLV-BL-050,"Ball Valve 1/2""",Plumbing,2,0
2025-08-02,VLV-BL-050,"Ball Valve 1/2""",Plumbing,3,0
2025-08-03,VLV-BL-050,"Ball Valve 1/2""",Plumbing,3,0
2025-08-04,VLV-BL-050,"Ball Valve 1/2""",Plumbing,4,0
2025-08-05,VLV-BL-050,"Ball Valve 1/2""",Plumbing,3,0
2025-08-06,VLV-BL-050,"Ball Valve 1/2""",Plumbing,2,0
2025-08-07,VLV-BL-050,"Ball Valve 1/2""",Plumbing,2,0
2025-08-08,VLV-BL-050,"Ball Valve 1/2""",Plumbing,7,0
2025-08-09,VLV-BL-050,"Ball Valve 1/2""",Plumbing,2,0
2025-08-10,VLV-BL-050,"Ball Valve 1/2""",Plumbing,0,0
2025-08-11,VLV-BL-050,"Ball Valve 1/2""",Plumbing,5,0
2025-08-12,VLV-BL-050,"Ball Valve 1/2""",Plumbing,6,0
2025-08-13,VLV-BL-050,"Ball Valve 1/2""",Plumbing,3,0
2025-08-14,VLV-BL-050,"Ball Valve 1/2""",Plumbing,3,0
2025-08-15,VLV-BL-050,"Ball Valve 1/2""",Plumbing,4,0
2025-08-16,VLV-BL-050,"Ball Valve 1/2""",Plumbing,7,0
2025-08-17,VLV-BL-050,"Ball Valve 1/2""",Plumbing,5,0
2025-08-18,VLV-BL-050,"Ball Valve 1/2""",Plumbing,4,0
2025-08-19,VLV-BL-050,"Ball Valve 1/2""",Plumbing,3,0
2025-08-20,VLV-BL-050,"Ball Valve 1/2""",Plumbing,7,0
2025-08-21,VLV-BL-050,"Ball Valve 1/2""",Plumbing,6,0
2025-08-22,VLV-BL-050,"Ball Valve 1/2""",Plumbing,3,0
2025-08-23,VLV-BL-050,"Ball Valve 1/2""",Plumbing,6,0
2025-08-24,VLV-BL-050,"Ball Valve 1/2""",Plumbing,2,0
2025-08-25,VLV-BL-050,"Ball Valve 1/2""",Plumbing,3,0
2025-08-26,VLV-BL-050,"Ball Valve 1/2""",Plumbing,2,0
2025-08-27,VLV-BL-050,"Ball Valve 1/2""",Plumbing,2,0
2025-08-28,VLV-BL-050,"Ball Valve 1/2""",Plumbing,0,0
2025-08-29,VLV-BL-050,"Ball Valve 1/2""",Plumbing,2,0
2025-08-30,VLV-BL-050,"Ball Valve 1/2""",Plumbing,3,0
2025-08-31,VLV-BL-050,"Ball Valve 1/2""",Plumbing,2,0
2025-09-01,VLV-BL-050,"Ball Valve 1/2""",Plumbing,1,0
2025-09-02,VLV-BL-050,"Ball Valve 1/2""",Plumbing,5,0
2025-09-03,VLV-BL-050,"Ball Valve 1/2""",Plumbing,2,0
2025-09-04,VLV-BL-050,"Ball Valve 1/2""",Plumbing,3,0
2025-09-05,VLV-BL-050,"Ball Valve 1/2""",Plumbing,3,0
2025-09-06,VLV-BL-050,"Ball Valve 1/2""",Plumbing,0,0
2025-09-07,VLV-BL-050,"Ball Valve 1/2""",Plumbing,3,0
2025-09-08,VLV-BL-050,"Ball Valve 1/2""",Plumbing,2,0
2025-09-09,VLV-BL-050,"Ball Valve 1/2""",Plumbing,3,0
2025-09-10,VLV-BL-050,"Ball Valve 1/2""",Plumbing,4,0
2025-09-11,VLV-BL-050,"Ball Valve 1/2""",Plumbing,2,0
2025-09-12,VLV-BL-050,"Ball Valve 1/2""",Plumbing,6,0
2025-09-13,VLV-BL-050,"Ball Valve 1/2""",Plumbing,5,0
2025-09-14,VLV-BL-050,"Ball Valve 1/2""",Plumbing,5,0
2025-09-15,VLV-BL-050,"Ball Valve 1/2""",Plumbing,0,0
2025-09-16,VLV-BL-050,"Ball Valve 1/2""",Plumbing,3,0
2025-09-17,VLV-BL-050,"Ball Valve 1/2""",Plumbing,4,0
2025-09-18,VLV-BL-050,"Ball Valve 1/2""",Plumbing,7,1
2025-09-19,VLV-BL-050,"Ball Valve 1/2""",Plumbing,3,0
2025-09-20,VLV-BL-050,"Ball Valve 1/2""",Plumbing,0,0
2025-09-21,VLV-BL-050,"Ball Valve 1/2""",Plumbing,2,0
2025-09-22,VLV-BL-050,"Ball Valve 1/2""",Plumbing,2,0
2025-09-23,VLV-BL-050,"Ball Valve 1/2""",Plumbing,4,0
2025-09-24,VLV-BL-050,"Ball Valve 1/2""",Plumbing,6,0
2025-09-25,VLV-BL-050,"Ball Valve 1/2""",Plumbing,4,0
2025-09-26,VLV-BL-050,"Ball Valve 1/2""",Plumbing,7,0
2025-09-27,VLV-BL-050,"Ball Valve 1/2""",Plumbing,5,0
2025-09-28,VLV-BL-050,"Ball Valve 1/2""",Plumbing,3,0
2025-09-29,VLV-BL-050,"Ball Valve 1/2""",Plumbing,1,0
2025-09-30,VLV-BL-050,"Ball Valve 1/2""",Plumbing,5,0
2025-10-01,VLV-BL-050,"Ball Valve 1/2""",Plumbing,7,1
2025-10-02,VLV-BL-050,"Ball Valve 1/2""",Plumbing,0,0
2025-10-03,VLV-BL-050,"Ball Valve 1/2""",Plumbing,2,0
2025-10-04,VLV-BL-050,"Ball Valve 1/2""",Plumbing,1,0
2025-10-05,VLV-BL-050,"Ball Valve 1/2""",Plumbing,2,0
2025-10-06,VLV-BL-050,"Ball Valve 1/2""",Plumbing,4,0
2025-10-07,VLV-BL-050,"Ball Valve 1/2""",Plumbing,0,0
2025-10-08,VLV-BL-050,"Ball Valve 1/2""",Plumbing,4,0
2025-10-09,VLV-BL-050,"Ball Valve 1/2""",Plumbing,4,0
2025-10-10,VLV-BL-050,"Ball Valve 1/2""",Plumbing,3,0
2025-10-11,VLV-BL-050,"Ball Valve 1/2""",Plumbing,5,0
2025-10-12,VLV-BL-050,"Ball Valve 1/2""",Plumbing,3,0
2025-10-13,VLV-BL-050,"Ball Valve 1/2""",Plumbing,0,0
2025-10-14,VLV-BL-050,"Ball Valve 1/2""",Plumbing,8,0
2025-10-15,VLV-BL-050,"Ball Valve 1/2""",Plumbing,0,0
2025-10-16,VLV-BL-050,"Ball Valve 1/2""",Plumbing,3,0
2025-10-17,VLV-BL-050,"Ball Valve 1/2""",Plumbing,5,0
2025-10-18,VLV-BL-050,"Ball Valve 1/2""",Plumbing,5,0
2025-10-19,VLV-BL-050,"Ball Valve 1/2""",Plumbing,2,0
2025-10-20,VLV-BL-050,"Ball Valve 1/2""",Plumbing,1,0
2025-10-21,VLV-BL-050,"Ball Valve 1/2""",Plumbing,4,0
2025-10-22,VLV-BL-050,"Ball Valve 1/2""",Plumbing,4,0
2025-10-23,VLV-BL-050,"Ball Valve 1/2""",Plumbing,1,0
2025-10-24,VLV-BL-050,"Ball Valve 1/2""",Plumbing,2,0
2025-10-25,VLV-BL-050,"Ball Valve 1/2""",Plumbing,5,0
2025-10-26,VLV-BL-050,"Ball Valve 1/2""",Plumbing,6,0
2025-10-27,VLV-BL-050,"Ball Valve 1/2""",Plumbing,5,0
2025-10-28,VLV-BL-050,"Ball Valve 1/2""",Plumbing,4,0
2025-10-29,VLV-BL-050,"Ball Valve 1/2""",Plumbing,2,0
2025-10-30,VLV-BL-050,"Ball Valve 1/2""",Plumbing,3,0
2025-10-31,VLV-BL-050,"Ball Valve 1/2""",Plumbing,0,0
2025-11-01,VLV-BL-050,"Ball Valve 1/2""",Plumbing,4,0
2025-11-02,VLV-BL-050,"Ball Valve 1/2""",Plumbing,4,0
2025-11-03,VLV-BL-050,"Ball Valve 1/2""",Plumbing,4,0
2025-11-04,VLV-BL-050,"Ball Valve 1/2""",Plumbing,2,0
2025-11-05,VLV-BL-050,"Ball Valve 1/2""",Plumbing,4,0
2025-11-06,VLV-BL-050,"Ball Valve 1/2""",Plumbing,0,0
2025-11-07,VLV-BL-050,"Ball Valve 1/2""",Plumbing,5,0
2025-11-08,VLV-BL-050,"Ball Valve 1/2""",Plumbing,4,0
2025-11-09,VLV-BL-050,"Ball Valve 1/2""",Plumbing,2,0
2025-11-10,VLV-BL-050,"Ball Valve 1/2""",Plumbing,2,0
2025-11-11,VLV-BL-050,"Ball Valve 1/2""",Plumbing,3,0
2025-11-12,VLV-BL-050,"Ball Valve 1/2""",Plumbing,2,0
2025-11-13,VLV-BL-050,"Ball Valve 1/2""",Plumbing,3,0
2025-11-14,VLV-BL-050,"Ball Valve 1/2""",Plumbing,1,0
2025-11-15,VLV-BL-050,"Ball Valve 1/2""",Plumbing,2,0
2025-11-16,VLV-BL-050,"Ball Valve 1/2""",Plumbing,4,0
2025-11-17,VLV-BL-050,"Ball Valve 1/2""",Plumbing,6,0
2025-11-18,VLV-BL-050,"Ball Valve 1/2""",Plumbing,4,0
2025-11-19,VLV-BL-050,"Ball Valve 1/2""",Plumbing,3,0
2025-11-20,VLV-BL-050,"Ball Valve 1/2""",Plumbing,3,0
2025-11-21,VLV-BL-050,"Ball Valve 1/2""",Plumbing,5,0
2025-11-22,VLV-BL-050,"Ball Valve 1/2""",Plumbing,1,0
2025-11-23,VLV-BL-050,"Ball Valve 1/2""",Plumbing,8,0
2025-11-24,VLV-BL-050,"Ball Valve 1/2""",Plumbing,2,0
2025-11-25,VLV-BL-050,"Ball Valve 1/2""",Plumbing,3,0
2025-11-26,VLV-BL-050,"Ball Valve 1/2""",Plumbing,3,0
2025-11-27,VLV-BL-050,"Ball Valve 1/2""",Plumbing,2,0
2025-11-28,VLV-BL-050,"Ball Valve 1/2""",Plumbing,1,0
2025-11-29,VLV-BL-050,"Ball Valve 1/2""",Plumbing,2,0
2025-11-30,VLV-BL-050,"Ball Valve 1/2""",Plumbing,0,0
2025-12-01,VLV-BL-050,"Ball Valve 1/2""",Plumbing,1,0
2025-12-02,VLV-BL-050,"Ball Valve 1/2""",Plumbing,1,0
2025-12-03,VLV-BL-050,"Ball Valve 1/2""",Plumbing,6,0
2025-12-04,VLV-BL-050,"Ball Valve 1/2""",Plumbing,5,0
2025-12-05,VLV-BL-050,"Ball Valve 1/2""",Plumbing,2,0
2025-12-06,VLV-BL-050,"Ball Valve 1/2""",Plumbing,5,0
2025-12-07,VLV-BL-050,"Ball Valve 1/2""",Plumbing,2,0
2025-12-08,VLV-BL-050,"Ball Valve 1/2""",Plumbing,3,0
2025-12-09,VLV-BL-050,"Ball Valve 1/2""",Plumbing,3,0
2025-12-10,VLV-BL-050,"Ball Valve 1/2""",Plumbing,2,0
2025-12-11,VLV-BL-050,"Ball Valve 1/2""",Plumbing,6,0
2025-12-12,VLV-BL-050,"Ball Valve 1/2""",Plumbing,6,0
2025-12-13,VLV-BL-050,"Ball Valve 1/2""",Plumbing,4,0
2025-12-14,VLV-BL-050,"Ball Valve 1/2""",Plumbing,0,0
2025-12-15,VLV-BL-050,"Ball Valve 1/2""",Plumbing,1,0
2025-12-16,VLV-BL-050,"Ball Valve 1/2""",Plumbing,2,0
2025-12-17,VLV-BL-050,"Ball Valve 1/2""",Plumbing,0,0
2025-12-18,VLV-BL-050,"Ball Valve 1/2""",Plumbing,2,0
2025-12-19,VLV-BL-050,"Ball Valve 1/2""",Plumbing,8,0
2025-12-20,VLV-BL-050,"Ball Valve 1/2""",Plumbing,4,0
2025-12-21,VLV-BL-050,"Ball Valve 1/2""",Plumbing,1,0
2025-12-22,VLV-BL-050,"Ball Valve 1/2""",Plumbing,3,1
2025-12-23,VLV-BL-050,"Ball Valve 1/2""",Plumbing,2,0
2025-12-24,VLV-BL-050,"Ball Valve 1/2""",Plumbing,2,0
2025-12-25,VLV-BL-050,"Ball Valve 1/2""",Plumbing,8,0
2025-12-26,VLV-BL-050,"Ball Valve 1/2""",Plumbing,3,0
2025-12-27,VLV-BL-050,"Ball Valve 1/2""",Plumbing,8,0
2025-12-28,VLV-BL-050,"Ball Valve 1/2""",Plumbing,6,0
2025-12-29,VLV-BL-050,"Ball Valve 1/2""",Plumbing,0,0
2025-12-30,VLV-BL-050,"Ball Valve 1/2""",Plumbing,5,0
2025-12-31,VLV-BL-050,"Ball Valve 1/2""",Plumbing,3,0
2026-01-01,VLV-BL-050,"Ball Valve 1/2""",Plumbing,3,0
2026-01-02,VLV-BL-050,"Ball Valve 1/2""",Plumbing,0,0
2026-01-03,VLV-BL-050,"Ball Valve 1/2""",Plumbing,1,0
2026-01-04,VLV-BL-050,"Ball Valve 1/2""",Plumbing,5,0
2026-01-05,VLV-BL-050,"Ball Valve 1/2""",Plumbing,4,0
2026-01-06,VLV-BL-050,"Ball Valve 1/2""",Plumbing,3,0
2026-01-07,VLV-BL-050,"Ball Valve 1/2""",Plumbing,2,0
2026-01-08,VLV-BL-050,"Ball Valve 1/2""",Plumbing,0,0
2026-01-09,VLV-BL-050,"Ball Valve 1/2""",Plumbing,6,0
2026-01-10,VLV-BL-050,"Ball Valve 1/2""",Plumbing,0,0
2026-01-11,VLV-BL-050,"Ball Valve 1/2""",Plumbing,6,0
2026-01-12,VLV-BL-050,"Ball Valve 1/2""",Plumbing,1,0
2026-01-13,VLV-BL-050,"Ball Valve 1/2""",Plumbing,3,0
2026-01-14,VLV-BL-050,"Ball Valve 1/2""",Plumbing,0,0
2026-01-15,VLV-BL-050,"Ball Valve 1/2""",Plumbing,2,0
2026-01-16,VLV-BL-050,"Ball Valve 1/2""",Plumbing,0,0
2026-01-17,VLV-BL-050,"Ball Valve 1/2""",Plumbing,4,0
2026-01-18,VLV-BL-050,"Ball Valve 1/2""",Plumbing,3,0
2026-01-19,VLV-BL-050,"Ball Valve 1/2""",Plumbing,3,0
2026-01-20,VLV-BL-050,"Ball Valve 1/2""",Plumbing,4,0
2026-01-21,VLV-BL-050,"Ball Valve 1/2""",Plumbing,4,0
2026-01-22,VLV-BL-050,"Ball Valve 1/2""",Plumbing,5,0
2026-01-23,VLV-BL-050,"Ball Valve 1/2""",Plumbing,3,0
2026-01-24,VLV-BL-050,"Ball Valve 1/2""",Plumbing,2,0
2026-01-25,VLV-BL-050,"Ball Valve 1/2""",Plumbing,3,0
2026-01-26,VLV-BL-050,"Ball Valve 1/2""",Plumbing,3,0
2026-01-27,VLV-BL-050,"Ball Valve 1/2""",Plumbing,3,0
2026-01-28,VLV-BL-050,"Ball Valve 1/2""",Plumbing,3,0
2026-01-29,VLV-BL-050,"Ball Valve 1/2""",Plumbing,4,0
2026-01-30,VLV-BL-050,"Ball Valve 1/2""",Plumbing,5,0
2026-01-31,VLV-BL-050,"Ball Valve 1/2""",Plumbing,3,0
2026-02-01,VLV-BL-050,"Ball Valve 1/2""",Plumbing,1,0
2026-02-02,VLV-BL-050,"Ball Valve 1/2""",Plumbing,2,0
2026-02-03,VLV-BL-050,"Ball Valve 1/2""",Plumbing,3,0
2026-02-04,VLV-BL-050,"Ball Valve 1/2""",Plumbing,3,0
2026-02-05,VLV-BL-050,"Ball Valve 1/2""",Plumbing,1,0
2026-02-06,VLV-BL-050,"Ball Valve 1/2""",Plumbing,3,0
2026-02-07,VLV-BL-050,"Ball Valve 1/2""",Plumbing,0,0
2026-02-08,VLV-BL-050,"Ball Valve 1/2""",Plumbing,2,0
2026-02-09,VLV-BL-050,"Ball Valve 1/2""",Plumbing,4,0
2026-02-10,VLV-BL-050,"Ball Valve 1/2""",Plumbing,3,0
2026-02-11,VLV-BL-050,"Ball Valve 1/2""",Plumbing,2,0
2026-02-12,VLV-BL-050,"Ball Valve 1/2""",Plumbing,1,0
2026-02-13,VLV-BL-050,"Ball Valve 1/2""",Plumbing,4,0
2026-02-14,VLV-BL-050,"Ball Valve 1/2""",Plumbing,5,0
2026-02-15,VLV-BL-050,"Ball Valve 1/2""",Plumbing,2,0
2026-02-16,VLV-BL-050,"Ball Valve 1/2""",Plumbing,1,0
2026-02-17,VLV-BL-050,"Ball Valve 1/2""",Plumbing,4,0
2026-02-18,VLV-BL-050,"Ball Valve 1/2""",Plumbing,0,0
2026-02-19,VLV-BL-050,"Ball Valve 1/2""",Plumbing,3,0
2026-02-20,VLV-BL-050,"Ball Valve 1/2""",Plumbing,1,0
2026-02-21,VLV-BL-050,"Ball Valve 1/2""",Plumbing,8,0
2026-02-22,VLV-BL-050,"Ball Valve 1/2""",Plumbing,6,0
2026-02-23,VLV-BL-050,"Ball Valve 1/2""",Plumbing,2,0
2026-02-24,VLV-BL-050,"Ball Valve 1/2""",Plumbing,1,0
2026-02-25,VLV-BL-050,"Ball Valve 1/2""",Plumbing,6,0
2026-02-26,VLV-BL-050,"Ball Valve 1/2""",Plumbing,1,0
2026-02-27,VLV-BL-050,"Ball Valve 1/2""",Plumbing,4,0
2026-02-28,VLV-BL-050,"Ball Valve 1/2""",Plumbing,2,0
2026-03-01,VLV-BL-050,"Ball Valve 1/2""",Plumbing,7,0
2026-03-02,VLV-BL-050,"Ball Valve 1/2""",Plumbing,3,0
2026-03-03,VLV-BL-050,"Ball Valve 1/2""",Plumbing,3,0
2026-03-04,VLV-BL-050,"Ball Valve 1/2""",Plumbing,5,0
2026-03-05,VLV-BL-050,"Ball Valve 1/2""",Plumbing,6,0
2026-03-06,VLV-BL-050,"Ball Valve 1/2""",Plumbing,3,0
2026-03-07,VLV-BL-050,"Ball Valve 1/2""",Plumbing,5,0
2026-03-08,VLV-BL-050,"Ball Valve 1/2""",Plumbing,6,0
2026-03-09,VLV-BL-050,"Ball Valve 1/2""",Plumbing,1,0
2026-03-10,VLV-BL-050,"Ball Valve 1/2""",Plumbing,0,0
2026-03-11,VLV-BL-050,"Ball Valve 1/2""",Plumbing,4,0
2026-03-12,VLV-BL-050,"Ball Valve 1/2""",Plumbing,3,0
2026-03-13,VLV-BL-050,"Ball Valve 1/2""",Plumbing,2,0
2026-03-14,VLV-BL-050,"Ball Valve 1/2""",Plumbing,3,0
2026-03-15,VLV-BL-050,"Ball Valve 1/2""",Plumbing,5,0
2026-03-16,VLV-BL-050,"Ball Valve 1/2""",Plumbing,6,0
2026-03-17,VLV-BL-050,"Ball Valve 1/2""",Plumbing,3,0
2026-03-18,VLV-BL-050,"Ball Valve 1/2""",Plumbing,4,0
2026-03-19,VLV-BL-050,"Ball Valve 1/2""",Plumbing,5,0
2026-03-20,VLV-BL-050,"Ball Valve 1/2""",Plumbing,2,0
2026-03-21,VLV-BL-050,"Ball Valve 1/2""",Plumbing,6,0
2026-03-22,VLV-BL-050,"Ball Valve 1/2""",Plumbing,4,0
2026-03-23,VLV-BL-050,"Ball Valve 1/2""",Plumbing,3,0
2026-03-24,VLV-BL-050,"Ball Valve 1/2""",Plumbing,2,0
2026-03-25,VLV-BL-050,"Ball Valve 1/2""",Plumbing,2,0
2026-03-26,VLV-BL-050,"Ball Valve 1/2""",Plumbing,0,0
2026-03-27,VLV-BL-050,"Ball Valve 1/2""",Plumbing,4,0
2026-03-28,VLV-BL-050,"Ball Valve 1/2""",Plumbing,2,0
2026-03-29,VLV-BL-050,"Ball Valve 1/2""",Plumbing,0,0
2026-03-30,VLV-BL-050,"Ball Valve 1/2""",Plumbing,2,0
2026-03-31,VLV-BL-050,"Ball Valve 1/2""",Plumbing,0,0
2026-04-01,VLV-BL-050,"Ball Valve 1/2""",Plumbing,1,0
2026-04-02,VLV-BL-050,"Ball Valve 1/2""",Plumbing,5,0
2026-04-03,VLV-BL-050,"Ball Valve 1/2""",Plumbing,3,0
2026-04-04,VLV-BL-050,"Ball Valve 1/2""",Plumbing,3,0
2026-04-05,VLV-BL-050,"Ball Valve 1/2""",Plumbing,0,0
2026-04-06,VLV-BL-050,"Ball Valve 1/2""",Plumbing,5,0
2026-04-07,VLV-BL-050,"Ball Valve 1/2""",Plumbing,3,0
2026-04-08,VLV-BL-050,"Ball Valve 1/2""",Plumbing,2,0
2026-04-09,VLV-BL-050,"Ball Valve 1/2""",Plumbing,2,0
2026-04-10,VLV-BL-050,"Ball Valve 1/2""",Plumbing,2,0
2026-04-11,VLV-BL-050,"Ball Valve 1/2""",Plumbing,5,0
2026-04-12,VLV-BL-050,"Ball Valve 1/2""",Plumbing,3,0
2026-04-13,VLV-BL-050,"Ball Valve 1/2""",Plumbing,3,0
2026-04-14,VLV-BL-050,"Ball Valve 1/2""",Plumbing,7,0
2026-04-15,VLV-BL-050,"Ball Valve 1/2""",Plumbing,6,0
2026-04-16,VLV-BL-050,"Ball Valve 1/2""",Plumbing,3,0
2026-04-17,VLV-BL-050,"Ball Valve 1/2""",Plumbing,3,0
2026-04-18,VLV-BL-050,"Ball Valve 1/2""",Plumbing,3,0
2026-04-19,VLV-BL-050,"Ball Valve 1/2""",Plumbing,4,0
2026-04-20,VLV-BL-050,"Ball Valve 1/2""",Plumbing,3,0
2026-04-21,VLV-BL-050,"Ball Valve 1/2""",Plumbing,2,0
2026-04-22,VLV-BL-050,"Ball Valve 1/2""",Plumbing,0,0
2026-04-23,VLV-BL-050,"Ball Valve 1/2""",Plumbing,7,0
2026-04-24,VLV-BL-050,"Ball Valve 1/2""",Plumbing,1,0
2026-04-25,VLV-BL-050,"Ball Valve 1/2""",Plumbing,4,0
2026-04-26,VLV-BL-050,"Ball Valve 1/2""",Plumbing,0,0
2026-04-27,VLV-BL-050,"Ball Valve 1/2""",Plumbing,3,0
2026-04-28,VLV-BL-050,"Ball Valve 1/2""",Plumbing,4,0
2026-04-29,VLV-BL-050,"Ball Valve 1/2""",Plumbing,4,0
2026-04-30,VLV-BL-050,"Ball Valve 1/2""",Plumbing,5,0
2026-05-01,VLV-BL-050,"Ball Valve 1/2""",Plumbing,3,0
2026-05-02,VLV-BL-050,"Ball Valve 1/2""",Plumbing,3,0
2026-05-03,VLV-BL-050,"Ball Valve 1/2""",Plumbing,6,0
2026-05-04,VLV-BL-050,"Ball Valve 1/2""",Plumbing,8,1
2026-05-05,VLV-BL-050,"Ball Valve 1/2""",Plumbing,6,0
2026-05-06,VLV-BL-050,"Ball Valve 1/2""",Plumbing,3,0
2026-05-07,VLV-BL-050,"Ball Valve 1/2""",Plumbing,0,0
2026-05-08,VLV-BL-050,"Ball Valve 1/2""",Plumbing,5,0
2026-05-09,VLV-BL-050,"Ball Valve 1/2""",Plumbing,2,0
2026-05-10,VLV-BL-050,"Ball Valve 1/2""",Plumbing,2,0
2026-05-11,VLV-BL-050,"Ball Valve 1/2""",Plumbing,1,0
2026-05-12,VLV-BL-050,"Ball Valve 1/2""",Plumbing,1,0
2026-05-13,VLV-BL-050,"Ball Valve 1/2""",Plumbing,3,0
2026-05-14,VLV-BL-050,"Ball Valve 1/2""",Plumbing,1,0
2026-05-15,VLV-BL-050,"Ball Valve 1/2""",Plumbing,2,0
2024-11-22,PNT-LT-W1G,Interior Latex Paint 1gal White,Paint,7,0
2024-11-23,PNT-LT-W1G,Interior Latex Paint 1gal White,Paint,8,0
2024-11-24,PNT-LT-W1G,Interior Latex Paint 1gal White,Paint,7,0
2024-11-25,PNT-LT-W1G,Interior Latex Paint 1gal White,Paint,6,0
2024-11-26,PNT-LT-W1G,Interior Latex Paint 1gal White,Paint,7,0
2024-11-27,PNT-LT-W1G,Interior Latex Paint 1gal White,Paint,0,0
2024-11-28,PNT-LT-W1G,Interior Latex Paint 1gal White,Paint,8,0
2024-11-29,PNT-LT-W1G,Interior Latex Paint 1gal White,Paint,2,0
2024-11-30,PNT-LT-W1G,Interior Latex Paint 1gal White,Paint,3,0
2024-12-01,PNT-LT-W1G,Interior Latex Paint 1gal White,Paint,3,0
2024-12-02,PNT-LT-W1G,Interior Latex Paint 1gal White,Paint,0,0
2024-12-03,PNT-LT-W1G,Interior Latex Paint 1gal White,Paint,4,0
2024-12-04,PNT-LT-W1G,Interior Latex Paint 1gal White,Paint,1,0
2024-12-05,PNT-LT-W1G,Interior Latex Paint 1gal White,Paint,4,0
2024-12-06,PNT-LT-W1G,Interior Latex Paint 1gal White,Paint,0,0
2024-12-07,PNT-LT-W1G,Interior Latex Paint 1gal White,Paint,1,0
2024-12-08,PNT-LT-W1G,Interior Latex Paint 1gal White,Paint,0,0
2024-12-09,PNT-LT-W1G,Interior Latex Paint 1gal White,Paint,3,0
2024-12-10,PNT-LT-W1G,Interior Latex Paint 1gal White,Paint,4,0
2024-12-11,PNT-LT-W1G,Interior Latex Paint 1gal White,Paint,4,0
2024-12-12,PNT-LT-W1G,Interior Latex Paint 1gal White,Paint,2,0
2024-12-13,PNT-LT-W1G,Interior Latex Paint 1gal White,Paint,0,0
2024-12-14,PNT-LT-W1G,Interior Latex Paint 1gal White,Paint,2,0
2024-12-15,PNT-LT-W1G,Interior Latex Paint 1gal White,Paint,6,0
2024-12-16,PNT-LT-W1G,Interior Latex Paint 1gal White,Paint,4,0
2024-12-17,PNT-LT-W1G,Interior Latex Paint 1gal White,Paint,1,0
2024-12-18,PNT-LT-W1G,Interior Latex Paint 1gal White,Paint,0,0
2024-12-19,PNT-LT-W1G,Interior Latex Paint 1gal White,Paint,4,0
2024-12-20,PNT-LT-W1G,Interior Latex Paint 1gal White,Paint,4,0
2024-12-21,PNT-LT-W1G,Interior Latex Paint 1gal White,Paint,1,0
2024-12-22,PNT-LT-W1G,Interior Latex Paint 1gal White,Paint,4,0
2024-12-23,PNT-LT-W1G,Interior Latex Paint 1gal White,Paint,4,0
2024-12-24,PNT-LT-W1G,Interior Latex Paint 1gal White,Paint,5,0
2024-12-25,PNT-LT-W1G,Interior Latex Paint 1gal White,Paint,5,0
2024-12-26,PNT-LT-W1G,Interior Latex Paint 1gal White,Paint,0,0
2024-12-27,PNT-LT-W1G,Interior Latex Paint 1gal White,Paint,4,0
2024-12-28,PNT-LT-W1G,Interior Latex Paint 1gal White,Paint,0,0
2024-12-29,PNT-LT-W1G,Interior Latex Paint 1gal White,Paint,6,0
2024-12-30,PNT-LT-W1G,Interior Latex Paint 1gal White,Paint,2,0
2024-12-31,PNT-LT-W1G,Interior Latex Paint 1gal White,Paint,1,0
2025-01-01,PNT-LT-W1G,Interior Latex Paint 1gal White,Paint,5,0
2025-01-02,PNT-LT-W1G,Interior Latex Paint 1gal White,Paint,4,0
2025-01-03,PNT-LT-W1G,Interior Latex Paint 1gal White,Paint,5,0
2025-01-04,PNT-LT-W1G,Interior Latex Paint 1gal White,Paint,5,0
2025-01-05,PNT-LT-W1G,Interior Latex Paint 1gal White,Paint,4,0
2025-01-06,PNT-LT-W1G,Interior Latex Paint 1gal White,Paint,6,0
2025-01-07,PNT-LT-W1G,Interior Latex Paint 1gal White,Paint,4,0
2025-01-08,PNT-LT-W1G,Interior Latex Paint 1gal White,Paint,4,0
2025-01-09,PNT-LT-W1G,Interior Latex Paint 1gal White,Paint,3,0
2025-01-10,PNT-LT-W1G,Interior Latex Paint 1gal White,Paint,3,0
2025-01-11,PNT-LT-W1G,Interior Latex Paint 1gal White,Paint,8,0
2025-01-12,PNT-LT-W1G,Interior Latex Paint 1gal White,Paint,8,0
2025-01-13,PNT-LT-W1G,Interior Latex Paint 1gal White,Paint,8,0
2025-01-14,PNT-LT-W1G,Interior Latex Paint 1gal White,Paint,3,0
2025-01-15,PNT-LT-W1G,Interior Latex Paint 1gal White,Paint,0,0
2025-01-16,PNT-LT-W1G,Interior Latex Paint 1gal White,Paint,4,0
2025-01-17,PNT-LT-W1G,Interior Latex Paint 1gal White,Paint,5,0
2025-01-18,PNT-LT-W1G,Interior Latex Paint 1gal White,Paint,0,0
2025-01-19,PNT-LT-W1G,Interior Latex Paint 1gal White,Paint,2,0
2025-01-20,PNT-LT-W1G,Interior Latex Paint 1gal White,Paint,2,0
2025-01-21,PNT-LT-W1G,Interior Latex Paint 1gal White,Paint,5,0
2025-01-22,PNT-LT-W1G,Interior Latex Paint 1gal White,Paint,3,0
2025-01-23,PNT-LT-W1G,Interior Latex Paint 1gal White,Paint,2,0
2025-01-24,PNT-LT-W1G,Interior Latex Paint 1gal White,Paint,1,0
2025-01-25,PNT-LT-W1G,Interior Latex Paint 1gal White,Paint,4,0
2025-01-26,PNT-LT-W1G,Interior Latex Paint 1gal White,Paint,5,0
2025-01-27,PNT-LT-W1G,Interior Latex Paint 1gal White,Paint,2,0
2025-01-28,PNT-LT-W1G,Interior Latex Paint 1gal White,Paint,3,0
2025-01-29,PNT-LT-W1G,Interior Latex Paint 1gal White,Paint,3,0
2025-01-30,PNT-LT-W1G,Interior Latex Paint 1gal White,Paint,4,0
2025-01-31,PNT-LT-W1G,Interior Latex Paint 1gal White,Paint,8,0
2025-02-01,PNT-LT-W1G,Interior Latex Paint 1gal White,Paint,5,0
2025-02-02,PNT-LT-W1G,Interior Latex Paint 1gal White,Paint,4,0
2025-02-03,PNT-LT-W1G,Interior Latex Paint 1gal White,Paint,4,0
2025-02-04,PNT-LT-W1G,Interior Latex Paint 1gal White,Paint,4,0
2025-02-05,PNT-LT-W1G,Interior Latex Paint 1gal White,Paint,0,0
2025-02-06,PNT-LT-W1G,Interior Latex Paint 1gal White,Paint,4,0
2025-02-07,PNT-LT-W1G,Interior Latex Paint 1gal White,Paint,3,0
2025-02-08,PNT-LT-W1G,Interior Latex Paint 1gal White,Paint,9,0
2025-02-09,PNT-LT-W1G,Interior Latex Paint 1gal White,Paint,1,0
2025-02-10,PNT-LT-W1G,Interior Latex Paint 1gal White,Paint,2,0
2025-02-11,PNT-LT-W1G,Interior Latex Paint 1gal White,Paint,1,0
2025-02-12,PNT-LT-W1G,Interior Latex Paint 1gal White,Paint,6,0
2025-02-13,PNT-LT-W1G,Interior Latex Paint 1gal White,Paint,3,0
2025-02-14,PNT-LT-W1G,Interior Latex Paint 1gal White,Paint,2,0
2025-02-15,PNT-LT-W1G,Interior Latex Paint 1gal White,Paint,6,0
2025-02-16,PNT-LT-W1G,Interior Latex Paint 1gal White,Paint,2,0
2025-02-17,PNT-LT-W1G,Interior Latex Paint 1gal White,Paint,4,0
2025-02-18,PNT-LT-W1G,Interior Latex Paint 1gal White,Paint,4,0
2025-02-19,PNT-LT-W1G,Interior Latex Paint 1gal White,Paint,1,0
2025-02-20,PNT-LT-W1G,Interior Latex Paint 1gal White,Paint,2,0
2025-02-21,PNT-LT-W1G,Interior Latex Paint 1gal White,Paint,0,0
2025-02-22,PNT-LT-W1G,Interior Latex Paint 1gal White,Paint,2,0
2025-02-23,PNT-LT-W1G,Interior Latex Paint 1gal White,Paint,0,0
2025-02-24,PNT-LT-W1G,Interior Latex Paint 1gal White,Paint,5,0
2025-02-25,PNT-LT-W1G,Interior Latex Paint 1gal White,Paint,4,0
2025-02-26,PNT-LT-W1G,Interior Latex Paint 1gal White,Paint,7,0
2025-02-27,PNT-LT-W1G,Interior Latex Paint 1gal White,Paint,0,0
2025-02-28,PNT-LT-W1G,Interior Latex Paint 1gal White,Paint,3,0
2025-03-01,PNT-LT-W1G,Interior Latex Paint 1gal White,Paint,8,0
2025-03-02,PNT-LT-W1G,Interior Latex Paint 1gal White,Paint,4,0
2025-03-03,PNT-LT-W1G,Interior Latex Paint 1gal White,Paint,1,0
2025-03-04,PNT-LT-W1G,Interior Latex Paint 1gal White,Paint,0,0
2025-03-05,PNT-LT-W1G,Interior Latex Paint 1gal White,Paint,6,0
2025-03-06,PNT-LT-W1G,Interior Latex Paint 1gal White,Paint,7,0
2025-03-07,PNT-LT-W1G,Interior Latex Paint 1gal White,Paint,4,0
2025-03-08,PNT-LT-W1G,Interior Latex Paint 1gal White,Paint,8,0
2025-03-09,PNT-LT-W1G,Interior Latex Paint 1gal White,Paint,4,0
2025-03-10,PNT-LT-W1G,Interior Latex Paint 1gal White,Paint,1,0
2025-03-11,PNT-LT-W1G,Interior Latex Paint 1gal White,Paint,0,0
2025-03-12,PNT-LT-W1G,Interior Latex Paint 1gal White,Paint,4,0
2025-03-13,PNT-LT-W1G,Interior Latex Paint 1gal White,Paint,3,0
2025-03-14,PNT-LT-W1G,Interior Latex Paint 1gal White,Paint,5,0
2025-03-15,PNT-LT-W1G,Interior Latex Paint 1gal White,Paint,5,0
2025-03-16,PNT-LT-W1G,Interior Latex Paint 1gal White,Paint,8,0
2025-03-17,PNT-LT-W1G,Interior Latex Paint 1gal White,Paint,3,0
2025-03-18,PNT-LT-W1G,Interior Latex Paint 1gal White,Paint,4,0
2025-03-19,PNT-LT-W1G,Interior Latex Paint 1gal White,Paint,4,0
2025-03-20,PNT-LT-W1G,Interior Latex Paint 1gal White,Paint,4,0
2025-03-21,PNT-LT-W1G,Interior Latex Paint 1gal White,Paint,2,0
2025-03-22,PNT-LT-W1G,Interior Latex Paint 1gal White,Paint,5,0
2025-03-23,PNT-LT-W1G,Interior Latex Paint 1gal White,Paint,6,0
2025-03-24,PNT-LT-W1G,Interior Latex Paint 1gal White,Paint,4,0
2025-03-25,PNT-LT-W1G,Interior Latex Paint 1gal White,Paint,3,0
2025-03-26,PNT-LT-W1G,Interior Latex Paint 1gal White,Paint,0,0
2025-03-27,PNT-LT-W1G,Interior Latex Paint 1gal White,Paint,3,0
2025-03-28,PNT-LT-W1G,Interior Latex Paint 1gal White,Paint,7,0
2025-03-29,PNT-LT-W1G,Interior Latex Paint 1gal White,Paint,10,0
2025-03-30,PNT-LT-W1G,Interior Latex Paint 1gal White,Paint,4,0
2025-03-31,PNT-LT-W1G,Interior Latex Paint 1gal White,Paint,1,0
2025-04-01,PNT-LT-W1G,Interior Latex Paint 1gal White,Paint,7,1
2025-04-02,PNT-LT-W1G,Interior Latex Paint 1gal White,Paint,7,0
2025-04-03,PNT-LT-W1G,Interior Latex Paint 1gal White,Paint,8,0
2025-04-04,PNT-LT-W1G,Interior Latex Paint 1gal White,Paint,6,0
2025-04-05,PNT-LT-W1G,Interior Latex Paint 1gal White,Paint,12,0
2025-04-06,PNT-LT-W1G,Interior Latex Paint 1gal White,Paint,3,0
2025-04-07,PNT-LT-W1G,Interior Latex Paint 1gal White,Paint,7,0
2025-04-08,PNT-LT-W1G,Interior Latex Paint 1gal White,Paint,2,0
2025-04-09,PNT-LT-W1G,Interior Latex Paint 1gal White,Paint,8,0
2025-04-10,PNT-LT-W1G,Interior Latex Paint 1gal White,Paint,5,0
2025-04-11,PNT-LT-W1G,Interior Latex Paint 1gal White,Paint,3,0
2025-04-12,PNT-LT-W1G,Interior Latex Paint 1gal White,Paint,3,0
2025-04-13,PNT-LT-W1G,Interior Latex Paint 1gal White,Paint,0,0
2025-04-14,PNT-LT-W1G,Interior Latex Paint 1gal White,Paint,4,0
2025-04-15,PNT-LT-W1G,Interior Latex Paint 1gal White,Paint,3,0
2025-04-16,PNT-LT-W1G,Interior Latex Paint 1gal White,Paint,3,0
2025-04-17,PNT-LT-W1G,Interior Latex Paint 1gal White,Paint,4,0
2025-04-18,PNT-LT-W1G,Interior Latex Paint 1gal White,Paint,3,0
2025-04-19,PNT-LT-W1G,Interior Latex Paint 1gal White,Paint,6,0
2025-04-20,PNT-LT-W1G,Interior Latex Paint 1gal White,Paint,6,0
2025-04-21,PNT-LT-W1G,Interior Latex Paint 1gal White,Paint,1,0
2025-04-22,PNT-LT-W1G,Interior Latex Paint 1gal White,Paint,2,0
2025-04-23,PNT-LT-W1G,Interior Latex Paint 1gal White,Paint,4,0
2025-04-24,PNT-LT-W1G,Interior Latex Paint 1gal White,Paint,6,0
2025-04-25,PNT-LT-W1G,Interior Latex Paint 1gal White,Paint,3,0
2025-04-26,PNT-LT-W1G,Interior Latex Paint 1gal White,Paint,4,0
2025-04-27,PNT-LT-W1G,Interior Latex Paint 1gal White,Paint,5,0
2025-04-28,PNT-LT-W1G,Interior Latex Paint 1gal White,Paint,5,0
2025-04-29,PNT-LT-W1G,Interior Latex Paint 1gal White,Paint,3,0
2025-04-30,PNT-LT-W1G,Interior Latex Paint 1gal White,Paint,6,0
2025-05-01,PNT-LT-W1G,Interior Latex Paint 1gal White,Paint,5,0
2025-05-02,PNT-LT-W1G,Interior Latex Paint 1gal White,Paint,5,0
2025-05-03,PNT-LT-W1G,Interior Latex Paint 1gal White,Paint,5,0
2025-05-04,PNT-LT-W1G,Interior Latex Paint 1gal White,Paint,5,0
2025-05-05,PNT-LT-W1G,Interior Latex Paint 1gal White,Paint,6,0
2025-05-06,PNT-LT-W1G,Interior Latex Paint 1gal White,Paint,1,0
2025-05-07,PNT-LT-W1G,Interior Latex Paint 1gal White,Paint,6,0
2025-05-08,PNT-LT-W1G,Interior Latex Paint 1gal White,Paint,5,0
2025-05-09,PNT-LT-W1G,Interior Latex Paint 1gal White,Paint,6,0
2025-05-10,PNT-LT-W1G,Interior Latex Paint 1gal White,Paint,10,0
2025-05-11,PNT-LT-W1G,Interior Latex Paint 1gal White,Paint,3,0
2025-05-12,PNT-LT-W1G,Interior Latex Paint 1gal White,Paint,5,0
2025-05-13,PNT-LT-W1G,Interior Latex Paint 1gal White,Paint,3,0
2025-05-14,PNT-LT-W1G,Interior Latex Paint 1gal White,Paint,3,0
2025-05-15,PNT-LT-W1G,Interior Latex Paint 1gal White,Paint,5,0
2025-05-16,PNT-LT-W1G,Interior Latex Paint 1gal White,Paint,1,0
2025-05-17,PNT-LT-W1G,Interior Latex Paint 1gal White,Paint,9,0
2025-05-18,PNT-LT-W1G,Interior Latex Paint 1gal White,Paint,6,0
2025-05-19,PNT-LT-W1G,Interior Latex Paint 1gal White,Paint,6,0
2025-05-20,PNT-LT-W1G,Interior Latex Paint 1gal White,Paint,3,0
2025-05-21,PNT-LT-W1G,Interior Latex Paint 1gal White,Paint,7,0
2025-05-22,PNT-LT-W1G,Interior Latex Paint 1gal White,Paint,7,0
2025-05-23,PNT-LT-W1G,Interior Latex Paint 1gal White,Paint,0,0
2025-05-24,PNT-LT-W1G,Interior Latex Paint 1gal White,Paint,7,0
2025-05-25,PNT-LT-W1G,Interior Latex Paint 1gal White,Paint,4,0
2025-05-26,PNT-LT-W1G,Interior Latex Paint 1gal White,Paint,0,0
2025-05-27,PNT-LT-W1G,Interior Latex Paint 1gal White,Paint,6,1
2025-05-28,PNT-LT-W1G,Interior Latex Paint 1gal White,Paint,7,0
2025-05-29,PNT-LT-W1G,Interior Latex Paint 1gal White,Paint,5,0
2025-05-30,PNT-LT-W1G,Interior Latex Paint 1gal White,Paint,4,0
2025-05-31,PNT-LT-W1G,Interior Latex Paint 1gal White,Paint,3,0
2025-06-01,PNT-LT-W1G,Interior Latex Paint 1gal White,Paint,2,0
2025-06-02,PNT-LT-W1G,Interior Latex Paint 1gal White,Paint,5,0
2025-06-03,PNT-LT-W1G,Interior Latex Paint 1gal White,Paint,2,0
2025-06-04,PNT-LT-W1G,Interior Latex Paint 1gal White,Paint,4,0
2025-06-05,PNT-LT-W1G,Interior Latex Paint 1gal White,Paint,4,0
2025-06-06,PNT-LT-W1G,Interior Latex Paint 1gal White,Paint,7,0
2025-06-07,PNT-LT-W1G,Interior Latex Paint 1gal White,Paint,1,0
2025-06-08,PNT-LT-W1G,Interior Latex Paint 1gal White,Paint,7,0
2025-06-09,PNT-LT-W1G,Interior Latex Paint 1gal White,Paint,1,0
2025-06-10,PNT-LT-W1G,Interior Latex Paint 1gal White,Paint,6,0
2025-06-11,PNT-LT-W1G,Interior Latex Paint 1gal White,Paint,7,0
2025-06-12,PNT-LT-W1G,Interior Latex Paint 1gal White,Paint,5,0
2025-06-13,PNT-LT-W1G,Interior Latex Paint 1gal White,Paint,4,0
2025-06-14,PNT-LT-W1G,Interior Latex Paint 1gal White,Paint,5,0
2025-06-15,PNT-LT-W1G,Interior Latex Paint 1gal White,Paint,6,0
2025-06-16,PNT-LT-W1G,Interior Latex Paint 1gal White,Paint,6,0
2025-06-17,PNT-LT-W1G,Interior Latex Paint 1gal White,Paint,6,0
2025-06-18,PNT-LT-W1G,Interior Latex Paint 1gal White,Paint,3,0
2025-06-19,PNT-LT-W1G,Interior Latex Paint 1gal White,Paint,0,0
2025-06-20,PNT-LT-W1G,Interior Latex Paint 1gal White,Paint,7,0
2025-06-21,PNT-LT-W1G,Interior Latex Paint 1gal White,Paint,5,0
2025-06-22,PNT-LT-W1G,Interior Latex Paint 1gal White,Paint,7,0
2025-06-23,PNT-LT-W1G,Interior Latex Paint 1gal White,Paint,0,0
2025-06-24,PNT-LT-W1G,Interior Latex Paint 1gal White,Paint,5,0
2025-06-25,PNT-LT-W1G,Interior Latex Paint 1gal White,Paint,3,0
2025-06-26,PNT-LT-W1G,Interior Latex Paint 1gal White,Paint,6,0
2025-06-27,PNT-LT-W1G,Interior Latex Paint 1gal White,Paint,5,0
2025-06-28,PNT-LT-W1G,Interior Latex Paint 1gal White,Paint,6,0
2025-06-29,PNT-LT-W1G,Interior Latex Paint 1gal White,Paint,2,0
2025-06-30,PNT-LT-W1G,Interior Latex Paint 1gal White,Paint,3,0
2025-07-01,PNT-LT-W1G,Interior Latex Paint 1gal White,Paint,2,0
2025-07-02,PNT-LT-W1G,Interior Latex Paint 1gal White,Paint,7,0
2025-07-03,PNT-LT-W1G,Interior Latex Paint 1gal White,Paint,5,0
2025-07-04,PNT-LT-W1G,Interior Latex Paint 1gal White,Paint,3,0
2025-07-05,PNT-LT-W1G,Interior Latex Paint 1gal White,Paint,4,0
2025-07-06,PNT-LT-W1G,Interior Latex Paint 1gal White,Paint,5,0
2025-07-07,PNT-LT-W1G,Interior Latex Paint 1gal White,Paint,4,0
2025-07-08,PNT-LT-W1G,Interior Latex Paint 1gal White,Paint,3,0
2025-07-09,PNT-LT-W1G,Interior Latex Paint 1gal White,Paint,3,0
2025-07-10,PNT-LT-W1G,Interior Latex Paint 1gal White,Paint,6,0
2025-07-11,PNT-LT-W1G,Interior Latex Paint 1gal White,Paint,7,0
2025-07-12,PNT-LT-W1G,Interior Latex Paint 1gal White,Paint,6,0
2025-07-13,PNT-LT-W1G,Interior Latex Paint 1gal White,Paint,0,0
2025-07-14,PNT-LT-W1G,Interior Latex Paint 1gal White,Paint,6,0
2025-07-15,PNT-LT-W1G,Interior Latex Paint 1gal White,Paint,7,0
2025-07-16,PNT-LT-W1G,Interior Latex Paint 1gal White,Paint,6,0
2025-07-17,PNT-LT-W1G,Interior Latex Paint 1gal White,Paint,5,0
2025-07-18,PNT-LT-W1G,Interior Latex Paint 1gal White,Paint,4,0
2025-07-19,PNT-LT-W1G,Interior Latex Paint 1gal White,Paint,0,0
2025-07-20,PNT-LT-W1G,Interior Latex Paint 1gal White,Paint,7,0
2025-07-21,PNT-LT-W1G,Interior Latex Paint 1gal White,Paint,5,0
2025-07-22,PNT-LT-W1G,Interior Latex Paint 1gal White,Paint,6,0
2025-07-23,PNT-LT-W1G,Interior Latex Paint 1gal White,Paint,4,0
2025-07-24,PNT-LT-W1G,Interior Latex Paint 1gal White,Paint,4,0
2025-07-25,PNT-LT-W1G,Interior Latex Paint 1gal White,Paint,5,0
2025-07-26,PNT-LT-W1G,Interior Latex Paint 1gal White,Paint,10,0
2025-07-27,PNT-LT-W1G,Interior Latex Paint 1gal White,Paint,0,0
2025-07-28,PNT-LT-W1G,Interior Latex Paint 1gal White,Paint,6,0
2025-07-29,PNT-LT-W1G,Interior Latex Paint 1gal White,Paint,4,0
2025-07-30,PNT-LT-W1G,Interior Latex Paint 1gal White,Paint,2,0
2025-07-31,PNT-LT-W1G,Interior Latex Paint 1gal White,Paint,3,0
2025-08-01,PNT-LT-W1G,Interior Latex Paint 1gal White,Paint,8,0
2025-08-02,PNT-LT-W1G,Interior Latex Paint 1gal White,Paint,12,0
2025-08-03,PNT-LT-W1G,Interior Latex Paint 1gal White,Paint,5,0
2025-08-04,PNT-LT-W1G,Interior Latex Paint 1gal White,Paint,6,0
2025-08-05,PNT-LT-W1G,Interior Latex Paint 1gal White,Paint,6,0
2025-08-06,PNT-LT-W1G,Interior Latex Paint 1gal White,Paint,0,0
2025-08-07,PNT-LT-W1G,Interior Latex Paint 1gal White,Paint,5,0
2025-08-08,PNT-LT-W1G,Interior Latex Paint 1gal White,Paint,4,0
2025-08-09,PNT-LT-W1G,Interior Latex Paint 1gal White,Paint,5,0
2025-08-10,PNT-LT-W1G,Interior Latex Paint 1gal White,Paint,4,0
2025-08-11,PNT-LT-W1G,Interior Latex Paint 1gal White,Paint,9,0
2025-08-12,PNT-LT-W1G,Interior Latex Paint 1gal White,Paint,4,0
2025-08-13,PNT-LT-W1G,Interior Latex Paint 1gal White,Paint,4,0
2025-08-14,PNT-LT-W1G,Interior Latex Paint 1gal White,Paint,2,0
2025-08-15,PNT-LT-W1G,Interior Latex Paint 1gal White,Paint,3,0
2025-08-16,PNT-LT-W1G,Interior Latex Paint 1gal White,Paint,2,0
2025-08-17,PNT-LT-W1G,Interior Latex Paint 1gal White,Paint,7,0
2025-08-18,PNT-LT-W1G,Interior Latex Paint 1gal White,Paint,0,0
2025-08-19,PNT-LT-W1G,Interior Latex Paint 1gal White,Paint,6,0
2025-08-20,PNT-LT-W1G,Interior Latex Paint 1gal White,Paint,6,0
2025-08-21,PNT-LT-W1G,Interior Latex Paint 1gal White,Paint,6,0
2025-08-22,PNT-LT-W1G,Interior Latex Paint 1gal White,Paint,7,0
2025-08-23,PNT-LT-W1G,Interior Latex Paint 1gal White,Paint,6,0
2025-08-24,PNT-LT-W1G,Interior Latex Paint 1gal White,Paint,5,0
2025-08-25,PNT-LT-W1G,Interior Latex Paint 1gal White,Paint,11,1
2025-08-26,PNT-LT-W1G,Interior Latex Paint 1gal White,Paint,3,0
2025-08-27,PNT-LT-W1G,Interior Latex Paint 1gal White,Paint,3,0
2025-08-28,PNT-LT-W1G,Interior Latex Paint 1gal White,Paint,1,0
2025-08-29,PNT-LT-W1G,Interior Latex Paint 1gal White,Paint,2,0
2025-08-30,PNT-LT-W1G,Interior Latex Paint 1gal White,Paint,4,0
2025-08-31,PNT-LT-W1G,Interior Latex Paint 1gal White,Paint,2,0
2025-09-01,PNT-LT-W1G,Interior Latex Paint 1gal White,Paint,2,0
2025-09-02,PNT-LT-W1G,Interior Latex Paint 1gal White,Paint,2,0
2025-09-03,PNT-LT-W1G,Interior Latex Paint 1gal White,Paint,1,0
2025-09-04,PNT-LT-W1G,Interior Latex Paint 1gal White,Paint,7,0
2025-09-05,PNT-LT-W1G,Interior Latex Paint 1gal White,Paint,2,0
2025-09-06,PNT-LT-W1G,Interior Latex Paint 1gal White,Paint,2,0
2025-09-07,PNT-LT-W1G,Interior Latex Paint 1gal White,Paint,1,0
2025-09-08,PNT-LT-W1G,Interior Latex Paint 1gal White,Paint,3,0
2025-09-09,PNT-LT-W1G,Interior Latex Paint 1gal White,Paint,6,0
2025-09-10,PNT-LT-W1G,Interior Latex Paint 1gal White,Paint,3,0
2025-09-11,PNT-LT-W1G,Interior Latex Paint 1gal White,Paint,6,0
2025-09-12,PNT-LT-W1G,Interior Latex Paint 1gal White,Paint,0,0
2025-09-13,PNT-LT-W1G,Interior Latex Paint 1gal White,Paint,6,0
2025-09-14,PNT-LT-W1G,Interior Latex Paint 1gal White,Paint,4,0
2025-09-15,PNT-LT-W1G,Interior Latex Paint 1gal White,Paint,2,0
2025-09-16,PNT-LT-W1G,Interior Latex Paint 1gal White,Paint,3,0
2025-09-17,PNT-LT-W1G,Interior Latex Paint 1gal White,Paint,4,0
2025-09-18,PNT-LT-W1G,Interior Latex Paint 1gal White,Paint,2,0
2025-09-19,PNT-LT-W1G,Interior Latex Paint 1gal White,Paint,3,0
2025-09-20,PNT-LT-W1G,Interior Latex Paint 1gal White,Paint,6,0
2025-09-21,PNT-LT-W1G,Interior Latex Paint 1gal White,Paint,4,0
2025-09-22,PNT-LT-W1G,Interior Latex Paint 1gal White,Paint,0,0
2025-09-23,PNT-LT-W1G,Interior Latex Paint 1gal White,Paint,7,1
2025-09-24,PNT-LT-W1G,Interior Latex Paint 1gal White,Paint,0,0
2025-09-25,PNT-LT-W1G,Interior Latex Paint 1gal White,Paint,2,0
2025-09-26,PNT-LT-W1G,Interior Latex Paint 1gal White,Paint,3,0
2025-09-27,PNT-LT-W1G,Interior Latex Paint 1gal White,Paint,2,0
2025-09-28,PNT-LT-W1G,Interior Latex Paint 1gal White,Paint,5,0
2025-09-29,PNT-LT-W1G,Interior Latex Paint 1gal White,Paint,0,0
2025-09-30,PNT-LT-W1G,Interior Latex Paint 1gal White,Paint,4,0
2025-10-01,PNT-LT-W1G,Interior Latex Paint 1gal White,Paint,2,0
2025-10-02,PNT-LT-W1G,Interior Latex Paint 1gal White,Paint,5,0
2025-10-03,PNT-LT-W1G,Interior Latex Paint 1gal White,Paint,4,0
2025-10-04,PNT-LT-W1G,Interior Latex Paint 1gal White,Paint,6,0
2025-10-05,PNT-LT-W1G,Interior Latex Paint 1gal White,Paint,3,0
2025-10-06,PNT-LT-W1G,Interior Latex Paint 1gal White,Paint,0,0
2025-10-07,PNT-LT-W1G,Interior Latex Paint 1gal White,Paint,6,0
2025-10-08,PNT-LT-W1G,Interior Latex Paint 1gal White,Paint,5,0
2025-10-09,PNT-LT-W1G,Interior Latex Paint 1gal White,Paint,4,0
2025-10-10,PNT-LT-W1G,Interior Latex Paint 1gal White,Paint,3,0
2025-10-11,PNT-LT-W1G,Interior Latex Paint 1gal White,Paint,3,0
2025-10-12,PNT-LT-W1G,Interior Latex Paint 1gal White,Paint,4,0
2025-10-13,PNT-LT-W1G,Interior Latex Paint 1gal White,Paint,2,0
2025-10-14,PNT-LT-W1G,Interior Latex Paint 1gal White,Paint,3,0
2025-10-15,PNT-LT-W1G,Interior Latex Paint 1gal White,Paint,3,0
2025-10-16,PNT-LT-W1G,Interior Latex Paint 1gal White,Paint,3,0
2025-10-17,PNT-LT-W1G,Interior Latex Paint 1gal White,Paint,2,0
2025-10-18,PNT-LT-W1G,Interior Latex Paint 1gal White,Paint,1,0
2025-10-19,PNT-LT-W1G,Interior Latex Paint 1gal White,Paint,3,0
2025-10-20,PNT-LT-W1G,Interior Latex Paint 1gal White,Paint,1,0
2025-10-21,PNT-LT-W1G,Interior Latex Paint 1gal White,Paint,8,0
2025-10-22,PNT-LT-W1G,Interior Latex Paint 1gal White,Paint,1,0
2025-10-23,PNT-LT-W1G,Interior Latex Paint 1gal White,Paint,3,0
2025-10-24,PNT-LT-W1G,Interior Latex Paint 1gal White,Paint,0,0
2025-10-25,PNT-LT-W1G,Interior Latex Paint 1gal White,Paint,8,0
2025-10-26,PNT-LT-W1G,Interior Latex Paint 1gal White,Paint,5,0
2025-10-27,PNT-LT-W1G,Interior Latex Paint 1gal White,Paint,0,0
2025-10-28,PNT-LT-W1G,Interior Latex Paint 1gal White,Paint,2,0
2025-10-29,PNT-LT-W1G,Interior Latex Paint 1gal White,Paint,6,0
2025-10-30,PNT-LT-W1G,Interior Latex Paint 1gal White,Paint,1,0
2025-10-31,PNT-LT-W1G,Interior Latex Paint 1gal White,Paint,7,0
2025-11-01,PNT-LT-W1G,Interior Latex Paint 1gal White,Paint,3,0
2025-11-02,PNT-LT-W1G,Interior Latex Paint 1gal White,Paint,1,0
2025-11-03,PNT-LT-W1G,Interior Latex Paint 1gal White,Paint,5,0
2025-11-04,PNT-LT-W1G,Interior Latex Paint 1gal White,Paint,1,0
2025-11-05,PNT-LT-W1G,Interior Latex Paint 1gal White,Paint,2,0
2025-11-06,PNT-LT-W1G,Interior Latex Paint 1gal White,Paint,3,0
2025-11-07,PNT-LT-W1G,Interior Latex Paint 1gal White,Paint,1,0
2025-11-08,PNT-LT-W1G,Interior Latex Paint 1gal White,Paint,0,0
2025-11-09,PNT-LT-W1G,Interior Latex Paint 1gal White,Paint,3,0
2025-11-10,PNT-LT-W1G,Interior Latex Paint 1gal White,Paint,2,0
2025-11-11,PNT-LT-W1G,Interior Latex Paint 1gal White,Paint,6,0
2025-11-12,PNT-LT-W1G,Interior Latex Paint 1gal White,Paint,2,0
2025-11-13,PNT-LT-W1G,Interior Latex Paint 1gal White,Paint,1,0
2025-11-14,PNT-LT-W1G,Interior Latex Paint 1gal White,Paint,1,0
2025-11-15,PNT-LT-W1G,Interior Latex Paint 1gal White,Paint,7,0
2025-11-16,PNT-LT-W1G,Interior Latex Paint 1gal White,Paint,0,0
2025-11-17,PNT-LT-W1G,Interior Latex Paint 1gal White,Paint,2,0
2025-11-18,PNT-LT-W1G,Interior Latex Paint 1gal White,Paint,0,0
2025-11-19,PNT-LT-W1G,Interior Latex Paint 1gal White,Paint,2,0
2025-11-20,PNT-LT-W1G,Interior Latex Paint 1gal White,Paint,1,0
2025-11-21,PNT-LT-W1G,Interior Latex Paint 1gal White,Paint,2,0
2025-11-22,PNT-LT-W1G,Interior Latex Paint 1gal White,Paint,7,0
2025-11-23,PNT-LT-W1G,Interior Latex Paint 1gal White,Paint,4,0
2025-11-24,PNT-LT-W1G,Interior Latex Paint 1gal White,Paint,4,0
2025-11-25,PNT-LT-W1G,Interior Latex Paint 1gal White,Paint,2,0
2025-11-26,PNT-LT-W1G,Interior Latex Paint 1gal White,Paint,2,0
2025-11-27,PNT-LT-W1G,Interior Latex Paint 1gal White,Paint,3,0
2025-11-28,PNT-LT-W1G,Interior Latex Paint 1gal White,Paint,0,0
2025-11-29,PNT-LT-W1G,Interior Latex Paint 1gal White,Paint,8,0
2025-11-30,PNT-LT-W1G,Interior Latex Paint 1gal White,Paint,4,0
2025-12-01,PNT-LT-W1G,Interior Latex Paint 1gal White,Paint,3,0
2025-12-02,PNT-LT-W1G,Interior Latex Paint 1gal White,Paint,0,0
2025-12-03,PNT-LT-W1G,Interior Latex Paint 1gal White,Paint,1,0
2025-12-04,PNT-LT-W1G,Interior Latex Paint 1gal White,Paint,0,0
2025-12-05,PNT-LT-W1G,Interior Latex Paint 1gal White,Paint,4,0
2025-12-06,PNT-LT-W1G,Interior Latex Paint 1gal White,Paint,2,0
2025-12-07,PNT-LT-W1G,Interior Latex Paint 1gal White,Paint,10,0
2025-12-08,PNT-LT-W1G,Interior Latex Paint 1gal White,Paint,1,0
2025-12-09,PNT-LT-W1G,Interior Latex Paint 1gal White,Paint,2,0
2025-12-10,PNT-LT-W1G,Interior Latex Paint 1gal White,Paint,3,0
2025-12-11,PNT-LT-W1G,Interior Latex Paint 1gal White,Paint,7,0
2025-12-12,PNT-LT-W1G,Interior Latex Paint 1gal White,Paint,4,0
2025-12-13,PNT-LT-W1G,Interior Latex Paint 1gal White,Paint,7,0
2025-12-14,PNT-LT-W1G,Interior Latex Paint 1gal White,Paint,2,0
2025-12-15,PNT-LT-W1G,Interior Latex Paint 1gal White,Paint,0,0
2025-12-16,PNT-LT-W1G,Interior Latex Paint 1gal White,Paint,2,0
2025-12-17,PNT-LT-W1G,Interior Latex Paint 1gal White,Paint,2,0
2025-12-18,PNT-LT-W1G,Interior Latex Paint 1gal White,Paint,2,0
2025-12-19,PNT-LT-W1G,Interior Latex Paint 1gal White,Paint,3,0
2025-12-20,PNT-LT-W1G,Interior Latex Paint 1gal White,Paint,3,0
2025-12-21,PNT-LT-W1G,Interior Latex Paint 1gal White,Paint,2,0
2025-12-22,PNT-LT-W1G,Interior Latex Paint 1gal White,Paint,4,0
2025-12-23,PNT-LT-W1G,Interior Latex Paint 1gal White,Paint,5,0
2025-12-24,PNT-LT-W1G,Interior Latex Paint 1gal White,Paint,5,0
2025-12-25,PNT-LT-W1G,Interior Latex Paint 1gal White,Paint,0,0
2025-12-26,PNT-LT-W1G,Interior Latex Paint 1gal White,Paint,5,0
2025-12-27,PNT-LT-W1G,Interior Latex Paint 1gal White,Paint,0,0
2025-12-28,PNT-LT-W1G,Interior Latex Paint 1gal White,Paint,4,0
2025-12-29,PNT-LT-W1G,Interior Latex Paint 1gal White,Paint,0,0
2025-12-30,PNT-LT-W1G,Interior Latex Paint 1gal White,Paint,7,0
2025-12-31,PNT-LT-W1G,Interior Latex Paint 1gal White,Paint,3,0
2026-01-01,PNT-LT-W1G,Interior Latex Paint 1gal White,Paint,3,0
2026-01-02,PNT-LT-W1G,Interior Latex Paint 1gal White,Paint,1,0
2026-01-03,PNT-LT-W1G,Interior Latex Paint 1gal White,Paint,6,0
2026-01-04,PNT-LT-W1G,Interior Latex Paint 1gal White,Paint,8,0
2026-01-05,PNT-LT-W1G,Interior Latex Paint 1gal White,Paint,1,0
2026-01-06,PNT-LT-W1G,Interior Latex Paint 1gal White,Paint,1,0
2026-01-07,PNT-LT-W1G,Interior Latex Paint 1gal White,Paint,4,0
2026-01-08,PNT-LT-W1G,Interior Latex Paint 1gal White,Paint,2,0
2026-01-09,PNT-LT-W1G,Interior Latex Paint 1gal White,Paint,2,0
2026-01-10,PNT-LT-W1G,Interior Latex Paint 1gal White,Paint,0,0
2026-01-11,PNT-LT-W1G,Interior Latex Paint 1gal White,Paint,6,0
2026-01-12,PNT-LT-W1G,Interior Latex Paint 1gal White,Paint,4,0
2026-01-13,PNT-LT-W1G,Interior Latex Paint 1gal White,Paint,5,0
2026-01-14,PNT-LT-W1G,Interior Latex Paint 1gal White,Paint,3,0
2026-01-15,PNT-LT-W1G,Interior Latex Paint 1gal White,Paint,0,0
2026-01-16,PNT-LT-W1G,Interior Latex Paint 1gal White,Paint,0,0
2026-01-17,PNT-LT-W1G,Interior Latex Paint 1gal White,Paint,4,0
2026-01-18,PNT-LT-W1G,Interior Latex Paint 1gal White,Paint,6,0
2026-01-19,PNT-LT-W1G,Interior Latex Paint 1gal White,Paint,4,0
2026-01-20,PNT-LT-W1G,Interior Latex Paint 1gal White,Paint,6,0
2026-01-21,PNT-LT-W1G,Interior Latex Paint 1gal White,Paint,3,0
2026-01-22,PNT-LT-W1G,Interior Latex Paint 1gal White,Paint,1,0
2026-01-23,PNT-LT-W1G,Interior Latex Paint 1gal White,Paint,2,0
2026-01-24,PNT-LT-W1G,Interior Latex Paint 1gal White,Paint,4,0
2026-01-25,PNT-LT-W1G,Interior Latex Paint 1gal White,Paint,4,0
2026-01-26,PNT-LT-W1G,Interior Latex Paint 1gal White,Paint,7,0
2026-01-27,PNT-LT-W1G,Interior Latex Paint 1gal White,Paint,2,0
2026-01-28,PNT-LT-W1G,Interior Latex Paint 1gal White,Paint,4,0
2026-01-29,PNT-LT-W1G,Interior Latex Paint 1gal White,Paint,3,0
2026-01-30,PNT-LT-W1G,Interior Latex Paint 1gal White,Paint,5,0
2026-01-31,PNT-LT-W1G,Interior Latex Paint 1gal White,Paint,10,0
2026-02-01,PNT-LT-W1G,Interior Latex Paint 1gal White,Paint,1,0
2026-02-02,PNT-LT-W1G,Interior Latex Paint 1gal White,Paint,5,0
2026-02-03,PNT-LT-W1G,Interior Latex Paint 1gal White,Paint,5,0
2026-02-04,PNT-LT-W1G,Interior Latex Paint 1gal White,Paint,2,0
2026-02-05,PNT-LT-W1G,Interior Latex Paint 1gal White,Paint,2,0
2026-02-06,PNT-LT-W1G,Interior Latex Paint 1gal White,Paint,7,1
2026-02-07,PNT-LT-W1G,Interior Latex Paint 1gal White,Paint,7,0
2026-02-08,PNT-LT-W1G,Interior Latex Paint 1gal White,Paint,3,0
2026-02-09,PNT-LT-W1G,Interior Latex Paint 1gal White,Paint,3,0
2026-02-10,PNT-LT-W1G,Interior Latex Paint 1gal White,Paint,3,0
2026-02-11,PNT-LT-W1G,Interior Latex Paint 1gal White,Paint,0,0
2026-02-12,PNT-LT-W1G,Interior Latex Paint 1gal White,Paint,2,0
2026-02-13,PNT-LT-W1G,Interior Latex Paint 1gal White,Paint,3,0
2026-02-14,PNT-LT-W1G,Interior Latex Paint 1gal White,Paint,5,0
2026-02-15,PNT-LT-W1G,Interior Latex Paint 1gal White,Paint,3,0
2026-02-16,PNT-LT-W1G,Interior Latex Paint 1gal White,Paint,2,0
2026-02-17,PNT-LT-W1G,Interior Latex Paint 1gal White,Paint,5,0
2026-02-18,PNT-LT-W1G,Interior Latex Paint 1gal White,Paint,3,0
2026-02-19,PNT-LT-W1G,Interior Latex Paint 1gal White,Paint,6,0
2026-02-20,PNT-LT-W1G,Interior Latex Paint 1gal White,Paint,1,0
2026-02-21,PNT-LT-W1G,Interior Latex Paint 1gal White,Paint,3,0
2026-02-22,PNT-LT-W1G,Interior Latex Paint 1gal White,Paint,3,0
2026-02-23,PNT-LT-W1G,Interior Latex Paint 1gal White,Paint,3,0
2026-02-24,PNT-LT-W1G,Interior Latex Paint 1gal White,Paint,6,1
2026-02-25,PNT-LT-W1G,Interior Latex Paint 1gal White,Paint,0,0
2026-02-26,PNT-LT-W1G,Interior Latex Paint 1gal White,Paint,4,0
2026-02-27,PNT-LT-W1G,Interior Latex Paint 1gal White,Paint,2,0
2026-02-28,PNT-LT-W1G,Interior Latex Paint 1gal White,Paint,6,0
2026-03-01,PNT-LT-W1G,Interior Latex Paint 1gal White,Paint,5,0
2026-03-02,PNT-LT-W1G,Interior Latex Paint 1gal White,Paint,5,0
2026-03-03,PNT-LT-W1G,Interior Latex Paint 1gal White,Paint,8,0
2026-03-04,PNT-LT-W1G,Interior Latex Paint 1gal White,Paint,1,0
2026-03-05,PNT-LT-W1G,Interior Latex Paint 1gal White,Paint,3,0
2026-03-06,PNT-LT-W1G,Interior Latex Paint 1gal White,Paint,5,0
2026-03-07,PNT-LT-W1G,Interior Latex Paint 1gal White,Paint,0,0
2026-03-08,PNT-LT-W1G,Interior Latex Paint 1gal White,Paint,3,0
2026-03-09,PNT-LT-W1G,Interior Latex Paint 1gal White,Paint,2,0
2026-03-10,PNT-LT-W1G,Interior Latex Paint 1gal White,Paint,3,0
2026-03-11,PNT-LT-W1G,Interior Latex Paint 1gal White,Paint,1,0
2026-03-12,PNT-LT-W1G,Interior Latex Paint 1gal White,Paint,3,0
2026-03-13,PNT-LT-W1G,Interior Latex Paint 1gal White,Paint,3,0
2026-03-14,PNT-LT-W1G,Interior Latex Paint 1gal White,Paint,4,0
2026-03-15,PNT-LT-W1G,Interior Latex Paint 1gal White,Paint,5,0
2026-03-16,PNT-LT-W1G,Interior Latex Paint 1gal White,Paint,0,0
2026-03-17,PNT-LT-W1G,Interior Latex Paint 1gal White,Paint,1,0
2026-03-18,PNT-LT-W1G,Interior Latex Paint 1gal White,Paint,7,0
2026-03-19,PNT-LT-W1G,Interior Latex Paint 1gal White,Paint,6,0
2026-03-20,PNT-LT-W1G,Interior Latex Paint 1gal White,Paint,4,0
2026-03-21,PNT-LT-W1G,Interior Latex Paint 1gal White,Paint,3,0
2026-03-22,PNT-LT-W1G,Interior Latex Paint 1gal White,Paint,9,0
2026-03-23,PNT-LT-W1G,Interior Latex Paint 1gal White,Paint,1,0
2026-03-24,PNT-LT-W1G,Interior Latex Paint 1gal White,Paint,6,0
2026-03-25,PNT-LT-W1G,Interior Latex Paint 1gal White,Paint,5,0
2026-03-26,PNT-LT-W1G,Interior Latex Paint 1gal White,Paint,11,1
2026-03-27,PNT-LT-W1G,Interior Latex Paint 1gal White,Paint,7,0
2026-03-28,PNT-LT-W1G,Interior Latex Paint 1gal White,Paint,9,0
2026-03-29,PNT-LT-W1G,Interior Latex Paint 1gal White,Paint,6,0
2026-03-30,PNT-LT-W1G,Interior Latex Paint 1gal White,Paint,0,0
2026-03-31,PNT-LT-W1G,Interior Latex Paint 1gal White,Paint,3,0
2026-04-01,PNT-LT-W1G,Interior Latex Paint 1gal White,Paint,5,0
2026-04-02,PNT-LT-W1G,Interior Latex Paint 1gal White,Paint,6,0
2026-04-03,PNT-LT-W1G,Interior Latex Paint 1gal White,Paint,3,0
2026-04-04,PNT-LT-W1G,Interior Latex Paint 1gal White,Paint,10,0
2026-04-05,PNT-LT-W1G,Interior Latex Paint 1gal White,Paint,5,0
2026-04-06,PNT-LT-W1G,Interior Latex Paint 1gal White,Paint,0,0
2026-04-07,PNT-LT-W1G,Interior Latex Paint 1gal White,Paint,4,0
2026-04-08,PNT-LT-W1G,Interior Latex Paint 1gal White,Paint,0,0
2026-04-09,PNT-LT-W1G,Interior Latex Paint 1gal White,Paint,1,0
2026-04-10,PNT-LT-W1G,Interior Latex Paint 1gal White,Paint,5,0
2026-04-11,PNT-LT-W1G,Interior Latex Paint 1gal White,Paint,4,0
2026-04-12,PNT-LT-W1G,Interior Latex Paint 1gal White,Paint,3,0
2026-04-13,PNT-LT-W1G,Interior Latex Paint 1gal White,Paint,4,0
2026-04-14,PNT-LT-W1G,Interior Latex Paint 1gal White,Paint,6,0
2026-04-15,PNT-LT-W1G,Interior Latex Paint 1gal White,Paint,3,0
2026-04-16,PNT-LT-W1G,Interior Latex Paint 1gal White,Paint,3,0
2026-04-17,PNT-LT-W1G,Interior Latex Paint 1gal White,Paint,11,0
2026-04-18,PNT-LT-W1G,Interior Latex Paint 1gal White,Paint,0,0
2026-04-19,PNT-LT-W1G,Interior Latex Paint 1gal White,Paint,7,0
2026-04-20,PNT-LT-W1G,Interior Latex Paint 1gal White,Paint,4,0
2026-04-21,PNT-LT-W1G,Interior Latex Paint 1gal White,Paint,3,0
2026-04-22,PNT-LT-W1G,Interior Latex Paint 1gal White,Paint,3,0
2026-04-23,PNT-LT-W1G,Interior Latex Paint 1gal White,Paint,4,0
2026-04-24,PNT-LT-W1G,Interior Latex Paint 1gal White,Paint,2,0
2026-04-25,PNT-LT-W1G,Interior Latex Paint 1gal White,Paint,7,0
2026-04-26,PNT-LT-W1G,Interior Latex Paint 1gal White,Paint,1,0
2026-04-27,PNT-LT-W1G,Interior Latex Paint 1gal White,Paint,2,0
2026-04-28,PNT-LT-W1G,Interior Latex Paint 1gal White,Paint,4,0
2026-04-29,PNT-LT-W1G,Interior Latex Paint 1gal White,Paint,1,0
2026-04-30,PNT-LT-W1G,Interior Latex Paint 1gal White,Paint,6,0
2026-05-01,PNT-LT-W1G,Interior Latex Paint 1gal White,Paint,8,0
2026-05-02,PNT-LT-W1G,Interior Latex Paint 1gal White,Paint,4,0
2026-05-03,PNT-LT-W1G,Interior Latex Paint 1gal White,Paint,9,0
2026-05-04,PNT-LT-W1G,Interior Latex Paint 1gal White,Paint,2,0
2026-05-05,PNT-LT-W1G,Interior Latex Paint 1gal White,Paint,3,0
2026-05-06,PNT-LT-W1G,Interior Latex Paint 1gal White,Paint,6,0
2026-05-07,PNT-LT-W1G,Interior Latex Paint 1gal White,Paint,6,0
2026-05-08,PNT-LT-W1G,Interior Latex Paint 1gal White,Paint,12,0
2026-05-09,PNT-LT-W1G,Interior Latex Paint 1gal White,Paint,10,0
2026-05-10,PNT-LT-W1G,Interior Latex Paint 1gal White,Paint,8,0
2026-05-11,PNT-LT-W1G,Interior Latex Paint 1gal White,Paint,5,0
2026-05-12,PNT-LT-W1G,Interior Latex Paint 1gal White,Paint,3,0
2026-05-13,PNT-LT-W1G,Interior Latex Paint 1gal White,Paint,5,0
2026-05-14,PNT-LT-W1G,Interior Latex Paint 1gal White,Paint,4,0
2026-05-15,PNT-LT-W1G,Interior Latex Paint 1gal White,Paint,7,0
2024-11-22,PNT-EX-G1G,Exterior Paint 1gal Gray,Paint,1,0
2024-11-23,PNT-EX-G1G,Exterior Paint 1gal Gray,Paint,3,0
2024-11-24,PNT-EX-G1G,Exterior Paint 1gal Gray,Paint,1,0
2024-11-25,PNT-EX-G1G,Exterior Paint 1gal Gray,Paint,3,0
2024-11-26,PNT-EX-G1G,Exterior Paint 1gal Gray,Paint,3,0
2024-11-27,PNT-EX-G1G,Exterior Paint 1gal Gray,Paint,4,0
2024-11-28,PNT-EX-G1G,Exterior Paint 1gal Gray,Paint,0,0
2024-11-29,PNT-EX-G1G,Exterior Paint 1gal Gray,Paint,3,0
2024-11-30,PNT-EX-G1G,Exterior Paint 1gal Gray,Paint,0,0
2024-12-01,PNT-EX-G1G,Exterior Paint 1gal Gray,Paint,2,0
2024-12-02,PNT-EX-G1G,Exterior Paint 1gal Gray,Paint,0,0
2024-12-03,PNT-EX-G1G,Exterior Paint 1gal Gray,Paint,3,0
2024-12-04,PNT-EX-G1G,Exterior Paint 1gal Gray,Paint,3,0
2024-12-05,PNT-EX-G1G,Exterior Paint 1gal Gray,Paint,1,0
2024-12-06,PNT-EX-G1G,Exterior Paint 1gal Gray,Paint,1,0
2024-12-07,PNT-EX-G1G,Exterior Paint 1gal Gray,Paint,3,1
2024-12-08,PNT-EX-G1G,Exterior Paint 1gal Gray,Paint,0,0
2024-12-09,PNT-EX-G1G,Exterior Paint 1gal Gray,Paint,1,0
2024-12-10,PNT-EX-G1G,Exterior Paint 1gal Gray,Paint,1,0
2024-12-11,PNT-EX-G1G,Exterior Paint 1gal Gray,Paint,3,0
2024-12-12,PNT-EX-G1G,Exterior Paint 1gal Gray,Paint,1,0
2024-12-13,PNT-EX-G1G,Exterior Paint 1gal Gray,Paint,1,0
2024-12-14,PNT-EX-G1G,Exterior Paint 1gal Gray,Paint,2,0
2024-12-15,PNT-EX-G1G,Exterior Paint 1gal Gray,Paint,1,0
2024-12-16,PNT-EX-G1G,Exterior Paint 1gal Gray,Paint,1,0
2024-12-17,PNT-EX-G1G,Exterior Paint 1gal Gray,Paint,2,0
2024-12-18,PNT-EX-G1G,Exterior Paint 1gal Gray,Paint,5,0
2024-12-19,PNT-EX-G1G,Exterior Paint 1gal Gray,Paint,1,0
2024-12-20,PNT-EX-G1G,Exterior Paint 1gal Gray,Paint,2,0
2024-12-21,PNT-EX-G1G,Exterior Paint 1gal Gray,Paint,1,0
2024-12-22,PNT-EX-G1G,Exterior Paint 1gal Gray,Paint,3,0
2024-12-23,PNT-EX-G1G,Exterior Paint 1gal Gray,Paint,2,0
2024-12-24,PNT-EX-G1G,Exterior Paint 1gal Gray,Paint,2,0
2024-12-25,PNT-EX-G1G,Exterior Paint 1gal Gray,Paint,0,0
2024-12-26,PNT-EX-G1G,Exterior Paint 1gal Gray,Paint,1,0
2024-12-27,PNT-EX-G1G,Exterior Paint 1gal Gray,Paint,0,0
2024-12-28,PNT-EX-G1G,Exterior Paint 1gal Gray,Paint,2,0
2024-12-29,PNT-EX-G1G,Exterior Paint 1gal Gray,Paint,0,0
2024-12-30,PNT-EX-G1G,Exterior Paint 1gal Gray,Paint,0,0
2024-12-31,PNT-EX-G1G,Exterior Paint 1gal Gray,Paint,2,0
2025-01-01,PNT-EX-G1G,Exterior Paint 1gal Gray,Paint,2,0
2025-01-02,PNT-EX-G1G,Exterior Paint 1gal Gray,Paint,1,0
2025-01-03,PNT-EX-G1G,Exterior Paint 1gal Gray,Paint,0,0
2025-01-04,PNT-EX-G1G,Exterior Paint 1gal Gray,Paint,0,0
2025-01-05,PNT-EX-G1G,Exterior Paint 1gal Gray,Paint,5,0
2025-01-06,PNT-EX-G1G,Exterior Paint 1gal Gray,Paint,1,0
2025-01-07,PNT-EX-G1G,Exterior Paint 1gal Gray,Paint,1,0
2025-01-08,PNT-EX-G1G,Exterior Paint 1gal Gray,Paint,0,0
2025-01-09,PNT-EX-G1G,Exterior Paint 1gal Gray,Paint,6,1
2025-01-10,PNT-EX-G1G,Exterior Paint 1gal Gray,Paint,0,0
2025-01-11,PNT-EX-G1G,Exterior Paint 1gal Gray,Paint,0,0
2025-01-12,PNT-EX-G1G,Exterior Paint 1gal Gray,Paint,4,0
2025-01-13,PNT-EX-G1G,Exterior Paint 1gal Gray,Paint,1,0
2025-01-14,PNT-EX-G1G,Exterior Paint 1gal Gray,Paint,2,0
2025-01-15,PNT-EX-G1G,Exterior Paint 1gal Gray,Paint,1,0
2025-01-16,PNT-EX-G1G,Exterior Paint 1gal Gray,Paint,0,0
2025-01-17,PNT-EX-G1G,Exterior Paint 1gal Gray,Paint,0,0
2025-01-18,PNT-EX-G1G,Exterior Paint 1gal Gray,Paint,1,0
2025-01-19,PNT-EX-G1G,Exterior Paint 1gal Gray,Paint,2,0
2025-01-20,PNT-EX-G1G,Exterior Paint 1gal Gray,Paint,1,0
2025-01-21,PNT-EX-G1G,Exterior Paint 1gal Gray,Paint,3,0
2025-01-22,PNT-EX-G1G,Exterior Paint 1gal Gray,Paint,0,0
2025-01-23,PNT-EX-G1G,Exterior Paint 1gal Gray,Paint,7,0
2025-01-24,PNT-EX-G1G,Exterior Paint 1gal Gray,Paint,3,0
2025-01-25,PNT-EX-G1G,Exterior Paint 1gal Gray,Paint,1,0
2025-01-26,PNT-EX-G1G,Exterior Paint 1gal Gray,Paint,0,0
2025-01-27,PNT-EX-G1G,Exterior Paint 1gal Gray,Paint,0,0
2025-01-28,PNT-EX-G1G,Exterior Paint 1gal Gray,Paint,0,0
2025-01-29,PNT-EX-G1G,Exterior Paint 1gal Gray,Paint,1,0
2025-01-30,PNT-EX-G1G,Exterior Paint 1gal Gray,Paint,2,0
2025-01-31,PNT-EX-G1G,Exterior Paint 1gal Gray,Paint,3,0
2025-02-01,PNT-EX-G1G,Exterior Paint 1gal Gray,Paint,1,0
2025-02-02,PNT-EX-G1G,Exterior Paint 1gal Gray,Paint,1,0
2025-02-03,PNT-EX-G1G,Exterior Paint 1gal Gray,Paint,3,0
2025-02-04,PNT-EX-G1G,Exterior Paint 1gal Gray,Paint,2,0
2025-02-05,PNT-EX-G1G,Exterior Paint 1gal Gray,Paint,1,0
2025-02-06,PNT-EX-G1G,Exterior Paint 1gal Gray,Paint,1,0
2025-02-07,PNT-EX-G1G,Exterior Paint 1gal Gray,Paint,3,0
2025-02-08,PNT-EX-G1G,Exterior Paint 1gal Gray,Paint,4,0
2025-02-09,PNT-EX-G1G,Exterior Paint 1gal Gray,Paint,1,0
2025-02-10,PNT-EX-G1G,Exterior Paint 1gal Gray,Paint,2,0
2025-02-11,PNT-EX-G1G,Exterior Paint 1gal Gray,Paint,5,0
2025-02-12,PNT-EX-G1G,Exterior Paint 1gal Gray,Paint,0,0
2025-02-13,PNT-EX-G1G,Exterior Paint 1gal Gray,Paint,2,0
2025-02-14,PNT-EX-G1G,Exterior Paint 1gal Gray,Paint,1,0
2025-02-15,PNT-EX-G1G,Exterior Paint 1gal Gray,Paint,4,0
2025-02-16,PNT-EX-G1G,Exterior Paint 1gal Gray,Paint,2,0
2025-02-17,PNT-EX-G1G,Exterior Paint 1gal Gray,Paint,6,0
2025-02-18,PNT-EX-G1G,Exterior Paint 1gal Gray,Paint,0,0
2025-02-19,PNT-EX-G1G,Exterior Paint 1gal Gray,Paint,3,0
2025-02-20,PNT-EX-G1G,Exterior Paint 1gal Gray,Paint,0,0
2025-02-21,PNT-EX-G1G,Exterior Paint 1gal Gray,Paint,2,0
2025-02-22,PNT-EX-G1G,Exterior Paint 1gal Gray,Paint,0,0
2025-02-23,PNT-EX-G1G,Exterior Paint 1gal Gray,Paint,1,0
2025-02-24,PNT-EX-G1G,Exterior Paint 1gal Gray,Paint,5,0
2025-02-25,PNT-EX-G1G,Exterior Paint 1gal Gray,Paint,1,0
2025-02-26,PNT-EX-G1G,Exterior Paint 1gal Gray,Paint,0,0
2025-02-27,PNT-EX-G1G,Exterior Paint 1gal Gray,Paint,1,0
2025-02-28,PNT-EX-G1G,Exterior Paint 1gal Gray,Paint,1,0
2025-03-01,PNT-EX-G1G,Exterior Paint 1gal Gray,Paint,4,0
2025-03-02,PNT-EX-G1G,Exterior Paint 1gal Gray,Paint,4,0
2025-03-03,PNT-EX-G1G,Exterior Paint 1gal Gray,Paint,0,0
2025-03-04,PNT-EX-G1G,Exterior Paint 1gal Gray,Paint,0,0
2025-03-05,PNT-EX-G1G,Exterior Paint 1gal Gray,Paint,0,0
2025-03-06,PNT-EX-G1G,Exterior Paint 1gal Gray,Paint,5,0
2025-03-07,PNT-EX-G1G,Exterior Paint 1gal Gray,Paint,3,0
2025-03-08,PNT-EX-G1G,Exterior Paint 1gal Gray,Paint,0,0
2025-03-09,PNT-EX-G1G,Exterior Paint 1gal Gray,Paint,2,0
2025-03-10,PNT-EX-G1G,Exterior Paint 1gal Gray,Paint,2,0
2025-03-11,PNT-EX-G1G,Exterior Paint 1gal Gray,Paint,0,0
2025-03-12,PNT-EX-G1G,Exterior Paint 1gal Gray,Paint,4,1
2025-03-13,PNT-EX-G1G,Exterior Paint 1gal Gray,Paint,0,0
2025-03-14,PNT-EX-G1G,Exterior Paint 1gal Gray,Paint,4,0
2025-03-15,PNT-EX-G1G,Exterior Paint 1gal Gray,Paint,1,0
2025-03-16,PNT-EX-G1G,Exterior Paint 1gal Gray,Paint,1,0
2025-03-17,PNT-EX-G1G,Exterior Paint 1gal Gray,Paint,1,0
2025-03-18,PNT-EX-G1G,Exterior Paint 1gal Gray,Paint,1,0
2025-03-19,PNT-EX-G1G,Exterior Paint 1gal Gray,Paint,3,0
2025-03-20,PNT-EX-G1G,Exterior Paint 1gal Gray,Paint,3,0
2025-03-21,PNT-EX-G1G,Exterior Paint 1gal Gray,Paint,2,0
2025-03-22,PNT-EX-G1G,Exterior Paint 1gal Gray,Paint,2,0
2025-03-23,PNT-EX-G1G,Exterior Paint 1gal Gray,Paint,6,0
2025-03-24,PNT-EX-G1G,Exterior Paint 1gal Gray,Paint,0,0
2025-03-25,PNT-EX-G1G,Exterior Paint 1gal Gray,Paint,2,0
2025-03-26,PNT-EX-G1G,Exterior Paint 1gal Gray,Paint,0,0
2025-03-27,PNT-EX-G1G,Exterior Paint 1gal Gray,Paint,3,0
2025-03-28,PNT-EX-G1G,Exterior Paint 1gal Gray,Paint,2,0
2025-03-29,PNT-EX-G1G,Exterior Paint 1gal Gray,Paint,2,0
2025-03-30,PNT-EX-G1G,Exterior Paint 1gal Gray,Paint,0,0
2025-03-31,PNT-EX-G1G,Exterior Paint 1gal Gray,Paint,2,0
2025-04-01,PNT-EX-G1G,Exterior Paint 1gal Gray,Paint,1,0
2025-04-02,PNT-EX-G1G,Exterior Paint 1gal Gray,Paint,2,0
2025-04-03,PNT-EX-G1G,Exterior Paint 1gal Gray,Paint,1,0
2025-04-04,PNT-EX-G1G,Exterior Paint 1gal Gray,Paint,1,0
2025-04-05,PNT-EX-G1G,Exterior Paint 1gal Gray,Paint,4,0
2025-04-06,PNT-EX-G1G,Exterior Paint 1gal Gray,Paint,1,0
2025-04-07,PNT-EX-G1G,Exterior Paint 1gal Gray,Paint,2,0
2025-04-08,PNT-EX-G1G,Exterior Paint 1gal Gray,Paint,2,0
2025-04-09,PNT-EX-G1G,Exterior Paint 1gal Gray,Paint,0,0
2025-04-10,PNT-EX-G1G,Exterior Paint 1gal Gray,Paint,4,0
2025-04-11,PNT-EX-G1G,Exterior Paint 1gal Gray,Paint,1,0
2025-04-12,PNT-EX-G1G,Exterior Paint 1gal Gray,Paint,3,0
2025-04-13,PNT-EX-G1G,Exterior Paint 1gal Gray,Paint,2,0
2025-04-14,PNT-EX-G1G,Exterior Paint 1gal Gray,Paint,4,0
2025-04-15,PNT-EX-G1G,Exterior Paint 1gal Gray,Paint,2,0
2025-04-16,PNT-EX-G1G,Exterior Paint 1gal Gray,Paint,3,0
2025-04-17,PNT-EX-G1G,Exterior Paint 1gal Gray,Paint,2,0
2025-04-18,PNT-EX-G1G,Exterior Paint 1gal Gray,Paint,1,0
2025-04-19,PNT-EX-G1G,Exterior Paint 1gal Gray,Paint,4,0
2025-04-20,PNT-EX-G1G,Exterior Paint 1gal Gray,Paint,5,0
2025-04-21,PNT-EX-G1G,Exterior Paint 1gal Gray,Paint,0,0
2025-04-22,PNT-EX-G1G,Exterior Paint 1gal Gray,Paint,2,0
2025-04-23,PNT-EX-G1G,Exterior Paint 1gal Gray,Paint,2,0
2025-04-24,PNT-EX-G1G,Exterior Paint 1gal Gray,Paint,1,0
2025-04-25,PNT-EX-G1G,Exterior Paint 1gal Gray,Paint,1,0
2025-04-26,PNT-EX-G1G,Exterior Paint 1gal Gray,Paint,0,0
2025-04-27,PNT-EX-G1G,Exterior Paint 1gal Gray,Paint,2,0
2025-04-28,PNT-EX-G1G,Exterior Paint 1gal Gray,Paint,2,0
2025-04-29,PNT-EX-G1G,Exterior Paint 1gal Gray,Paint,2,0
2025-04-30,PNT-EX-G1G,Exterior Paint 1gal Gray,Paint,4,0
2025-05-01,PNT-EX-G1G,Exterior Paint 1gal Gray,Paint,2,0
2025-05-02,PNT-EX-G1G,Exterior Paint 1gal Gray,Paint,0,0
2025-05-03,PNT-EX-G1G,Exterior Paint 1gal Gray,Paint,4,0
2025-05-04,PNT-EX-G1G,Exterior Paint 1gal Gray,Paint,6,0
2025-05-05,PNT-EX-G1G,Exterior Paint 1gal Gray,Paint,2,0
2025-05-06,PNT-EX-G1G,Exterior Paint 1gal Gray,Paint,1,0
2025-05-07,PNT-EX-G1G,Exterior Paint 1gal Gray,Paint,0,0
2025-05-08,PNT-EX-G1G,Exterior Paint 1gal Gray,Paint,3,0
2025-05-09,PNT-EX-G1G,Exterior Paint 1gal Gray,Paint,2,1
2025-05-10,PNT-EX-G1G,Exterior Paint 1gal Gray,Paint,2,0
2025-05-11,PNT-EX-G1G,Exterior Paint 1gal Gray,Paint,3,0
2025-05-12,PNT-EX-G1G,Exterior Paint 1gal Gray,Paint,0,0
2025-05-13,PNT-EX-G1G,Exterior Paint 1gal Gray,Paint,4,0
2025-05-14,PNT-EX-G1G,Exterior Paint 1gal Gray,Paint,4,0
2025-05-15,PNT-EX-G1G,Exterior Paint 1gal Gray,Paint,2,0
2025-05-16,PNT-EX-G1G,Exterior Paint 1gal Gray,Paint,2,0
2025-05-17,PNT-EX-G1G,Exterior Paint 1gal Gray,Paint,3,0
2025-05-18,PNT-EX-G1G,Exterior Paint 1gal Gray,Paint,2,0
2025-05-19,PNT-EX-G1G,Exterior Paint 1gal Gray,Paint,0,0
2025-05-20,PNT-EX-G1G,Exterior Paint 1gal Gray,Paint,0,0
2025-05-21,PNT-EX-G1G,Exterior Paint 1gal Gray,Paint,2,0
2025-05-22,PNT-EX-G1G,Exterior Paint 1gal Gray,Paint,7,0
2025-05-23,PNT-EX-G1G,Exterior Paint 1gal Gray,Paint,0,0
2025-05-24,PNT-EX-G1G,Exterior Paint 1gal Gray,Paint,2,0
2025-05-25,PNT-EX-G1G,Exterior Paint 1gal Gray,Paint,0,0
2025-05-26,PNT-EX-G1G,Exterior Paint 1gal Gray,Paint,2,0
2025-05-27,PNT-EX-G1G,Exterior Paint 1gal Gray,Paint,0,0
2025-05-28,PNT-EX-G1G,Exterior Paint 1gal Gray,Paint,3,0
2025-05-29,PNT-EX-G1G,Exterior Paint 1gal Gray,Paint,1,0
2025-05-30,PNT-EX-G1G,Exterior Paint 1gal Gray,Paint,2,0
2025-05-31,PNT-EX-G1G,Exterior Paint 1gal Gray,Paint,3,0
2025-06-01,PNT-EX-G1G,Exterior Paint 1gal Gray,Paint,2,0
2025-06-02,PNT-EX-G1G,Exterior Paint 1gal Gray,Paint,4,0
2025-06-03,PNT-EX-G1G,Exterior Paint 1gal Gray,Paint,2,0
2025-06-04,PNT-EX-G1G,Exterior Paint 1gal Gray,Paint,2,0
2025-06-05,PNT-EX-G1G,Exterior Paint 1gal Gray,Paint,1,0
2025-06-06,PNT-EX-G1G,Exterior Paint 1gal Gray,Paint,2,0
2025-06-07,PNT-EX-G1G,Exterior Paint 1gal Gray,Paint,2,0
2025-06-08,PNT-EX-G1G,Exterior Paint 1gal Gray,Paint,3,0
2025-06-09,PNT-EX-G1G,Exterior Paint 1gal Gray,Paint,5,0
2025-06-10,PNT-EX-G1G,Exterior Paint 1gal Gray,Paint,1,0
2025-06-11,PNT-EX-G1G,Exterior Paint 1gal Gray,Paint,2,0
2025-06-12,PNT-EX-G1G,Exterior Paint 1gal Gray,Paint,2,0
2025-06-13,PNT-EX-G1G,Exterior Paint 1gal Gray,Paint,1,0
2025-06-14,PNT-EX-G1G,Exterior Paint 1gal Gray,Paint,0,0
2025-06-15,PNT-EX-G1G,Exterior Paint 1gal Gray,Paint,3,0
2025-06-16,PNT-EX-G1G,Exterior Paint 1gal Gray,Paint,2,0
2025-06-17,PNT-EX-G1G,Exterior Paint 1gal Gray,Paint,2,0
2025-06-18,PNT-EX-G1G,Exterior Paint 1gal Gray,Paint,1,0
2025-06-19,PNT-EX-G1G,Exterior Paint 1gal Gray,Paint,0,0
2025-06-20,PNT-EX-G1G,Exterior Paint 1gal Gray,Paint,2,0
2025-06-21,PNT-EX-G1G,Exterior Paint 1gal Gray,Paint,3,0
2025-06-22,PNT-EX-G1G,Exterior Paint 1gal Gray,Paint,2,0
2025-06-23,PNT-EX-G1G,Exterior Paint 1gal Gray,Paint,1,0
2025-06-24,PNT-EX-G1G,Exterior Paint 1gal Gray,Paint,1,0
2025-06-25,PNT-EX-G1G,Exterior Paint 1gal Gray,Paint,3,1
2025-06-26,PNT-EX-G1G,Exterior Paint 1gal Gray,Paint,2,0
2025-06-27,PNT-EX-G1G,Exterior Paint 1gal Gray,Paint,2,0
2025-06-28,PNT-EX-G1G,Exterior Paint 1gal Gray,Paint,1,0
2025-06-29,PNT-EX-G1G,Exterior Paint 1gal Gray,Paint,2,0
2025-06-30,PNT-EX-G1G,Exterior Paint 1gal Gray,Paint,2,0
2025-07-01,PNT-EX-G1G,Exterior Paint 1gal Gray,Paint,1,0
2025-07-02,PNT-EX-G1G,Exterior Paint 1gal Gray,Paint,0,0
2025-07-03,PNT-EX-G1G,Exterior Paint 1gal Gray,Paint,1,0
2025-07-04,PNT-EX-G1G,Exterior Paint 1gal Gray,Paint,1,0
2025-07-05,PNT-EX-G1G,Exterior Paint 1gal Gray,Paint,3,0
2025-07-06,PNT-EX-G1G,Exterior Paint 1gal Gray,Paint,2,0
2025-07-07,PNT-EX-G1G,Exterior Paint 1gal Gray,Paint,3,0
2025-07-08,PNT-EX-G1G,Exterior Paint 1gal Gray,Paint,2,0
2025-07-09,PNT-EX-G1G,Exterior Paint 1gal Gray,Paint,1,0
2025-07-10,PNT-EX-G1G,Exterior Paint 1gal Gray,Paint,4,0
2025-07-11,PNT-EX-G1G,Exterior Paint 1gal Gray,Paint,1,0
2025-07-12,PNT-EX-G1G,Exterior Paint 1gal Gray,Paint,2,0
2025-07-13,PNT-EX-G1G,Exterior Paint 1gal Gray,Paint,7,0
2025-07-14,PNT-EX-G1G,Exterior Paint 1gal Gray,Paint,0,0
2025-07-15,PNT-EX-G1G,Exterior Paint 1gal Gray,Paint,3,0
2025-07-16,PNT-EX-G1G,Exterior Paint 1gal Gray,Paint,1,0
2025-07-17,PNT-EX-G1G,Exterior Paint 1gal Gray,Paint,4,0
2025-07-18,PNT-EX-G1G,Exterior Paint 1gal Gray,Paint,1,0
2025-07-19,PNT-EX-G1G,Exterior Paint 1gal Gray,Paint,1,0
2025-07-20,PNT-EX-G1G,Exterior Paint 1gal Gray,Paint,3,0
2025-07-21,PNT-EX-G1G,Exterior Paint 1gal Gray,Paint,2,0
2025-07-22,PNT-EX-G1G,Exterior Paint 1gal Gray,Paint,4,0
2025-07-23,PNT-EX-G1G,Exterior Paint 1gal Gray,Paint,1,0
2025-07-24,PNT-EX-G1G,Exterior Paint 1gal Gray,Paint,0,0
2025-07-25,PNT-EX-G1G,Exterior Paint 1gal Gray,Paint,2,0
2025-07-26,PNT-EX-G1G,Exterior Paint 1gal Gray,Paint,6,0
2025-07-27,PNT-EX-G1G,Exterior Paint 1gal Gray,Paint,2,0
2025-07-28,PNT-EX-G1G,Exterior Paint 1gal Gray,Paint,1,1
2025-07-29,PNT-EX-G1G,Exterior Paint 1gal Gray,Paint,0,0
2025-07-30,PNT-EX-G1G,Exterior Paint 1gal Gray,Paint,2,0
2025-07-31,PNT-EX-G1G,Exterior Paint 1gal Gray,Paint,2,0
2025-08-01,PNT-EX-G1G,Exterior Paint 1gal Gray,Paint,4,0
2025-08-02,PNT-EX-G1G,Exterior Paint 1gal Gray,Paint,1,0
2025-08-03,PNT-EX-G1G,Exterior Paint 1gal Gray,Paint,2,0
2025-08-04,PNT-EX-G1G,Exterior Paint 1gal Gray,Paint,2,0
2025-08-05,PNT-EX-G1G,Exterior Paint 1gal Gray,Paint,1,0
2025-08-06,PNT-EX-G1G,Exterior Paint 1gal Gray,Paint,1,0
2025-08-07,PNT-EX-G1G,Exterior Paint 1gal Gray,Paint,3,0
2025-08-08,PNT-EX-G1G,Exterior Paint 1gal Gray,Paint,0,0
2025-08-09,PNT-EX-G1G,Exterior Paint 1gal Gray,Paint,2,0
2025-08-10,PNT-EX-G1G,Exterior Paint 1gal Gray,Paint,4,0
2025-08-11,PNT-EX-G1G,Exterior Paint 1gal Gray,Paint,2,0
2025-08-12,PNT-EX-G1G,Exterior Paint 1gal Gray,Paint,4,0
2025-08-13,PNT-EX-G1G,Exterior Paint 1gal Gray,Paint,2,0
2025-08-14,PNT-EX-G1G,Exterior Paint 1gal Gray,Paint,0,0
2025-08-15,PNT-EX-G1G,Exterior Paint 1gal Gray,Paint,2,0
2025-08-16,PNT-EX-G1G,Exterior Paint 1gal Gray,Paint,0,0
2025-08-17,PNT-EX-G1G,Exterior Paint 1gal Gray,Paint,3,0
2025-08-18,PNT-EX-G1G,Exterior Paint 1gal Gray,Paint,3,0
2025-08-19,PNT-EX-G1G,Exterior Paint 1gal Gray,Paint,3,0
2025-08-20,PNT-EX-G1G,Exterior Paint 1gal Gray,Paint,2,0
2025-08-21,PNT-EX-G1G,Exterior Paint 1gal Gray,Paint,1,0
2025-08-22,PNT-EX-G1G,Exterior Paint 1gal Gray,Paint,1,0
2025-08-23,PNT-EX-G1G,Exterior Paint 1gal Gray,Paint,3,0
2025-08-24,PNT-EX-G1G,Exterior Paint 1gal Gray,Paint,1,0
2025-08-25,PNT-EX-G1G,Exterior Paint 1gal Gray,Paint,6,0
2025-08-26,PNT-EX-G1G,Exterior Paint 1gal Gray,Paint,1,0
2025-08-27,PNT-EX-G1G,Exterior Paint 1gal Gray,Paint,3,0
2025-08-28,PNT-EX-G1G,Exterior Paint 1gal Gray,Paint,2,0
2025-08-29,PNT-EX-G1G,Exterior Paint 1gal Gray,Paint,2,0
2025-08-30,PNT-EX-G1G,Exterior Paint 1gal Gray,Paint,2,0
2025-08-31,PNT-EX-G1G,Exterior Paint 1gal Gray,Paint,4,0
2025-09-01,PNT-EX-G1G,Exterior Paint 1gal Gray,Paint,1,0
2025-09-02,PNT-EX-G1G,Exterior Paint 1gal Gray,Paint,0,0
2025-09-03,PNT-EX-G1G,Exterior Paint 1gal Gray,Paint,1,0
2025-09-04,PNT-EX-G1G,Exterior Paint 1gal Gray,Paint,1,0
2025-09-05,PNT-EX-G1G,Exterior Paint 1gal Gray,Paint,0,0
2025-09-06,PNT-EX-G1G,Exterior Paint 1gal Gray,Paint,1,0
2025-09-07,PNT-EX-G1G,Exterior Paint 1gal Gray,Paint,0,0
2025-09-08,PNT-EX-G1G,Exterior Paint 1gal Gray,Paint,3,0
2025-09-09,PNT-EX-G1G,Exterior Paint 1gal Gray,Paint,2,0
2025-09-10,PNT-EX-G1G,Exterior Paint 1gal Gray,Paint,0,0
2025-09-11,PNT-EX-G1G,Exterior Paint 1gal Gray,Paint,2,0
2025-09-12,PNT-EX-G1G,Exterior Paint 1gal Gray,Paint,2,0
2025-09-13,PNT-EX-G1G,Exterior Paint 1gal Gray,Paint,3,0
2025-09-14,PNT-EX-G1G,Exterior Paint 1gal Gray,Paint,3,0
2025-09-15,PNT-EX-G1G,Exterior Paint 1gal Gray,Paint,3,0
2025-09-16,PNT-EX-G1G,Exterior Paint 1gal Gray,Paint,0,0
2025-09-17,PNT-EX-G1G,Exterior Paint 1gal Gray,Paint,6,0
2025-09-18,PNT-EX-G1G,Exterior Paint 1gal Gray,Paint,0,0
2025-09-19,PNT-EX-G1G,Exterior Paint 1gal Gray,Paint,0,0
2025-09-20,PNT-EX-G1G,Exterior Paint 1gal Gray,Paint,3,0
2025-09-21,PNT-EX-G1G,Exterior Paint 1gal Gray,Paint,3,0
2025-09-22,PNT-EX-G1G,Exterior Paint 1gal Gray,Paint,4,0
2025-09-23,PNT-EX-G1G,Exterior Paint 1gal Gray,Paint,2,0
2025-09-24,PNT-EX-G1G,Exterior Paint 1gal Gray,Paint,4,0
2025-09-25,PNT-EX-G1G,Exterior Paint 1gal Gray,Paint,2,0
2025-09-26,PNT-EX-G1G,Exterior Paint 1gal Gray,Paint,0,0
2025-09-27,PNT-EX-G1G,Exterior Paint 1gal Gray,Paint,3,0
2025-09-28,PNT-EX-G1G,Exterior Paint 1gal Gray,Paint,3,0
2025-09-29,PNT-EX-G1G,Exterior Paint 1gal Gray,Paint,2,0
2025-09-30,PNT-EX-G1G,Exterior Paint 1gal Gray,Paint,3,0
2025-10-01,PNT-EX-G1G,Exterior Paint 1gal Gray,Paint,2,0
2025-10-02,PNT-EX-G1G,Exterior Paint 1gal Gray,Paint,1,0
2025-10-03,PNT-EX-G1G,Exterior Paint 1gal Gray,Paint,1,0
2025-10-04,PNT-EX-G1G,Exterior Paint 1gal Gray,Paint,4,0
2025-10-05,PNT-EX-G1G,Exterior Paint 1gal Gray,Paint,0,0
2025-10-06,PNT-EX-G1G,Exterior Paint 1gal Gray,Paint,2,0
2025-10-07,PNT-EX-G1G,Exterior Paint 1gal Gray,Paint,3,0
2025-10-08,PNT-EX-G1G,Exterior Paint 1gal Gray,Paint,1,0
2025-10-09,PNT-EX-G1G,Exterior Paint 1gal Gray,Paint,0,0
2025-10-10,PNT-EX-G1G,Exterior Paint 1gal Gray,Paint,1,0
2025-10-11,PNT-EX-G1G,Exterior Paint 1gal Gray,Paint,2,0
2025-10-12,PNT-EX-G1G,Exterior Paint 1gal Gray,Paint,3,0
2025-10-13,PNT-EX-G1G,Exterior Paint 1gal Gray,Paint,2,0
2025-10-14,PNT-EX-G1G,Exterior Paint 1gal Gray,Paint,0,0
2025-10-15,PNT-EX-G1G,Exterior Paint 1gal Gray,Paint,0,0
2025-10-16,PNT-EX-G1G,Exterior Paint 1gal Gray,Paint,1,0
2025-10-17,PNT-EX-G1G,Exterior Paint 1gal Gray,Paint,3,0
2025-10-18,PNT-EX-G1G,Exterior Paint 1gal Gray,Paint,1,0
2025-10-19,PNT-EX-G1G,Exterior Paint 1gal Gray,Paint,2,0
2025-10-20,PNT-EX-G1G,Exterior Paint 1gal Gray,Paint,1,0
2025-10-21,PNT-EX-G1G,Exterior Paint 1gal Gray,Paint,1,0
2025-10-22,PNT-EX-G1G,Exterior Paint 1gal Gray,Paint,0,0
2025-10-23,PNT-EX-G1G,Exterior Paint 1gal Gray,Paint,3,0
2025-10-24,PNT-EX-G1G,Exterior Paint 1gal Gray,Paint,3,0
2025-10-25,PNT-EX-G1G,Exterior Paint 1gal Gray,Paint,4,0
2025-10-26,PNT-EX-G1G,Exterior Paint 1gal Gray,Paint,3,0
2025-10-27,PNT-EX-G1G,Exterior Paint 1gal Gray,Paint,3,0
2025-10-28,PNT-EX-G1G,Exterior Paint 1gal Gray,Paint,2,0
2025-10-29,PNT-EX-G1G,Exterior Paint 1gal Gray,Paint,1,0
2025-10-30,PNT-EX-G1G,Exterior Paint 1gal Gray,Paint,2,0
2025-10-31,PNT-EX-G1G,Exterior Paint 1gal Gray,Paint,1,0
2025-11-01,PNT-EX-G1G,Exterior Paint 1gal Gray,Paint,1,0
2025-11-02,PNT-EX-G1G,Exterior Paint 1gal Gray,Paint,1,0
2025-11-03,PNT-EX-G1G,Exterior Paint 1gal Gray,Paint,1,0
2025-11-04,PNT-EX-G1G,Exterior Paint 1gal Gray,Paint,2,0
2025-11-05,PNT-EX-G1G,Exterior Paint 1gal Gray,Paint,0,0
2025-11-06,PNT-EX-G1G,Exterior Paint 1gal Gray,Paint,1,0
2025-11-07,PNT-EX-G1G,Exterior Paint 1gal Gray,Paint,2,1
2025-11-08,PNT-EX-G1G,Exterior Paint 1gal Gray,Paint,2,0
2025-11-09,PNT-EX-G1G,Exterior Paint 1gal Gray,Paint,0,0
2025-11-10,PNT-EX-G1G,Exterior Paint 1gal Gray,Paint,2,0
2025-11-11,PNT-EX-G1G,Exterior Paint 1gal Gray,Paint,3,0
2025-11-12,PNT-EX-G1G,Exterior Paint 1gal Gray,Paint,1,0
2025-11-13,PNT-EX-G1G,Exterior Paint 1gal Gray,Paint,1,0
2025-11-14,PNT-EX-G1G,Exterior Paint 1gal Gray,Paint,1,0
2025-11-15,PNT-EX-G1G,Exterior Paint 1gal Gray,Paint,2,0
2025-11-16,PNT-EX-G1G,Exterior Paint 1gal Gray,Paint,2,0
2025-11-17,PNT-EX-G1G,Exterior Paint 1gal Gray,Paint,4,0
2025-11-18,PNT-EX-G1G,Exterior Paint 1gal Gray,Paint,3,0
2025-11-19,PNT-EX-G1G,Exterior Paint 1gal Gray,Paint,2,0
2025-11-20,PNT-EX-G1G,Exterior Paint 1gal Gray,Paint,4,1
2025-11-21,PNT-EX-G1G,Exterior Paint 1gal Gray,Paint,0,0
2025-11-22,PNT-EX-G1G,Exterior Paint 1gal Gray,Paint,4,0
2025-11-23,PNT-EX-G1G,Exterior Paint 1gal Gray,Paint,3,0
2025-11-24,PNT-EX-G1G,Exterior Paint 1gal Gray,Paint,2,0
2025-11-25,PNT-EX-G1G,Exterior Paint 1gal Gray,Paint,1,0
2025-11-26,PNT-EX-G1G,Exterior Paint 1gal Gray,Paint,0,0
2025-11-27,PNT-EX-G1G,Exterior Paint 1gal Gray,Paint,0,0
2025-11-28,PNT-EX-G1G,Exterior Paint 1gal Gray,Paint,1,0
2025-11-29,PNT-EX-G1G,Exterior Paint 1gal Gray,Paint,0,0
2025-11-30,PNT-EX-G1G,Exterior Paint 1gal Gray,Paint,0,0
2025-12-01,PNT-EX-G1G,Exterior Paint 1gal Gray,Paint,0,0
2025-12-02,PNT-EX-G1G,Exterior Paint 1gal Gray,Paint,1,0
2025-12-03,PNT-EX-G1G,Exterior Paint 1gal Gray,Paint,4,0
2025-12-04,PNT-EX-G1G,Exterior Paint 1gal Gray,Paint,2,0
2025-12-05,PNT-EX-G1G,Exterior Paint 1gal Gray,Paint,3,0
2025-12-06,PNT-EX-G1G,Exterior Paint 1gal Gray,Paint,5,0
2025-12-07,PNT-EX-G1G,Exterior Paint 1gal Gray,Paint,2,0
2025-12-08,PNT-EX-G1G,Exterior Paint 1gal Gray,Paint,4,0
2025-12-09,PNT-EX-G1G,Exterior Paint 1gal Gray,Paint,3,0
2025-12-10,PNT-EX-G1G,Exterior Paint 1gal Gray,Paint,3,0
2025-12-11,PNT-EX-G1G,Exterior Paint 1gal Gray,Paint,3,0
2025-12-12,PNT-EX-G1G,Exterior Paint 1gal Gray,Paint,1,0
2025-12-13,PNT-EX-G1G,Exterior Paint 1gal Gray,Paint,0,0
2025-12-14,PNT-EX-G1G,Exterior Paint 1gal Gray,Paint,1,0
2025-12-15,PNT-EX-G1G,Exterior Paint 1gal Gray,Paint,0,0
2025-12-16,PNT-EX-G1G,Exterior Paint 1gal Gray,Paint,0,0
2025-12-17,PNT-EX-G1G,Exterior Paint 1gal Gray,Paint,1,0
2025-12-18,PNT-EX-G1G,Exterior Paint 1gal Gray,Paint,3,0
2025-12-19,PNT-EX-G1G,Exterior Paint 1gal Gray,Paint,2,0
2025-12-20,PNT-EX-G1G,Exterior Paint 1gal Gray,Paint,1,0
2025-12-21,PNT-EX-G1G,Exterior Paint 1gal Gray,Paint,1,0
2025-12-22,PNT-EX-G1G,Exterior Paint 1gal Gray,Paint,2,0
2025-12-23,PNT-EX-G1G,Exterior Paint 1gal Gray,Paint,0,0
2025-12-24,PNT-EX-G1G,Exterior Paint 1gal Gray,Paint,0,0
2025-12-25,PNT-EX-G1G,Exterior Paint 1gal Gray,Paint,3,0
2025-12-26,PNT-EX-G1G,Exterior Paint 1gal Gray,Paint,3,0
2025-12-27,PNT-EX-G1G,Exterior Paint 1gal Gray,Paint,2,0
2025-12-28,PNT-EX-G1G,Exterior Paint 1gal Gray,Paint,4,0
2025-12-29,PNT-EX-G1G,Exterior Paint 1gal Gray,Paint,2,0
2025-12-30,PNT-EX-G1G,Exterior Paint 1gal Gray,Paint,2,0
2025-12-31,PNT-EX-G1G,Exterior Paint 1gal Gray,Paint,1,0
2026-01-01,PNT-EX-G1G,Exterior Paint 1gal Gray,Paint,2,0
2026-01-02,PNT-EX-G1G,Exterior Paint 1gal Gray,Paint,4,0
2026-01-03,PNT-EX-G1G,Exterior Paint 1gal Gray,Paint,1,0
2026-01-04,PNT-EX-G1G,Exterior Paint 1gal Gray,Paint,2,0
2026-01-05,PNT-EX-G1G,Exterior Paint 1gal Gray,Paint,1,0
2026-01-06,PNT-EX-G1G,Exterior Paint 1gal Gray,Paint,0,0
2026-01-07,PNT-EX-G1G,Exterior Paint 1gal Gray,Paint,0,0
2026-01-08,PNT-EX-G1G,Exterior Paint 1gal Gray,Paint,2,0
2026-01-09,PNT-EX-G1G,Exterior Paint 1gal Gray,Paint,3,0
2026-01-10,PNT-EX-G1G,Exterior Paint 1gal Gray,Paint,1,0
2026-01-11,PNT-EX-G1G,Exterior Paint 1gal Gray,Paint,0,0
2026-01-12,PNT-EX-G1G,Exterior Paint 1gal Gray,Paint,1,0
2026-01-13,PNT-EX-G1G,Exterior Paint 1gal Gray,Paint,2,0
2026-01-14,PNT-EX-G1G,Exterior Paint 1gal Gray,Paint,2,0
2026-01-15,PNT-EX-G1G,Exterior Paint 1gal Gray,Paint,1,0
2026-01-16,PNT-EX-G1G,Exterior Paint 1gal Gray,Paint,1,0
2026-01-17,PNT-EX-G1G,Exterior Paint 1gal Gray,Paint,4,0
2026-01-18,PNT-EX-G1G,Exterior Paint 1gal Gray,Paint,0,0
2026-01-19,PNT-EX-G1G,Exterior Paint 1gal Gray,Paint,2,0
2026-01-20,PNT-EX-G1G,Exterior Paint 1gal Gray,Paint,0,0
2026-01-21,PNT-EX-G1G,Exterior Paint 1gal Gray,Paint,1,0
2026-01-22,PNT-EX-G1G,Exterior Paint 1gal Gray,Paint,3,0
2026-01-23,PNT-EX-G1G,Exterior Paint 1gal Gray,Paint,1,0
2026-01-24,PNT-EX-G1G,Exterior Paint 1gal Gray,Paint,2,0
2026-01-25,PNT-EX-G1G,Exterior Paint 1gal Gray,Paint,4,0
2026-01-26,PNT-EX-G1G,Exterior Paint 1gal Gray,Paint,0,0
2026-01-27,PNT-EX-G1G,Exterior Paint 1gal Gray,Paint,1,0
2026-01-28,PNT-EX-G1G,Exterior Paint 1gal Gray,Paint,0,0
2026-01-29,PNT-EX-G1G,Exterior Paint 1gal Gray,Paint,2,0
2026-01-30,PNT-EX-G1G,Exterior Paint 1gal Gray,Paint,1,0
2026-01-31,PNT-EX-G1G,Exterior Paint 1gal Gray,Paint,1,0
2026-02-01,PNT-EX-G1G,Exterior Paint 1gal Gray,Paint,1,0
2026-02-02,PNT-EX-G1G,Exterior Paint 1gal Gray,Paint,1,0
2026-02-03,PNT-EX-G1G,Exterior Paint 1gal Gray,Paint,2,0
2026-02-04,PNT-EX-G1G,Exterior Paint 1gal Gray,Paint,2,0
2026-02-05,PNT-EX-G1G,Exterior Paint 1gal Gray,Paint,4,0
2026-02-06,PNT-EX-G1G,Exterior Paint 1gal Gray,Paint,1,0
2026-02-07,PNT-EX-G1G,Exterior Paint 1gal Gray,Paint,0,0
2026-02-08,PNT-EX-G1G,Exterior Paint 1gal Gray,Paint,4,0
2026-02-09,PNT-EX-G1G,Exterior Paint 1gal Gray,Paint,0,0
2026-02-10,PNT-EX-G1G,Exterior Paint 1gal Gray,Paint,3,0
2026-02-11,PNT-EX-G1G,Exterior Paint 1gal Gray,Paint,1,0
2026-02-12,PNT-EX-G1G,Exterior Paint 1gal Gray,Paint,1,0
2026-02-13,PNT-EX-G1G,Exterior Paint 1gal Gray,Paint,0,0
2026-02-14,PNT-EX-G1G,Exterior Paint 1gal Gray,Paint,0,0
2026-02-15,PNT-EX-G1G,Exterior Paint 1gal Gray,Paint,3,0
2026-02-16,PNT-EX-G1G,Exterior Paint 1gal Gray,Paint,2,0
2026-02-17,PNT-EX-G1G,Exterior Paint 1gal Gray,Paint,3,0
2026-02-18,PNT-EX-G1G,Exterior Paint 1gal Gray,Paint,3,0
2026-02-19,PNT-EX-G1G,Exterior Paint 1gal Gray,Paint,2,0
2026-02-20,PNT-EX-G1G,Exterior Paint 1gal Gray,Paint,2,0
2026-02-21,PNT-EX-G1G,Exterior Paint 1gal Gray,Paint,3,0
2026-02-22,PNT-EX-G1G,Exterior Paint 1gal Gray,Paint,3,0
2026-02-23,PNT-EX-G1G,Exterior Paint 1gal Gray,Paint,1,0
2026-02-24,PNT-EX-G1G,Exterior Paint 1gal Gray,Paint,1,0
2026-02-25,PNT-EX-G1G,Exterior Paint 1gal Gray,Paint,2,0
2026-02-26,PNT-EX-G1G,Exterior Paint 1gal Gray,Paint,2,0
2026-02-27,PNT-EX-G1G,Exterior Paint 1gal Gray,Paint,1,0
2026-02-28,PNT-EX-G1G,Exterior Paint 1gal Gray,Paint,4,0
2026-03-01,PNT-EX-G1G,Exterior Paint 1gal Gray,Paint,0,0
2026-03-02,PNT-EX-G1G,Exterior Paint 1gal Gray,Paint,0,0
2026-03-03,PNT-EX-G1G,Exterior Paint 1gal Gray,Paint,4,0
2026-03-04,PNT-EX-G1G,Exterior Paint 1gal Gray,Paint,3,0
2026-03-05,PNT-EX-G1G,Exterior Paint 1gal Gray,Paint,2,0
2026-03-06,PNT-EX-G1G,Exterior Paint 1gal Gray,Paint,0,0
2026-03-07,PNT-EX-G1G,Exterior Paint 1gal Gray,Paint,2,0
2026-03-08,PNT-EX-G1G,Exterior Paint 1gal Gray,Paint,3,0
2026-03-09,PNT-EX-G1G,Exterior Paint 1gal Gray,Paint,4,0
2026-03-10,PNT-EX-G1G,Exterior Paint 1gal Gray,Paint,3,0
2026-03-11,PNT-EX-G1G,Exterior Paint 1gal Gray,Paint,2,0
2026-03-12,PNT-EX-G1G,Exterior Paint 1gal Gray,Paint,2,0
2026-03-13,PNT-EX-G1G,Exterior Paint 1gal Gray,Paint,2,0
2026-03-14,PNT-EX-G1G,Exterior Paint 1gal Gray,Paint,3,0
2026-03-15,PNT-EX-G1G,Exterior Paint 1gal Gray,Paint,2,0
2026-03-16,PNT-EX-G1G,Exterior Paint 1gal Gray,Paint,1,0
2026-03-17,PNT-EX-G1G,Exterior Paint 1gal Gray,Paint,4,0
2026-03-18,PNT-EX-G1G,Exterior Paint 1gal Gray,Paint,1,0
2026-03-19,PNT-EX-G1G,Exterior Paint 1gal Gray,Paint,3,0
2026-03-20,PNT-EX-G1G,Exterior Paint 1gal Gray,Paint,2,1
2026-03-21,PNT-EX-G1G,Exterior Paint 1gal Gray,Paint,2,0
2026-03-22,PNT-EX-G1G,Exterior Paint 1gal Gray,Paint,2,0
2026-03-23,PNT-EX-G1G,Exterior Paint 1gal Gray,Paint,1,0
2026-03-24,PNT-EX-G1G,Exterior Paint 1gal Gray,Paint,2,0
2026-03-25,PNT-EX-G1G,Exterior Paint 1gal Gray,Paint,1,0
2026-03-26,PNT-EX-G1G,Exterior Paint 1gal Gray,Paint,1,0
2026-03-27,PNT-EX-G1G,Exterior Paint 1gal Gray,Paint,0,0
2026-03-28,PNT-EX-G1G,Exterior Paint 1gal Gray,Paint,1,0
2026-03-29,PNT-EX-G1G,Exterior Paint 1gal Gray,Paint,2,0
2026-03-30,PNT-EX-G1G,Exterior Paint 1gal Gray,Paint,1,0
2026-03-31,PNT-EX-G1G,Exterior Paint 1gal Gray,Paint,1,0
2026-04-01,PNT-EX-G1G,Exterior Paint 1gal Gray,Paint,0,0
2026-04-02,PNT-EX-G1G,Exterior Paint 1gal Gray,Paint,2,0
2026-04-03,PNT-EX-G1G,Exterior Paint 1gal Gray,Paint,2,0
2026-04-04,PNT-EX-G1G,Exterior Paint 1gal Gray,Paint,3,0
2026-04-05,PNT-EX-G1G,Exterior Paint 1gal Gray,Paint,1,0
2026-04-06,PNT-EX-G1G,Exterior Paint 1gal Gray,Paint,3,0
2026-04-07,PNT-EX-G1G,Exterior Paint 1gal Gray,Paint,1,0
2026-04-08,PNT-EX-G1G,Exterior Paint 1gal Gray,Paint,0,0
2026-04-09,PNT-EX-G1G,Exterior Paint 1gal Gray,Paint,3,0
2026-04-10,PNT-EX-G1G,Exterior Paint 1gal Gray,Paint,1,0
2026-04-11,PNT-EX-G1G,Exterior Paint 1gal Gray,Paint,2,0
2026-04-12,PNT-EX-G1G,Exterior Paint 1gal Gray,Paint,3,0
2026-04-13,PNT-EX-G1G,Exterior Paint 1gal Gray,Paint,5,0
2026-04-14,PNT-EX-G1G,Exterior Paint 1gal Gray,Paint,6,1
2026-04-15,PNT-EX-G1G,Exterior Paint 1gal Gray,Paint,1,0
2026-04-16,PNT-EX-G1G,Exterior Paint 1gal Gray,Paint,1,0
2026-04-17,PNT-EX-G1G,Exterior Paint 1gal Gray,Paint,3,0
2026-04-18,PNT-EX-G1G,Exterior Paint 1gal Gray,Paint,1,0
2026-04-19,PNT-EX-G1G,Exterior Paint 1gal Gray,Paint,4,0
2026-04-20,PNT-EX-G1G,Exterior Paint 1gal Gray,Paint,1,0
2026-04-21,PNT-EX-G1G,Exterior Paint 1gal Gray,Paint,1,0
2026-04-22,PNT-EX-G1G,Exterior Paint 1gal Gray,Paint,0,0
2026-04-23,PNT-EX-G1G,Exterior Paint 1gal Gray,Paint,1,0
2026-04-24,PNT-EX-G1G,Exterior Paint 1gal Gray,Paint,2,0
2026-04-25,PNT-EX-G1G,Exterior Paint 1gal Gray,Paint,4,0
2026-04-26,PNT-EX-G1G,Exterior Paint 1gal Gray,Paint,0,0
2026-04-27,PNT-EX-G1G,Exterior Paint 1gal Gray,Paint,5,0
2026-04-28,PNT-EX-G1G,Exterior Paint 1gal Gray,Paint,0,0
2026-04-29,PNT-EX-G1G,Exterior Paint 1gal Gray,Paint,0,0
2026-04-30,PNT-EX-G1G,Exterior Paint 1gal Gray,Paint,2,0
2026-05-01,PNT-EX-G1G,Exterior Paint 1gal Gray,Paint,3,0
2026-05-02,PNT-EX-G1G,Exterior Paint 1gal Gray,Paint,1,0
2026-05-03,PNT-EX-G1G,Exterior Paint 1gal Gray,Paint,4,0
2026-05-04,PNT-EX-G1G,Exterior Paint 1gal Gray,Paint,0,0
2026-05-05,PNT-EX-G1G,Exterior Paint 1gal Gray,Paint,6,0
2026-05-06,PNT-EX-G1G,Exterior Paint 1gal Gray,Paint,0,0
2026-05-07,PNT-EX-G1G,Exterior Paint 1gal Gray,Paint,1,0
2026-05-08,PNT-EX-G1G,Exterior Paint 1gal Gray,Paint,4,0
2026-05-09,PNT-EX-G1G,Exterior Paint 1gal Gray,Paint,1,0
2026-05-10,PNT-EX-G1G,Exterior Paint 1gal Gray,Paint,5,0
2026-05-11,PNT-EX-G1G,Exterior Paint 1gal Gray,Paint,3,0
2026-05-12,PNT-EX-G1G,Exterior Paint 1gal Gray,Paint,1,0
2026-05-13,PNT-EX-G1G,Exterior Paint 1gal Gray,Paint,2,0
2026-05-14,PNT-EX-G1G,Exterior Paint 1gal Gray,Paint,2,0
2026-05-15,PNT-EX-G1G,Exterior Paint 1gal Gray,Paint,7,0
2024-11-22,PNT-RK-9IN,"Paint Roller Kit 9""",Paint,3,0
2024-11-23,PNT-RK-9IN,"Paint Roller Kit 9""",Paint,8,0
2024-11-24,PNT-RK-9IN,"Paint Roller Kit 9""",Paint,2,0
2024-11-25,PNT-RK-9IN,"Paint Roller Kit 9""",Paint,3,0
2024-11-26,PNT-RK-9IN,"Paint Roller Kit 9""",Paint,2,0
2024-11-27,PNT-RK-9IN,"Paint Roller Kit 9""",Paint,4,0
2024-11-28,PNT-RK-9IN,"Paint Roller Kit 9""",Paint,2,0
2024-11-29,PNT-RK-9IN,"Paint Roller Kit 9""",Paint,8,0
2024-11-30,PNT-RK-9IN,"Paint Roller Kit 9""",Paint,2,0
2024-12-01,PNT-RK-9IN,"Paint Roller Kit 9""",Paint,5,0
2024-12-02,PNT-RK-9IN,"Paint Roller Kit 9""",Paint,3,0
2024-12-03,PNT-RK-9IN,"Paint Roller Kit 9""",Paint,4,0
2024-12-04,PNT-RK-9IN,"Paint Roller Kit 9""",Paint,3,0
2024-12-05,PNT-RK-9IN,"Paint Roller Kit 9""",Paint,4,0
2024-12-06,PNT-RK-9IN,"Paint Roller Kit 9""",Paint,2,0
2024-12-07,PNT-RK-9IN,"Paint Roller Kit 9""",Paint,0,0
2024-12-08,PNT-RK-9IN,"Paint Roller Kit 9""",Paint,5,0
2024-12-09,PNT-RK-9IN,"Paint Roller Kit 9""",Paint,3,0
2024-12-10,PNT-RK-9IN,"Paint Roller Kit 9""",Paint,3,0
2024-12-11,PNT-RK-9IN,"Paint Roller Kit 9""",Paint,2,0
2024-12-12,PNT-RK-9IN,"Paint Roller Kit 9""",Paint,3,0
2024-12-13,PNT-RK-9IN,"Paint Roller Kit 9""",Paint,0,0
2024-12-14,PNT-RK-9IN,"Paint Roller Kit 9""",Paint,3,0
2024-12-15,PNT-RK-9IN,"Paint Roller Kit 9""",Paint,0,0
2024-12-16,PNT-RK-9IN,"Paint Roller Kit 9""",Paint,4,0
2024-12-17,PNT-RK-9IN,"Paint Roller Kit 9""",Paint,1,0
2024-12-18,PNT-RK-9IN,"Paint Roller Kit 9""",Paint,3,0
2024-12-19,PNT-RK-9IN,"Paint Roller Kit 9""",Paint,6,0
2024-12-20,PNT-RK-9IN,"Paint Roller Kit 9""",Paint,0,0
2024-12-21,PNT-RK-9IN,"Paint Roller Kit 9""",Paint,4,0
2024-12-22,PNT-RK-9IN,"Paint Roller Kit 9""",Paint,4,0
2024-12-23,PNT-RK-9IN,"Paint Roller Kit 9""",Paint,0,0
2024-12-24,PNT-RK-9IN,"Paint Roller Kit 9""",Paint,0,0
2024-12-25,PNT-RK-9IN,"Paint Roller Kit 9""",Paint,5,0
2024-12-26,PNT-RK-9IN,"Paint Roller Kit 9""",Paint,3,0
2024-12-27,PNT-RK-9IN,"Paint Roller Kit 9""",Paint,5,0
2024-12-28,PNT-RK-9IN,"Paint Roller Kit 9""",Paint,0,0
2024-12-29,PNT-RK-9IN,"Paint Roller Kit 9""",Paint,9,0
2024-12-30,PNT-RK-9IN,"Paint Roller Kit 9""",Paint,2,0
2024-12-31,PNT-RK-9IN,"Paint Roller Kit 9""",Paint,5,0
2025-01-01,PNT-RK-9IN,"Paint Roller Kit 9""",Paint,5,0
2025-01-02,PNT-RK-9IN,"Paint Roller Kit 9""",Paint,3,0
2025-01-03,PNT-RK-9IN,"Paint Roller Kit 9""",Paint,5,0
2025-01-04,PNT-RK-9IN,"Paint Roller Kit 9""",Paint,3,0
2025-01-05,PNT-RK-9IN,"Paint Roller Kit 9""",Paint,8,1
2025-01-06,PNT-RK-9IN,"Paint Roller Kit 9""",Paint,0,0
2025-01-07,PNT-RK-9IN,"Paint Roller Kit 9""",Paint,4,0
2025-01-08,PNT-RK-9IN,"Paint Roller Kit 9""",Paint,9,0
2025-01-09,PNT-RK-9IN,"Paint Roller Kit 9""",Paint,2,0
2025-01-10,PNT-RK-9IN,"Paint Roller Kit 9""",Paint,5,0
2025-01-11,PNT-RK-9IN,"Paint Roller Kit 9""",Paint,9,0
2025-01-12,PNT-RK-9IN,"Paint Roller Kit 9""",Paint,7,0
2025-01-13,PNT-RK-9IN,"Paint Roller Kit 9""",Paint,4,0
2025-01-14,PNT-RK-9IN,"Paint Roller Kit 9""",Paint,4,0
2025-01-15,PNT-RK-9IN,"Paint Roller Kit 9""",Paint,6,0
2025-01-16,PNT-RK-9IN,"Paint Roller Kit 9""",Paint,0,0
2025-01-17,PNT-RK-9IN,"Paint Roller Kit 9""",Paint,5,0
2025-01-18,PNT-RK-9IN,"Paint Roller Kit 9""",Paint,6,0
2025-01-19,PNT-RK-9IN,"Paint Roller Kit 9""",Paint,10,0
2025-01-20,PNT-RK-9IN,"Paint Roller Kit 9""",Paint,1,0
2025-01-21,PNT-RK-9IN,"Paint Roller Kit 9""",Paint,5,0
2025-01-22,PNT-RK-9IN,"Paint Roller Kit 9""",Paint,5,0
2025-01-23,PNT-RK-9IN,"Paint Roller Kit 9""",Paint,4,0
2025-01-24,PNT-RK-9IN,"Paint Roller Kit 9""",Paint,3,0
2025-01-25,PNT-RK-9IN,"Paint Roller Kit 9""",Paint,8,0
2025-01-26,PNT-RK-9IN,"Paint Roller Kit 9""",Paint,4,0
2025-01-27,PNT-RK-9IN,"Paint Roller Kit 9""",Paint,3,0
2025-01-28,PNT-RK-9IN,"Paint Roller Kit 9""",Paint,6,0
2025-01-29,PNT-RK-9IN,"Paint Roller Kit 9""",Paint,5,0
2025-01-30,PNT-RK-9IN,"Paint Roller Kit 9""",Paint,0,0
2025-01-31,PNT-RK-9IN,"Paint Roller Kit 9""",Paint,3,0
2025-02-01,PNT-RK-9IN,"Paint Roller Kit 9""",Paint,4,0
2025-02-02,PNT-RK-9IN,"Paint Roller Kit 9""",Paint,4,0
2025-02-03,PNT-RK-9IN,"Paint Roller Kit 9""",Paint,5,0
2025-02-04,PNT-RK-9IN,"Paint Roller Kit 9""",Paint,4,0
2025-02-05,PNT-RK-9IN,"Paint Roller Kit 9""",Paint,1,0
2025-02-06,PNT-RK-9IN,"Paint Roller Kit 9""",Paint,3,0
2025-02-07,PNT-RK-9IN,"Paint Roller Kit 9""",Paint,6,0
2025-02-08,PNT-RK-9IN,"Paint Roller Kit 9""",Paint,8,0
2025-02-09,PNT-RK-9IN,"Paint Roller Kit 9""",Paint,4,0
2025-02-10,PNT-RK-9IN,"Paint Roller Kit 9""",Paint,4,0
2025-02-11,PNT-RK-9IN,"Paint Roller Kit 9""",Paint,3,0
2025-02-12,PNT-RK-9IN,"Paint Roller Kit 9""",Paint,2,0
2025-02-13,PNT-RK-9IN,"Paint Roller Kit 9""",Paint,3,0
2025-02-14,PNT-RK-9IN,"Paint Roller Kit 9""",Paint,4,0
2025-02-15,PNT-RK-9IN,"Paint Roller Kit 9""",Paint,3,0
2025-02-16,PNT-RK-9IN,"Paint Roller Kit 9""",Paint,2,0
2025-02-17,PNT-RK-9IN,"Paint Roller Kit 9""",Paint,2,0
2025-02-18,PNT-RK-9IN,"Paint Roller Kit 9""",Paint,6,0
2025-02-19,PNT-RK-9IN,"Paint Roller Kit 9""",Paint,3,0
2025-02-20,PNT-RK-9IN,"Paint Roller Kit 9""",Paint,5,0
2025-02-21,PNT-RK-9IN,"Paint Roller Kit 9""",Paint,2,0
2025-02-22,PNT-RK-9IN,"Paint Roller Kit 9""",Paint,7,0
2025-02-23,PNT-RK-9IN,"Paint Roller Kit 9""",Paint,4,0
2025-02-24,PNT-RK-9IN,"Paint Roller Kit 9""",Paint,1,0
2025-02-25,PNT-RK-9IN,"Paint Roller Kit 9""",Paint,5,0
2025-02-26,PNT-RK-9IN,"Paint Roller Kit 9""",Paint,3,0
2025-02-27,PNT-RK-9IN,"Paint Roller Kit 9""",Paint,4,0
2025-02-28,PNT-RK-9IN,"Paint Roller Kit 9""",Paint,5,0
2025-03-01,PNT-RK-9IN,"Paint Roller Kit 9""",Paint,4,0
2025-03-02,PNT-RK-9IN,"Paint Roller Kit 9""",Paint,2,0
2025-03-03,PNT-RK-9IN,"Paint Roller Kit 9""",Paint,5,0
2025-03-04,PNT-RK-9IN,"Paint Roller Kit 9""",Paint,6,0
2025-03-05,PNT-RK-9IN,"Paint Roller Kit 9""",Paint,6,0
2025-03-06,PNT-RK-9IN,"Paint Roller Kit 9""",Paint,5,0
2025-03-07,PNT-RK-9IN,"Paint Roller Kit 9""",Paint,0,0
2025-03-08,PNT-RK-9IN,"Paint Roller Kit 9""",Paint,7,0
2025-03-09,PNT-RK-9IN,"Paint Roller Kit 9""",Paint,5,0
2025-03-10,PNT-RK-9IN,"Paint Roller Kit 9""",Paint,9,0
2025-03-11,PNT-RK-9IN,"Paint Roller Kit 9""",Paint,4,0
2025-03-12,PNT-RK-9IN,"Paint Roller Kit 9""",Paint,5,0
2025-03-13,PNT-RK-9IN,"Paint Roller Kit 9""",Paint,3,0
2025-03-14,PNT-RK-9IN,"Paint Roller Kit 9""",Paint,2,0
2025-03-15,PNT-RK-9IN,"Paint Roller Kit 9""",Paint,8,0
2025-03-16,PNT-RK-9IN,"Paint Roller Kit 9""",Paint,5,0
2025-03-17,PNT-RK-9IN,"Paint Roller Kit 9""",Paint,5,0
2025-03-18,PNT-RK-9IN,"Paint Roller Kit 9""",Paint,8,0
2025-03-19,PNT-RK-9IN,"Paint Roller Kit 9""",Paint,4,0
2025-03-20,PNT-RK-9IN,"Paint Roller Kit 9""",Paint,5,0
2025-03-21,PNT-RK-9IN,"Paint Roller Kit 9""",Paint,1,0
2025-03-22,PNT-RK-9IN,"Paint Roller Kit 9""",Paint,5,0
2025-03-23,PNT-RK-9IN,"Paint Roller Kit 9""",Paint,6,0
2025-03-24,PNT-RK-9IN,"Paint Roller Kit 9""",Paint,2,0
2025-03-25,PNT-RK-9IN,"Paint Roller Kit 9""",Paint,5,0
2025-03-26,PNT-RK-9IN,"Paint Roller Kit 9""",Paint,3,0
2025-03-27,PNT-RK-9IN,"Paint Roller Kit 9""",Paint,3,0
2025-03-28,PNT-RK-9IN,"Paint Roller Kit 9""",Paint,1,0
2025-03-29,PNT-RK-9IN,"Paint Roller Kit 9""",Paint,9,0
2025-03-30,PNT-RK-9IN,"Paint Roller Kit 9""",Paint,1,0
2025-03-31,PNT-RK-9IN,"Paint Roller Kit 9""",Paint,5,0
2025-04-01,PNT-RK-9IN,"Paint Roller Kit 9""",Paint,10,0
2025-04-02,PNT-RK-9IN,"Paint Roller Kit 9""",Paint,5,0
2025-04-03,PNT-RK-9IN,"Paint Roller Kit 9""",Paint,9,0
2025-04-04,PNT-RK-9IN,"Paint Roller Kit 9""",Paint,4,0
2025-04-05,PNT-RK-9IN,"Paint Roller Kit 9""",Paint,5,0
2025-04-06,PNT-RK-9IN,"Paint Roller Kit 9""",Paint,6,0
2025-04-07,PNT-RK-9IN,"Paint Roller Kit 9""",Paint,4,0
2025-04-08,PNT-RK-9IN,"Paint Roller Kit 9""",Paint,3,0
2025-04-09,PNT-RK-9IN,"Paint Roller Kit 9""",Paint,2,0
2025-04-10,PNT-RK-9IN,"Paint Roller Kit 9""",Paint,5,0
2025-04-11,PNT-RK-9IN,"Paint Roller Kit 9""",Paint,9,0
2025-04-12,PNT-RK-9IN,"Paint Roller Kit 9""",Paint,7,0
2025-04-13,PNT-RK-9IN,"Paint Roller Kit 9""",Paint,8,0
2025-04-14,PNT-RK-9IN,"Paint Roller Kit 9""",Paint,5,0
2025-04-15,PNT-RK-9IN,"Paint Roller Kit 9""",Paint,0,0
2025-04-16,PNT-RK-9IN,"Paint Roller Kit 9""",Paint,0,0
2025-04-17,PNT-RK-9IN,"Paint Roller Kit 9""",Paint,4,0
2025-04-18,PNT-RK-9IN,"Paint Roller Kit 9""",Paint,3,0
2025-04-19,PNT-RK-9IN,"Paint Roller Kit 9""",Paint,6,0
2025-04-20,PNT-RK-9IN,"Paint Roller Kit 9""",Paint,2,0
2025-04-21,PNT-RK-9IN,"Paint Roller Kit 9""",Paint,4,0
2025-04-22,PNT-RK-9IN,"Paint Roller Kit 9""",Paint,4,0
2025-04-23,PNT-RK-9IN,"Paint Roller Kit 9""",Paint,7,0
2025-04-24,PNT-RK-9IN,"Paint Roller Kit 9""",Paint,3,0
2025-04-25,PNT-RK-9IN,"Paint Roller Kit 9""",Paint,8,0
2025-04-26,PNT-RK-9IN,"Paint Roller Kit 9""",Paint,5,0
2025-04-27,PNT-RK-9IN,"Paint Roller Kit 9""",Paint,0,0
2025-04-28,PNT-RK-9IN,"Paint Roller Kit 9""",Paint,2,0
2025-04-29,PNT-RK-9IN,"Paint Roller Kit 9""",Paint,6,0
2025-04-30,PNT-RK-9IN,"Paint Roller Kit 9""",Paint,4,0
2025-05-01,PNT-RK-9IN,"Paint Roller Kit 9""",Paint,0,0
2025-05-02,PNT-RK-9IN,"Paint Roller Kit 9""",Paint,5,0
2025-05-03,PNT-RK-9IN,"Paint Roller Kit 9""",Paint,8,0
2025-05-04,PNT-RK-9IN,"Paint Roller Kit 9""",Paint,7,0
2025-05-05,PNT-RK-9IN,"Paint Roller Kit 9""",Paint,0,0
2025-05-06,PNT-RK-9IN,"Paint Roller Kit 9""",Paint,5,0
2025-05-07,PNT-RK-9IN,"Paint Roller Kit 9""",Paint,3,0
2025-05-08,PNT-RK-9IN,"Paint Roller Kit 9""",Paint,8,0
2025-05-09,PNT-RK-9IN,"Paint Roller Kit 9""",Paint,9,0
2025-05-10,PNT-RK-9IN,"Paint Roller Kit 9""",Paint,6,0
2025-05-11,PNT-RK-9IN,"Paint Roller Kit 9""",Paint,3,0
2025-05-12,PNT-RK-9IN,"Paint Roller Kit 9""",Paint,0,0
2025-05-13,PNT-RK-9IN,"Paint Roller Kit 9""",Paint,6,0
2025-05-14,PNT-RK-9IN,"Paint Roller Kit 9""",Paint,6,0
2025-05-15,PNT-RK-9IN,"Paint Roller Kit 9""",Paint,4,0
2025-05-16,PNT-RK-9IN,"Paint Roller Kit 9""",Paint,0,0
2025-05-17,PNT-RK-9IN,"Paint Roller Kit 9""",Paint,3,0
2025-05-18,PNT-RK-9IN,"Paint Roller Kit 9""",Paint,10,0
2025-05-19,PNT-RK-9IN,"Paint Roller Kit 9""",Paint,2,0
2025-05-20,PNT-RK-9IN,"Paint Roller Kit 9""",Paint,2,0
2025-05-21,PNT-RK-9IN,"Paint Roller Kit 9""",Paint,1,0
2025-05-22,PNT-RK-9IN,"Paint Roller Kit 9""",Paint,6,0
2025-05-23,PNT-RK-9IN,"Paint Roller Kit 9""",Paint,3,0
2025-05-24,PNT-RK-9IN,"Paint Roller Kit 9""",Paint,8,0
2025-05-25,PNT-RK-9IN,"Paint Roller Kit 9""",Paint,7,0
2025-05-26,PNT-RK-9IN,"Paint Roller Kit 9""",Paint,2,0
2025-05-27,PNT-RK-9IN,"Paint Roller Kit 9""",Paint,2,0
2025-05-28,PNT-RK-9IN,"Paint Roller Kit 9""",Paint,5,0
2025-05-29,PNT-RK-9IN,"Paint Roller Kit 9""",Paint,6,0
2025-05-30,PNT-RK-9IN,"Paint Roller Kit 9""",Paint,6,0
2025-05-31,PNT-RK-9IN,"Paint Roller Kit 9""",Paint,5,0
2025-06-01,PNT-RK-9IN,"Paint Roller Kit 9""",Paint,6,0
2025-06-02,PNT-RK-9IN,"Paint Roller Kit 9""",Paint,3,0
2025-06-03,PNT-RK-9IN,"Paint Roller Kit 9""",Paint,11,0
2025-06-04,PNT-RK-9IN,"Paint Roller Kit 9""",Paint,7,0
2025-06-05,PNT-RK-9IN,"Paint Roller Kit 9""",Paint,3,0
2025-06-06,PNT-RK-9IN,"Paint Roller Kit 9""",Paint,3,0
2025-06-07,PNT-RK-9IN,"Paint Roller Kit 9""",Paint,2,0
2025-06-08,PNT-RK-9IN,"Paint Roller Kit 9""",Paint,6,0
2025-06-09,PNT-RK-9IN,"Paint Roller Kit 9""",Paint,5,0
2025-06-10,PNT-RK-9IN,"Paint Roller Kit 9""",Paint,10,0
2025-06-11,PNT-RK-9IN,"Paint Roller Kit 9""",Paint,4,0
2025-06-12,PNT-RK-9IN,"Paint Roller Kit 9""",Paint,10,0
2025-06-13,PNT-RK-9IN,"Paint Roller Kit 9""",Paint,7,0
2025-06-14,PNT-RK-9IN,"Paint Roller Kit 9""",Paint,9,0
2025-06-15,PNT-RK-9IN,"Paint Roller Kit 9""",Paint,0,0
2025-06-16,PNT-RK-9IN,"Paint Roller Kit 9""",Paint,1,0
2025-06-17,PNT-RK-9IN,"Paint Roller Kit 9""",Paint,2,0
2025-06-18,PNT-RK-9IN,"Paint Roller Kit 9""",Paint,4,0
2025-06-19,PNT-RK-9IN,"Paint Roller Kit 9""",Paint,0,0
2025-06-20,PNT-RK-9IN,"Paint Roller Kit 9""",Paint,1,0
2025-06-21,PNT-RK-9IN,"Paint Roller Kit 9""",Paint,7,0
2025-06-22,PNT-RK-9IN,"Paint Roller Kit 9""",Paint,4,0
2025-06-23,PNT-RK-9IN,"Paint Roller Kit 9""",Paint,5,0
2025-06-24,PNT-RK-9IN,"Paint Roller Kit 9""",Paint,4,0
2025-06-25,PNT-RK-9IN,"Paint Roller Kit 9""",Paint,8,0
2025-06-26,PNT-RK-9IN,"Paint Roller Kit 9""",Paint,8,0
2025-06-27,PNT-RK-9IN,"Paint Roller Kit 9""",Paint,8,0
2025-06-28,PNT-RK-9IN,"Paint Roller Kit 9""",Paint,7,0
2025-06-29,PNT-RK-9IN,"Paint Roller Kit 9""",Paint,0,0
2025-06-30,PNT-RK-9IN,"Paint Roller Kit 9""",Paint,0,0
2025-07-01,PNT-RK-9IN,"Paint Roller Kit 9""",Paint,4,0
2025-07-02,PNT-RK-9IN,"Paint Roller Kit 9""",Paint,2,0
2025-07-03,PNT-RK-9IN,"Paint Roller Kit 9""",Paint,0,0
2025-07-04,PNT-RK-9IN,"Paint Roller Kit 9""",Paint,4,0
2025-07-05,PNT-RK-9IN,"Paint Roller Kit 9""",Paint,7,0
2025-07-06,PNT-RK-9IN,"Paint Roller Kit 9""",Paint,8,0
2025-07-07,PNT-RK-9IN,"Paint Roller Kit 9""",Paint,6,0
2025-07-08,PNT-RK-9IN,"Paint Roller Kit 9""",Paint,7,0
2025-07-09,PNT-RK-9IN,"Paint Roller Kit 9""",Paint,8,0
2025-07-10,PNT-RK-9IN,"Paint Roller Kit 9""",Paint,7,0
2025-07-11,PNT-RK-9IN,"Paint Roller Kit 9""",Paint,2,0
2025-07-12,PNT-RK-9IN,"Paint Roller Kit 9""",Paint,6,0
2025-07-13,PNT-RK-9IN,"Paint Roller Kit 9""",Paint,7,0
2025-07-14,PNT-RK-9IN,"Paint Roller Kit 9""",Paint,6,0
2025-07-15,PNT-RK-9IN,"Paint Roller Kit 9""",Paint,5,0
2025-07-16,PNT-RK-9IN,"Paint Roller Kit 9""",Paint,3,0
2025-07-17,PNT-RK-9IN,"Paint Roller Kit 9""",Paint,2,0
2025-07-18,PNT-RK-9IN,"Paint Roller Kit 9""",Paint,2,0
2025-07-19,PNT-RK-9IN,"Paint Roller Kit 9""",Paint,3,0
2025-07-20,PNT-RK-9IN,"Paint Roller Kit 9""",Paint,0,0
2025-07-21,PNT-RK-9IN,"Paint Roller Kit 9""",Paint,5,0
2025-07-22,PNT-RK-9IN,"Paint Roller Kit 9""",Paint,3,0
2025-07-23,PNT-RK-9IN,"Paint Roller Kit 9""",Paint,7,0
2025-07-24,PNT-RK-9IN,"Paint Roller Kit 9""",Paint,3,0
2025-07-25,PNT-RK-9IN,"Paint Roller Kit 9""",Paint,7,0
2025-07-26,PNT-RK-9IN,"Paint Roller Kit 9""",Paint,3,0
2025-07-27,PNT-RK-9IN,"Paint Roller Kit 9""",Paint,6,0
2025-07-28,PNT-RK-9IN,"Paint Roller Kit 9""",Paint,3,0
2025-07-29,PNT-RK-9IN,"Paint Roller Kit 9""",Paint,5,0
2025-07-30,PNT-RK-9IN,"Paint Roller Kit 9""",Paint,4,0
2025-07-31,PNT-RK-9IN,"Paint Roller Kit 9""",Paint,5,0
2025-08-01,PNT-RK-9IN,"Paint Roller Kit 9""",Paint,3,0
2025-08-02,PNT-RK-9IN,"Paint Roller Kit 9""",Paint,4,0
2025-08-03,PNT-RK-9IN,"Paint Roller Kit 9""",Paint,10,0
2025-08-04,PNT-RK-9IN,"Paint Roller Kit 9""",Paint,7,0
2025-08-05,PNT-RK-9IN,"Paint Roller Kit 9""",Paint,6,0
2025-08-06,PNT-RK-9IN,"Paint Roller Kit 9""",Paint,4,0
2025-08-07,PNT-RK-9IN,"Paint Roller Kit 9""",Paint,2,0
2025-08-08,PNT-RK-9IN,"Paint Roller Kit 9""",Paint,5,0
2025-08-09,PNT-RK-9IN,"Paint Roller Kit 9""",Paint,7,0
2025-08-10,PNT-RK-9IN,"Paint Roller Kit 9""",Paint,7,0
2025-08-11,PNT-RK-9IN,"Paint Roller Kit 9""",Paint,7,0
2025-08-12,PNT-RK-9IN,"Paint Roller Kit 9""",Paint,3,0
2025-08-13,PNT-RK-9IN,"Paint Roller Kit 9""",Paint,2,0
2025-08-14,PNT-RK-9IN,"Paint Roller Kit 9""",Paint,5,0
2025-08-15,PNT-RK-9IN,"Paint Roller Kit 9""",Paint,3,0
2025-08-16,PNT-RK-9IN,"Paint Roller Kit 9""",Paint,10,0
2025-08-17,PNT-RK-9IN,"Paint Roller Kit 9""",Paint,0,0
2025-08-18,PNT-RK-9IN,"Paint Roller Kit 9""",Paint,6,0
2025-08-19,PNT-RK-9IN,"Paint Roller Kit 9""",Paint,4,0
2025-08-20,PNT-RK-9IN,"Paint Roller Kit 9""",Paint,11,1
2025-08-21,PNT-RK-9IN,"Paint Roller Kit 9""",Paint,6,0
2025-08-22,PNT-RK-9IN,"Paint Roller Kit 9""",Paint,7,0
2025-08-23,PNT-RK-9IN,"Paint Roller Kit 9""",Paint,13,0
2025-08-24,PNT-RK-9IN,"Paint Roller Kit 9""",Paint,8,0
2025-08-25,PNT-RK-9IN,"Paint Roller Kit 9""",Paint,4,0
2025-08-26,PNT-RK-9IN,"Paint Roller Kit 9""",Paint,5,0
2025-08-27,PNT-RK-9IN,"Paint Roller Kit 9""",Paint,6,0
2025-08-28,PNT-RK-9IN,"Paint Roller Kit 9""",Paint,10,0
2025-08-29,PNT-RK-9IN,"Paint Roller Kit 9""",Paint,4,0
2025-08-30,PNT-RK-9IN,"Paint Roller Kit 9""",Paint,6,0
2025-08-31,PNT-RK-9IN,"Paint Roller Kit 9""",Paint,0,1
2025-09-01,PNT-RK-9IN,"Paint Roller Kit 9""",Paint,3,0
2025-09-02,PNT-RK-9IN,"Paint Roller Kit 9""",Paint,6,0
2025-09-03,PNT-RK-9IN,"Paint Roller Kit 9""",Paint,6,0
2025-09-04,PNT-RK-9IN,"Paint Roller Kit 9""",Paint,3,0
2025-09-05,PNT-RK-9IN,"Paint Roller Kit 9""",Paint,6,0
2025-09-06,PNT-RK-9IN,"Paint Roller Kit 9""",Paint,6,0
2025-09-07,PNT-RK-9IN,"Paint Roller Kit 9""",Paint,5,0
2025-09-08,PNT-RK-9IN,"Paint Roller Kit 9""",Paint,5,0
2025-09-09,PNT-RK-9IN,"Paint Roller Kit 9""",Paint,6,0
2025-09-10,PNT-RK-9IN,"Paint Roller Kit 9""",Paint,1,0
2025-09-11,PNT-RK-9IN,"Paint Roller Kit 9""",Paint,3,0
2025-09-12,PNT-RK-9IN,"Paint Roller Kit 9""",Paint,0,0
2025-09-13,PNT-RK-9IN,"Paint Roller Kit 9""",Paint,4,0
2025-09-14,PNT-RK-9IN,"Paint Roller Kit 9""",Paint,4,0
2025-09-15,PNT-RK-9IN,"Paint Roller Kit 9""",Paint,4,0
2025-09-16,PNT-RK-9IN,"Paint Roller Kit 9""",Paint,1,0
2025-09-17,PNT-RK-9IN,"Paint Roller Kit 9""",Paint,6,0
2025-09-18,PNT-RK-9IN,"Paint Roller Kit 9""",Paint,6,0
2025-09-19,PNT-RK-9IN,"Paint Roller Kit 9""",Paint,3,0
2025-09-20,PNT-RK-9IN,"Paint Roller Kit 9""",Paint,5,0
2025-09-21,PNT-RK-9IN,"Paint Roller Kit 9""",Paint,5,0
2025-09-22,PNT-RK-9IN,"Paint Roller Kit 9""",Paint,7,0
2025-09-23,PNT-RK-9IN,"Paint Roller Kit 9""",Paint,6,0
2025-09-24,PNT-RK-9IN,"Paint Roller Kit 9""",Paint,3,0
2025-09-25,PNT-RK-9IN,"Paint Roller Kit 9""",Paint,11,1
2025-09-26,PNT-RK-9IN,"Paint Roller Kit 9""",Paint,5,0
2025-09-27,PNT-RK-9IN,"Paint Roller Kit 9""",Paint,9,0
2025-09-28,PNT-RK-9IN,"Paint Roller Kit 9""",Paint,5,0
2025-09-29,PNT-RK-9IN,"Paint Roller Kit 9""",Paint,4,0
2025-09-30,PNT-RK-9IN,"Paint Roller Kit 9""",Paint,6,0
2025-10-01,PNT-RK-9IN,"Paint Roller Kit 9""",Paint,3,0
2025-10-02,PNT-RK-9IN,"Paint Roller Kit 9""",Paint,4,0
2025-10-03,PNT-RK-9IN,"Paint Roller Kit 9""",Paint,2,0
2025-10-04,PNT-RK-9IN,"Paint Roller Kit 9""",Paint,11,0
2025-10-05,PNT-RK-9IN,"Paint Roller Kit 9""",Paint,6,0
2025-10-06,PNT-RK-9IN,"Paint Roller Kit 9""",Paint,6,0
2025-10-07,PNT-RK-9IN,"Paint Roller Kit 9""",Paint,8,0
2025-10-08,PNT-RK-9IN,"Paint Roller Kit 9""",Paint,6,0
2025-10-09,PNT-RK-9IN,"Paint Roller Kit 9""",Paint,0,0
2025-10-10,PNT-RK-9IN,"Paint Roller Kit 9""",Paint,3,0
2025-10-11,PNT-RK-9IN,"Paint Roller Kit 9""",Paint,5,0
2025-10-12,PNT-RK-9IN,"Paint Roller Kit 9""",Paint,8,0
2025-10-13,PNT-RK-9IN,"Paint Roller Kit 9""",Paint,3,0
2025-10-14,PNT-RK-9IN,"Paint Roller Kit 9""",Paint,2,0
2025-10-15,PNT-RK-9IN,"Paint Roller Kit 9""",Paint,5,0
2025-10-16,PNT-RK-9IN,"Paint Roller Kit 9""",Paint,1,0
2025-10-17,PNT-RK-9IN,"Paint Roller Kit 9""",Paint,5,0
2025-10-18,PNT-RK-9IN,"Paint Roller Kit 9""",Paint,0,0
2025-10-19,PNT-RK-9IN,"Paint Roller Kit 9""",Paint,6,0
2025-10-20,PNT-RK-9IN,"Paint Roller Kit 9""",Paint,5,0
2025-10-21,PNT-RK-9IN,"Paint Roller Kit 9""",Paint,2,0
2025-10-22,PNT-RK-9IN,"Paint Roller Kit 9""",Paint,1,0
2025-10-23,PNT-RK-9IN,"Paint Roller Kit 9""",Paint,3,0
2025-10-24,PNT-RK-9IN,"Paint Roller Kit 9""",Paint,4,0
2025-10-25,PNT-RK-9IN,"Paint Roller Kit 9""",Paint,1,0
2025-10-26,PNT-RK-9IN,"Paint Roller Kit 9""",Paint,2,0
2025-10-27,PNT-RK-9IN,"Paint Roller Kit 9""",Paint,0,0
2025-10-28,PNT-RK-9IN,"Paint Roller Kit 9""",Paint,6,0
2025-10-29,PNT-RK-9IN,"Paint Roller Kit 9""",Paint,2,0
2025-10-30,PNT-RK-9IN,"Paint Roller Kit 9""",Paint,2,0
2025-10-31,PNT-RK-9IN,"Paint Roller Kit 9""",Paint,0,0
2025-11-01,PNT-RK-9IN,"Paint Roller Kit 9""",Paint,6,0
2025-11-02,PNT-RK-9IN,"Paint Roller Kit 9""",Paint,8,0
2025-11-03,PNT-RK-9IN,"Paint Roller Kit 9""",Paint,0,0
2025-11-04,PNT-RK-9IN,"Paint Roller Kit 9""",Paint,3,0
2025-11-05,PNT-RK-9IN,"Paint Roller Kit 9""",Paint,6,0
2025-11-06,PNT-RK-9IN,"Paint Roller Kit 9""",Paint,3,0
2025-11-07,PNT-RK-9IN,"Paint Roller Kit 9""",Paint,4,0
2025-11-08,PNT-RK-9IN,"Paint Roller Kit 9""",Paint,2,0
2025-11-09,PNT-RK-9IN,"Paint Roller Kit 9""",Paint,5,0
2025-11-10,PNT-RK-9IN,"Paint Roller Kit 9""",Paint,3,0
2025-11-11,PNT-RK-9IN,"Paint Roller Kit 9""",Paint,0,0
2025-11-12,PNT-RK-9IN,"Paint Roller Kit 9""",Paint,3,0
2025-11-13,PNT-RK-9IN,"Paint Roller Kit 9""",Paint,5,0
2025-11-14,PNT-RK-9IN,"Paint Roller Kit 9""",Paint,0,0
2025-11-15,PNT-RK-9IN,"Paint Roller Kit 9""",Paint,4,0
2025-11-16,PNT-RK-9IN,"Paint Roller Kit 9""",Paint,5,0
2025-11-17,PNT-RK-9IN,"Paint Roller Kit 9""",Paint,0,0
2025-11-18,PNT-RK-9IN,"Paint Roller Kit 9""",Paint,3,0
2025-11-19,PNT-RK-9IN,"Paint Roller Kit 9""",Paint,0,0
2025-11-20,PNT-RK-9IN,"Paint Roller Kit 9""",Paint,5,0
2025-11-21,PNT-RK-9IN,"Paint Roller Kit 9""",Paint,3,0
2025-11-22,PNT-RK-9IN,"Paint Roller Kit 9""",Paint,5,0
2025-11-23,PNT-RK-9IN,"Paint Roller Kit 9""",Paint,7,0
2025-11-24,PNT-RK-9IN,"Paint Roller Kit 9""",Paint,4,0
2025-11-25,PNT-RK-9IN,"Paint Roller Kit 9""",Paint,5,0
2025-11-26,PNT-RK-9IN,"Paint Roller Kit 9""",Paint,2,0
2025-11-27,PNT-RK-9IN,"Paint Roller Kit 9""",Paint,5,0
2025-11-28,PNT-RK-9IN,"Paint Roller Kit 9""",Paint,0,0
2025-11-29,PNT-RK-9IN,"Paint Roller Kit 9""",Paint,4,0
2025-11-30,PNT-RK-9IN,"Paint Roller Kit 9""",Paint,11,0
2025-12-01,PNT-RK-9IN,"Paint Roller Kit 9""",Paint,3,0
2025-12-02,PNT-RK-9IN,"Paint Roller Kit 9""",Paint,5,0
2025-12-03,PNT-RK-9IN,"Paint Roller Kit 9""",Paint,2,0
2025-12-04,PNT-RK-9IN,"Paint Roller Kit 9""",Paint,5,0
2025-12-05,PNT-RK-9IN,"Paint Roller Kit 9""",Paint,3,0
2025-12-06,PNT-RK-9IN,"Paint Roller Kit 9""",Paint,6,0
2025-12-07,PNT-RK-9IN,"Paint Roller Kit 9""",Paint,4,0
2025-12-08,PNT-RK-9IN,"Paint Roller Kit 9""",Paint,3,0
2025-12-09,PNT-RK-9IN,"Paint Roller Kit 9""",Paint,4,0
2025-12-10,PNT-RK-9IN,"Paint Roller Kit 9""",Paint,5,0
2025-12-11,PNT-RK-9IN,"Paint Roller Kit 9""",Paint,3,0
2025-12-12,PNT-RK-9IN,"Paint Roller Kit 9""",Paint,7,0
2025-12-13,PNT-RK-9IN,"Paint Roller Kit 9""",Paint,0,0
2025-12-14,PNT-RK-9IN,"Paint Roller Kit 9""",Paint,2,0
2025-12-15,PNT-RK-9IN,"Paint Roller Kit 9""",Paint,2,0
2025-12-16,PNT-RK-9IN,"Paint Roller Kit 9""",Paint,0,0
2025-12-17,PNT-RK-9IN,"Paint Roller Kit 9""",Paint,7,0
2025-12-18,PNT-RK-9IN,"Paint Roller Kit 9""",Paint,4,0
2025-12-19,PNT-RK-9IN,"Paint Roller Kit 9""",Paint,5,0
2025-12-20,PNT-RK-9IN,"Paint Roller Kit 9""",Paint,8,0
2025-12-21,PNT-RK-9IN,"Paint Roller Kit 9""",Paint,1,0
2025-12-22,PNT-RK-9IN,"Paint Roller Kit 9""",Paint,4,0
2025-12-23,PNT-RK-9IN,"Paint Roller Kit 9""",Paint,2,0
2025-12-24,PNT-RK-9IN,"Paint Roller Kit 9""",Paint,4,0
2025-12-25,PNT-RK-9IN,"Paint Roller Kit 9""",Paint,4,0
2025-12-26,PNT-RK-9IN,"Paint Roller Kit 9""",Paint,2,0
2025-12-27,PNT-RK-9IN,"Paint Roller Kit 9""",Paint,8,0
2025-12-28,PNT-RK-9IN,"Paint Roller Kit 9""",Paint,6,0
2025-12-29,PNT-RK-9IN,"Paint Roller Kit 9""",Paint,3,0
2025-12-30,PNT-RK-9IN,"Paint Roller Kit 9""",Paint,2,0
2025-12-31,PNT-RK-9IN,"Paint Roller Kit 9""",Paint,3,0
2026-01-01,PNT-RK-9IN,"Paint Roller Kit 9""",Paint,0,0
2026-01-02,PNT-RK-9IN,"Paint Roller Kit 9""",Paint,5,0
2026-01-03,PNT-RK-9IN,"Paint Roller Kit 9""",Paint,7,0
2026-01-04,PNT-RK-9IN,"Paint Roller Kit 9""",Paint,3,0
2026-01-05,PNT-RK-9IN,"Paint Roller Kit 9""",Paint,6,0
2026-01-06,PNT-RK-9IN,"Paint Roller Kit 9""",Paint,4,0
2026-01-07,PNT-RK-9IN,"Paint Roller Kit 9""",Paint,3,0
2026-01-08,PNT-RK-9IN,"Paint Roller Kit 9""",Paint,5,0
2026-01-09,PNT-RK-9IN,"Paint Roller Kit 9""",Paint,4,0
2026-01-10,PNT-RK-9IN,"Paint Roller Kit 9""",Paint,4,0
2026-01-11,PNT-RK-9IN,"Paint Roller Kit 9""",Paint,1,0
2026-01-12,PNT-RK-9IN,"Paint Roller Kit 9""",Paint,0,0
2026-01-13,PNT-RK-9IN,"Paint Roller Kit 9""",Paint,3,0
2026-01-14,PNT-RK-9IN,"Paint Roller Kit 9""",Paint,3,0
2026-01-15,PNT-RK-9IN,"Paint Roller Kit 9""",Paint,5,0
2026-01-16,PNT-RK-9IN,"Paint Roller Kit 9""",Paint,4,0
2026-01-17,PNT-RK-9IN,"Paint Roller Kit 9""",Paint,15,1
2026-01-18,PNT-RK-9IN,"Paint Roller Kit 9""",Paint,6,0
2026-01-19,PNT-RK-9IN,"Paint Roller Kit 9""",Paint,3,0
2026-01-20,PNT-RK-9IN,"Paint Roller Kit 9""",Paint,2,0
2026-01-21,PNT-RK-9IN,"Paint Roller Kit 9""",Paint,2,0
2026-01-22,PNT-RK-9IN,"Paint Roller Kit 9""",Paint,0,0
2026-01-23,PNT-RK-9IN,"Paint Roller Kit 9""",Paint,6,0
2026-01-24,PNT-RK-9IN,"Paint Roller Kit 9""",Paint,3,0
2026-01-25,PNT-RK-9IN,"Paint Roller Kit 9""",Paint,5,0
2026-01-26,PNT-RK-9IN,"Paint Roller Kit 9""",Paint,1,0
2026-01-27,PNT-RK-9IN,"Paint Roller Kit 9""",Paint,4,0
2026-01-28,PNT-RK-9IN,"Paint Roller Kit 9""",Paint,3,0
2026-01-29,PNT-RK-9IN,"Paint Roller Kit 9""",Paint,7,0
2026-01-30,PNT-RK-9IN,"Paint Roller Kit 9""",Paint,5,0
2026-01-31,PNT-RK-9IN,"Paint Roller Kit 9""",Paint,5,0
2026-02-01,PNT-RK-9IN,"Paint Roller Kit 9""",Paint,3,0
2026-02-02,PNT-RK-9IN,"Paint Roller Kit 9""",Paint,3,0
2026-02-03,PNT-RK-9IN,"Paint Roller Kit 9""",Paint,0,0
2026-02-04,PNT-RK-9IN,"Paint Roller Kit 9""",Paint,5,0
2026-02-05,PNT-RK-9IN,"Paint Roller Kit 9""",Paint,5,0
2026-02-06,PNT-RK-9IN,"Paint Roller Kit 9""",Paint,4,0
2026-02-07,PNT-RK-9IN,"Paint Roller Kit 9""",Paint,3,0
2026-02-08,PNT-RK-9IN,"Paint Roller Kit 9""",Paint,3,0
2026-02-09,PNT-RK-9IN,"Paint Roller Kit 9""",Paint,4,0
2026-02-10,PNT-RK-9IN,"Paint Roller Kit 9""",Paint,5,0
2026-02-11,PNT-RK-9IN,"Paint Roller Kit 9""",Paint,4,0
2026-02-12,PNT-RK-9IN,"Paint Roller Kit 9""",Paint,7,0
2026-02-13,PNT-RK-9IN,"Paint Roller Kit 9""",Paint,0,0
2026-02-14,PNT-RK-9IN,"Paint Roller Kit 9""",Paint,0,0
2026-02-15,PNT-RK-9IN,"Paint Roller Kit 9""",Paint,4,0
2026-02-16,PNT-RK-9IN,"Paint Roller Kit 9""",Paint,2,0
2026-02-17,PNT-RK-9IN,"Paint Roller Kit 9""",Paint,5,0
2026-02-18,PNT-RK-9IN,"Paint Roller Kit 9""",Paint,2,0
2026-02-19,PNT-RK-9IN,"Paint Roller Kit 9""",Paint,4,0
2026-02-20,PNT-RK-9IN,"Paint Roller Kit 9""",Paint,7,0
2026-02-21,PNT-RK-9IN,"Paint Roller Kit 9""",Paint,12,0
2026-02-22,PNT-RK-9IN,"Paint Roller Kit 9""",Paint,8,0
2026-02-23,PNT-RK-9IN,"Paint Roller Kit 9""",Paint,3,0
2026-02-24,PNT-RK-9IN,"Paint Roller Kit 9""",Paint,3,0
2026-02-25,PNT-RK-9IN,"Paint Roller Kit 9""",Paint,2,0
2026-02-26,PNT-RK-9IN,"Paint Roller Kit 9""",Paint,5,0
2026-02-27,PNT-RK-9IN,"Paint Roller Kit 9""",Paint,7,0
2026-02-28,PNT-RK-9IN,"Paint Roller Kit 9""",Paint,5,0
2026-03-01,PNT-RK-9IN,"Paint Roller Kit 9""",Paint,3,0
2026-03-02,PNT-RK-9IN,"Paint Roller Kit 9""",Paint,5,0
2026-03-03,PNT-RK-9IN,"Paint Roller Kit 9""",Paint,5,0
2026-03-04,PNT-RK-9IN,"Paint Roller Kit 9""",Paint,5,0
2026-03-05,PNT-RK-9IN,"Paint Roller Kit 9""",Paint,7,0
2026-03-06,PNT-RK-9IN,"Paint Roller Kit 9""",Paint,7,0
2026-03-07,PNT-RK-9IN,"Paint Roller Kit 9""",Paint,12,0
2026-03-08,PNT-RK-9IN,"Paint Roller Kit 9""",Paint,6,0
2026-03-09,PNT-RK-9IN,"Paint Roller Kit 9""",Paint,5,0
2026-03-10,PNT-RK-9IN,"Paint Roller Kit 9""",Paint,5,0
2026-03-11,PNT-RK-9IN,"Paint Roller Kit 9""",Paint,8,0
2026-03-12,PNT-RK-9IN,"Paint Roller Kit 9""",Paint,4,0
2026-03-13,PNT-RK-9IN,"Paint Roller Kit 9""",Paint,2,0
2026-03-14,PNT-RK-9IN,"Paint Roller Kit 9""",Paint,5,0
2026-03-15,PNT-RK-9IN,"Paint Roller Kit 9""",Paint,6,0
2026-03-16,PNT-RK-9IN,"Paint Roller Kit 9""",Paint,7,0
2026-03-17,PNT-RK-9IN,"Paint Roller Kit 9""",Paint,4,0
2026-03-18,PNT-RK-9IN,"Paint Roller Kit 9""",Paint,3,0
2026-03-19,PNT-RK-9IN,"Paint Roller Kit 9""",Paint,5,0
2026-03-20,PNT-RK-9IN,"Paint Roller Kit 9""",Paint,7,0
2026-03-21,PNT-RK-9IN,"Paint Roller Kit 9""",Paint,0,0
2026-03-22,PNT-RK-9IN,"Paint Roller Kit 9""",Paint,9,0
2026-03-23,PNT-RK-9IN,"Paint Roller Kit 9""",Paint,4,0
2026-03-24,PNT-RK-9IN,"Paint Roller Kit 9""",Paint,3,0
2026-03-25,PNT-RK-9IN,"Paint Roller Kit 9""",Paint,1,0
2026-03-26,PNT-RK-9IN,"Paint Roller Kit 9""",Paint,8,0
2026-03-27,PNT-RK-9IN,"Paint Roller Kit 9""",Paint,0,0
2026-03-28,PNT-RK-9IN,"Paint Roller Kit 9""",Paint,9,0
2026-03-29,PNT-RK-9IN,"Paint Roller Kit 9""",Paint,8,0
2026-03-30,PNT-RK-9IN,"Paint Roller Kit 9""",Paint,4,0
2026-03-31,PNT-RK-9IN,"Paint Roller Kit 9""",Paint,8,0
2026-04-01,PNT-RK-9IN,"Paint Roller Kit 9""",Paint,3,0
2026-04-02,PNT-RK-9IN,"Paint Roller Kit 9""",Paint,3,0
2026-04-03,PNT-RK-9IN,"Paint Roller Kit 9""",Paint,5,0
2026-04-04,PNT-RK-9IN,"Paint Roller Kit 9""",Paint,8,0
2026-04-05,PNT-RK-9IN,"Paint Roller Kit 9""",Paint,1,0
2026-04-06,PNT-RK-9IN,"Paint Roller Kit 9""",Paint,0,0
2026-04-07,PNT-RK-9IN,"Paint Roller Kit 9""",Paint,3,0
2026-04-08,PNT-RK-9IN,"Paint Roller Kit 9""",Paint,7,0
2026-04-09,PNT-RK-9IN,"Paint Roller Kit 9""",Paint,7,0
2026-04-10,PNT-RK-9IN,"Paint Roller Kit 9""",Paint,7,0
2026-04-11,PNT-RK-9IN,"Paint Roller Kit 9""",Paint,8,0
2026-04-12,PNT-RK-9IN,"Paint Roller Kit 9""",Paint,7,0
2026-04-13,PNT-RK-9IN,"Paint Roller Kit 9""",Paint,12,1
2026-04-14,PNT-RK-9IN,"Paint Roller Kit 9""",Paint,3,0
2026-04-15,PNT-RK-9IN,"Paint Roller Kit 9""",Paint,9,0
2026-04-16,PNT-RK-9IN,"Paint Roller Kit 9""",Paint,7,0
2026-04-17,PNT-RK-9IN,"Paint Roller Kit 9""",Paint,4,0
2026-04-18,PNT-RK-9IN,"Paint Roller Kit 9""",Paint,6,0
2026-04-19,PNT-RK-9IN,"Paint Roller Kit 9""",Paint,5,0
2026-04-20,PNT-RK-9IN,"Paint Roller Kit 9""",Paint,4,0
2026-04-21,PNT-RK-9IN,"Paint Roller Kit 9""",Paint,3,0
2026-04-22,PNT-RK-9IN,"Paint Roller Kit 9""",Paint,7,0
2026-04-23,PNT-RK-9IN,"Paint Roller Kit 9""",Paint,6,0
2026-04-24,PNT-RK-9IN,"Paint Roller Kit 9""",Paint,4,0
2026-04-25,PNT-RK-9IN,"Paint Roller Kit 9""",Paint,11,0
2026-04-26,PNT-RK-9IN,"Paint Roller Kit 9""",Paint,5,0
2026-04-27,PNT-RK-9IN,"Paint Roller Kit 9""",Paint,5,0
2026-04-28,PNT-RK-9IN,"Paint Roller Kit 9""",Paint,11,0
2026-04-29,PNT-RK-9IN,"Paint Roller Kit 9""",Paint,5,0
2026-04-30,PNT-RK-9IN,"Paint Roller Kit 9""",Paint,0,0
2026-05-01,PNT-RK-9IN,"Paint Roller Kit 9""",Paint,3,0
2026-05-02,PNT-RK-9IN,"Paint Roller Kit 9""",Paint,8,0
2026-05-03,PNT-RK-9IN,"Paint Roller Kit 9""",Paint,6,0
2026-05-04,PNT-RK-9IN,"Paint Roller Kit 9""",Paint,5,0
2026-05-05,PNT-RK-9IN,"Paint Roller Kit 9""",Paint,4,0
2026-05-06,PNT-RK-9IN,"Paint Roller Kit 9""",Paint,3,0
2026-05-07,PNT-RK-9IN,"Paint Roller Kit 9""",Paint,5,0
2026-05-08,PNT-RK-9IN,"Paint Roller Kit 9""",Paint,3,0
2026-05-09,PNT-RK-9IN,"Paint Roller Kit 9""",Paint,3,0
2026-05-10,PNT-RK-9IN,"Paint Roller Kit 9""",Paint,5,0
2026-05-11,PNT-RK-9IN,"Paint Roller Kit 9""",Paint,7,0
2026-05-12,PNT-RK-9IN,"Paint Roller Kit 9""",Paint,4,0
2026-05-13,PNT-RK-9IN,"Paint Roller Kit 9""",Paint,2,0
2026-05-14,PNT-RK-9IN,"Paint Roller Kit 9""",Paint,5,0
2026-05-15,PNT-RK-9IN,"Paint Roller Kit 9""",Paint,0,0
2024-11-22,LMB-2x4-8,2x4x8 Lumber (Pine),Lumber,2,0
2024-11-23,LMB-2x4-8,2x4x8 Lumber (Pine),Lumber,0,0
2024-11-24,LMB-2x4-8,2x4x8 Lumber (Pine),Lumber,2,0
2024-11-25,LMB-2x4-8,2x4x8 Lumber (Pine),Lumber,4,0
2024-11-26,LMB-2x4-8,2x4x8 Lumber (Pine),Lumber,4,0
2024-11-27,LMB-2x4-8,2x4x8 Lumber (Pine),Lumber,3,0
2024-11-28,LMB-2x4-8,2x4x8 Lumber (Pine),Lumber,1,0
2024-11-29,LMB-2x4-8,2x4x8 Lumber (Pine),Lumber,0,0
2024-11-30,LMB-2x4-8,2x4x8 Lumber (Pine),Lumber,9,0
2024-12-01,LMB-2x4-8,2x4x8 Lumber (Pine),Lumber,7,0
2024-12-02,LMB-2x4-8,2x4x8 Lumber (Pine),Lumber,6,0
2024-12-03,LMB-2x4-8,2x4x8 Lumber (Pine),Lumber,6,0
2024-12-04,LMB-2x4-8,2x4x8 Lumber (Pine),Lumber,3,0
2024-12-05,LMB-2x4-8,2x4x8 Lumber (Pine),Lumber,2,0
2024-12-06,LMB-2x4-8,2x4x8 Lumber (Pine),Lumber,3,0
2024-12-07,LMB-2x4-8,2x4x8 Lumber (Pine),Lumber,3,0
2024-12-08,LMB-2x4-8,2x4x8 Lumber (Pine),Lumber,1,0
2024-12-09,LMB-2x4-8,2x4x8 Lumber (Pine),Lumber,3,0
2024-12-10,LMB-2x4-8,2x4x8 Lumber (Pine),Lumber,4,0
2024-12-11,LMB-2x4-8,2x4x8 Lumber (Pine),Lumber,1,0
2024-12-12,LMB-2x4-8,2x4x8 Lumber (Pine),Lumber,5,0
2024-12-13,LMB-2x4-8,2x4x8 Lumber (Pine),Lumber,1,0
2024-12-14,LMB-2x4-8,2x4x8 Lumber (Pine),Lumber,6,0
2024-12-15,LMB-2x4-8,2x4x8 Lumber (Pine),Lumber,5,0
2024-12-16,LMB-2x4-8,2x4x8 Lumber (Pine),Lumber,5,0
2024-12-17,LMB-2x4-8,2x4x8 Lumber (Pine),Lumber,3,0
2024-12-18,LMB-2x4-8,2x4x8 Lumber (Pine),Lumber,6,0
2024-12-19,LMB-2x4-8,2x4x8 Lumber (Pine),Lumber,4,0
2024-12-20,LMB-2x4-8,2x4x8 Lumber (Pine),Lumber,4,0
2024-12-21,LMB-2x4-8,2x4x8 Lumber (Pine),Lumber,6,0
2024-12-22,LMB-2x4-8,2x4x8 Lumber (Pine),Lumber,5,0
2024-12-23,LMB-2x4-8,2x4x8 Lumber (Pine),Lumber,2,0
2024-12-24,LMB-2x4-8,2x4x8 Lumber (Pine),Lumber,0,0
2024-12-25,LMB-2x4-8,2x4x8 Lumber (Pine),Lumber,2,0
2024-12-26,LMB-2x4-8,2x4x8 Lumber (Pine),Lumber,5,0
2024-12-27,LMB-2x4-8,2x4x8 Lumber (Pine),Lumber,6,0
2024-12-28,LMB-2x4-8,2x4x8 Lumber (Pine),Lumber,2,0
2024-12-29,LMB-2x4-8,2x4x8 Lumber (Pine),Lumber,9,0
2024-12-30,LMB-2x4-8,2x4x8 Lumber (Pine),Lumber,4,0
2024-12-31,LMB-2x4-8,2x4x8 Lumber (Pine),Lumber,3,0
2025-01-01,LMB-2x4-8,2x4x8 Lumber (Pine),Lumber,5,0
2025-01-02,LMB-2x4-8,2x4x8 Lumber (Pine),Lumber,1,0
2025-01-03,LMB-2x4-8,2x4x8 Lumber (Pine),Lumber,4,0
2025-01-04,LMB-2x4-8,2x4x8 Lumber (Pine),Lumber,4,0
2025-01-05,LMB-2x4-8,2x4x8 Lumber (Pine),Lumber,4,0
2025-01-06,LMB-2x4-8,2x4x8 Lumber (Pine),Lumber,5,0
2025-01-07,LMB-2x4-8,2x4x8 Lumber (Pine),Lumber,3,0
2025-01-08,LMB-2x4-8,2x4x8 Lumber (Pine),Lumber,0,0
2025-01-09,LMB-2x4-8,2x4x8 Lumber (Pine),Lumber,0,0
2025-01-10,LMB-2x4-8,2x4x8 Lumber (Pine),Lumber,3,0
2025-01-11,LMB-2x4-8,2x4x8 Lumber (Pine),Lumber,3,0
2025-01-12,LMB-2x4-8,2x4x8 Lumber (Pine),Lumber,5,0
2025-01-13,LMB-2x4-8,2x4x8 Lumber (Pine),Lumber,6,0
2025-01-14,LMB-2x4-8,2x4x8 Lumber (Pine),Lumber,4,0
2025-01-15,LMB-2x4-8,2x4x8 Lumber (Pine),Lumber,8,0
2025-01-16,LMB-2x4-8,2x4x8 Lumber (Pine),Lumber,2,0
2025-01-17,LMB-2x4-8,2x4x8 Lumber (Pine),Lumber,1,0
2025-01-18,LMB-2x4-8,2x4x8 Lumber (Pine),Lumber,5,0
2025-01-19,LMB-2x4-8,2x4x8 Lumber (Pine),Lumber,1,0
2025-01-20,LMB-2x4-8,2x4x8 Lumber (Pine),Lumber,4,0
2025-01-21,LMB-2x4-8,2x4x8 Lumber (Pine),Lumber,4,0
2025-01-22,LMB-2x4-8,2x4x8 Lumber (Pine),Lumber,1,0
2025-01-23,LMB-2x4-8,2x4x8 Lumber (Pine),Lumber,3,0
2025-01-24,LMB-2x4-8,2x4x8 Lumber (Pine),Lumber,2,0
2025-01-25,LMB-2x4-8,2x4x8 Lumber (Pine),Lumber,8,0
2025-01-26,LMB-2x4-8,2x4x8 Lumber (Pine),Lumber,2,0
2025-01-27,LMB-2x4-8,2x4x8 Lumber (Pine),Lumber,3,0
2025-01-28,LMB-2x4-8,2x4x8 Lumber (Pine),Lumber,3,0
2025-01-29,LMB-2x4-8,2x4x8 Lumber (Pine),Lumber,7,0
2025-01-30,LMB-2x4-8,2x4x8 Lumber (Pine),Lumber,2,0
2025-01-31,LMB-2x4-8,2x4x8 Lumber (Pine),Lumber,2,0
2025-02-01,LMB-2x4-8,2x4x8 Lumber (Pine),Lumber,10,1
2025-02-02,LMB-2x4-8,2x4x8 Lumber (Pine),Lumber,5,0
2025-02-03,LMB-2x4-8,2x4x8 Lumber (Pine),Lumber,6,0
2025-02-04,LMB-2x4-8,2x4x8 Lumber (Pine),Lumber,3,0
2025-02-05,LMB-2x4-8,2x4x8 Lumber (Pine),Lumber,4,0
2025-02-06,LMB-2x4-8,2x4x8 Lumber (Pine),Lumber,4,0
2025-02-07,LMB-2x4-8,2x4x8 Lumber (Pine),Lumber,5,0
2025-02-08,LMB-2x4-8,2x4x8 Lumber (Pine),Lumber,5,0
2025-02-09,LMB-2x4-8,2x4x8 Lumber (Pine),Lumber,8,0
2025-02-10,LMB-2x4-8,2x4x8 Lumber (Pine),Lumber,0,0
2025-02-11,LMB-2x4-8,2x4x8 Lumber (Pine),Lumber,6,0
2025-02-12,LMB-2x4-8,2x4x8 Lumber (Pine),Lumber,0,0
2025-02-13,LMB-2x4-8,2x4x8 Lumber (Pine),Lumber,1,0
2025-02-14,LMB-2x4-8,2x4x8 Lumber (Pine),Lumber,1,0
2025-02-15,LMB-2x4-8,2x4x8 Lumber (Pine),Lumber,4,0
2025-02-16,LMB-2x4-8,2x4x8 Lumber (Pine),Lumber,5,0
2025-02-17,LMB-2x4-8,2x4x8 Lumber (Pine),Lumber,0,0
2025-02-18,LMB-2x4-8,2x4x8 Lumber (Pine),Lumber,0,0
2025-02-19,LMB-2x4-8,2x4x8 Lumber (Pine),Lumber,3,0
2025-02-20,LMB-2x4-8,2x4x8 Lumber (Pine),Lumber,2,0
2025-02-21,LMB-2x4-8,2x4x8 Lumber (Pine),Lumber,7,0
2025-02-22,LMB-2x4-8,2x4x8 Lumber (Pine),Lumber,3,0
2025-02-23,LMB-2x4-8,2x4x8 Lumber (Pine),Lumber,5,0
2025-02-24,LMB-2x4-8,2x4x8 Lumber (Pine),Lumber,2,0
2025-02-25,LMB-2x4-8,2x4x8 Lumber (Pine),Lumber,2,0
2025-02-26,LMB-2x4-8,2x4x8 Lumber (Pine),Lumber,4,0
2025-02-27,LMB-2x4-8,2x4x8 Lumber (Pine),Lumber,4,0
2025-02-28,LMB-2x4-8,2x4x8 Lumber (Pine),Lumber,1,0
2025-03-01,LMB-2x4-8,2x4x8 Lumber (Pine),Lumber,4,0
2025-03-02,LMB-2x4-8,2x4x8 Lumber (Pine),Lumber,6,0
2025-03-03,LMB-2x4-8,2x4x8 Lumber (Pine),Lumber,7,0
2025-03-04,LMB-2x4-8,2x4x8 Lumber (Pine),Lumber,0,0
2025-03-05,LMB-2x4-8,2x4x8 Lumber (Pine),Lumber,0,0
2025-03-06,LMB-2x4-8,2x4x8 Lumber (Pine),Lumber,5,0
2025-03-07,LMB-2x4-8,2x4x8 Lumber (Pine),Lumber,0,0
2025-03-08,LMB-2x4-8,2x4x8 Lumber (Pine),Lumber,5,0
2025-03-09,LMB-2x4-8,2x4x8 Lumber (Pine),Lumber,6,0
2025-03-10,LMB-2x4-8,2x4x8 Lumber (Pine),Lumber,5,0
2025-03-11,LMB-2x4-8,2x4x8 Lumber (Pine),Lumber,6,0
2025-03-12,LMB-2x4-8,2x4x8 Lumber (Pine),Lumber,1,0
2025-03-13,LMB-2x4-8,2x4x8 Lumber (Pine),Lumber,4,0
2025-03-14,LMB-2x4-8,2x4x8 Lumber (Pine),Lumber,8,0
2025-03-15,LMB-2x4-8,2x4x8 Lumber (Pine),Lumber,6,0
2025-03-16,LMB-2x4-8,2x4x8 Lumber (Pine),Lumber,4,0
2025-03-17,LMB-2x4-8,2x4x8 Lumber (Pine),Lumber,5,0
2025-03-18,LMB-2x4-8,2x4x8 Lumber (Pine),Lumber,0,0
2025-03-19,LMB-2x4-8,2x4x8 Lumber (Pine),Lumber,2,0
2025-03-20,LMB-2x4-8,2x4x8 Lumber (Pine),Lumber,4,0
2025-03-21,LMB-2x4-8,2x4x8 Lumber (Pine),Lumber,2,0
2025-03-22,LMB-2x4-8,2x4x8 Lumber (Pine),Lumber,6,0
2025-03-23,LMB-2x4-8,2x4x8 Lumber (Pine),Lumber,1,0
2025-03-24,LMB-2x4-8,2x4x8 Lumber (Pine),Lumber,3,0
2025-03-25,LMB-2x4-8,2x4x8 Lumber (Pine),Lumber,9,0
2025-03-26,LMB-2x4-8,2x4x8 Lumber (Pine),Lumber,2,0
2025-03-27,LMB-2x4-8,2x4x8 Lumber (Pine),Lumber,8,0
2025-03-28,LMB-2x4-8,2x4x8 Lumber (Pine),Lumber,1,0
2025-03-29,LMB-2x4-8,2x4x8 Lumber (Pine),Lumber,4,0
2025-03-30,LMB-2x4-8,2x4x8 Lumber (Pine),Lumber,5,0
2025-03-31,LMB-2x4-8,2x4x8 Lumber (Pine),Lumber,5,0
2025-04-01,LMB-2x4-8,2x4x8 Lumber (Pine),Lumber,2,0
2025-04-02,LMB-2x4-8,2x4x8 Lumber (Pine),Lumber,1,0
2025-04-03,LMB-2x4-8,2x4x8 Lumber (Pine),Lumber,5,0
2025-04-04,LMB-2x4-8,2x4x8 Lumber (Pine),Lumber,2,0
2025-04-05,LMB-2x4-8,2x4x8 Lumber (Pine),Lumber,5,0
2025-04-06,LMB-2x4-8,2x4x8 Lumber (Pine),Lumber,4,0
2025-04-07,LMB-2x4-8,2x4x8 Lumber (Pine),Lumber,0,0
2025-04-08,LMB-2x4-8,2x4x8 Lumber (Pine),Lumber,4,0
2025-04-09,LMB-2x4-8,2x4x8 Lumber (Pine),Lumber,4,0
2025-04-10,LMB-2x4-8,2x4x8 Lumber (Pine),Lumber,3,0
2025-04-11,LMB-2x4-8,2x4x8 Lumber (Pine),Lumber,2,0
2025-04-12,LMB-2x4-8,2x4x8 Lumber (Pine),Lumber,12,0
2025-04-13,LMB-2x4-8,2x4x8 Lumber (Pine),Lumber,3,0
2025-04-14,LMB-2x4-8,2x4x8 Lumber (Pine),Lumber,5,0
2025-04-15,LMB-2x4-8,2x4x8 Lumber (Pine),Lumber,1,0
2025-04-16,LMB-2x4-8,2x4x8 Lumber (Pine),Lumber,0,0
2025-04-17,LMB-2x4-8,2x4x8 Lumber (Pine),Lumber,6,0
2025-04-18,LMB-2x4-8,2x4x8 Lumber (Pine),Lumber,6,0
2025-04-19,LMB-2x4-8,2x4x8 Lumber (Pine),Lumber,0,0
2025-04-20,LMB-2x4-8,2x4x8 Lumber (Pine),Lumber,6,0
2025-04-21,LMB-2x4-8,2x4x8 Lumber (Pine),Lumber,7,0
2025-04-22,LMB-2x4-8,2x4x8 Lumber (Pine),Lumber,4,0
2025-04-23,LMB-2x4-8,2x4x8 Lumber (Pine),Lumber,4,0
2025-04-24,LMB-2x4-8,2x4x8 Lumber (Pine),Lumber,3,0
2025-04-25,LMB-2x4-8,2x4x8 Lumber (Pine),Lumber,2,0
2025-04-26,LMB-2x4-8,2x4x8 Lumber (Pine),Lumber,11,0
2025-04-27,LMB-2x4-8,2x4x8 Lumber (Pine),Lumber,6,0
2025-04-28,LMB-2x4-8,2x4x8 Lumber (Pine),Lumber,8,0
2025-04-29,LMB-2x4-8,2x4x8 Lumber (Pine),Lumber,7,0
2025-04-30,LMB-2x4-8,2x4x8 Lumber (Pine),Lumber,2,0
2025-05-01,LMB-2x4-8,2x4x8 Lumber (Pine),Lumber,4,0
2025-05-02,LMB-2x4-8,2x4x8 Lumber (Pine),Lumber,5,0
2025-05-03,LMB-2x4-8,2x4x8 Lumber (Pine),Lumber,0,0
2025-05-04,LMB-2x4-8,2x4x8 Lumber (Pine),Lumber,2,0
2025-05-05,LMB-2x4-8,2x4x8 Lumber (Pine),Lumber,4,0
2025-05-06,LMB-2x4-8,2x4x8 Lumber (Pine),Lumber,7,0
2025-05-07,LMB-2x4-8,2x4x8 Lumber (Pine),Lumber,4,0
2025-05-08,LMB-2x4-8,2x4x8 Lumber (Pine),Lumber,6,0
2025-05-09,LMB-2x4-8,2x4x8 Lumber (Pine),Lumber,4,0
2025-05-10,LMB-2x4-8,2x4x8 Lumber (Pine),Lumber,8,0
2025-05-11,LMB-2x4-8,2x4x8 Lumber (Pine),Lumber,2,0
2025-05-12,LMB-2x4-8,2x4x8 Lumber (Pine),Lumber,3,0
2025-05-13,LMB-2x4-8,2x4x8 Lumber (Pine),Lumber,5,0
2025-05-14,LMB-2x4-8,2x4x8 Lumber (Pine),Lumber,6,0
2025-05-15,LMB-2x4-8,2x4x8 Lumber (Pine),Lumber,7,0
2025-05-16,LMB-2x4-8,2x4x8 Lumber (Pine),Lumber,0,0
2025-05-17,LMB-2x4-8,2x4x8 Lumber (Pine),Lumber,4,0
2025-05-18,LMB-2x4-8,2x4x8 Lumber (Pine),Lumber,8,0
2025-05-19,LMB-2x4-8,2x4x8 Lumber (Pine),Lumber,1,0
2025-05-20,LMB-2x4-8,2x4x8 Lumber (Pine),Lumber,2,0
2025-05-21,LMB-2x4-8,2x4x8 Lumber (Pine),Lumber,5,0
2025-05-22,LMB-2x4-8,2x4x8 Lumber (Pine),Lumber,0,0
2025-05-23,LMB-2x4-8,2x4x8 Lumber (Pine),Lumber,4,0
2025-05-24,LMB-2x4-8,2x4x8 Lumber (Pine),Lumber,7,0
2025-05-25,LMB-2x4-8,2x4x8 Lumber (Pine),Lumber,16,0
2025-05-26,LMB-2x4-8,2x4x8 Lumber (Pine),Lumber,3,0
2025-05-27,LMB-2x4-8,2x4x8 Lumber (Pine),Lumber,2,0
2025-05-28,LMB-2x4-8,2x4x8 Lumber (Pine),Lumber,5,0
2025-05-29,LMB-2x4-8,2x4x8 Lumber (Pine),Lumber,2,0
2025-05-30,LMB-2x4-8,2x4x8 Lumber (Pine),Lumber,9,0
2025-05-31,LMB-2x4-8,2x4x8 Lumber (Pine),Lumber,0,0
2025-06-01,LMB-2x4-8,2x4x8 Lumber (Pine),Lumber,7,0
2025-06-02,LMB-2x4-8,2x4x8 Lumber (Pine),Lumber,0,0
2025-06-03,LMB-2x4-8,2x4x8 Lumber (Pine),Lumber,0,0
2025-06-04,LMB-2x4-8,2x4x8 Lumber (Pine),Lumber,6,0
2025-06-05,LMB-2x4-8,2x4x8 Lumber (Pine),Lumber,4,0
2025-06-06,LMB-2x4-8,2x4x8 Lumber (Pine),Lumber,5,0
2025-06-07,LMB-2x4-8,2x4x8 Lumber (Pine),Lumber,1,0
2025-06-08,LMB-2x4-8,2x4x8 Lumber (Pine),Lumber,3,0
2025-06-09,LMB-2x4-8,2x4x8 Lumber (Pine),Lumber,1,0
2025-06-10,LMB-2x4-8,2x4x8 Lumber (Pine),Lumber,5,0
2025-06-11,LMB-2x4-8,2x4x8 Lumber (Pine),Lumber,9,0
2025-06-12,LMB-2x4-8,2x4x8 Lumber (Pine),Lumber,3,0
2025-06-13,LMB-2x4-8,2x4x8 Lumber (Pine),Lumber,3,0
2025-06-14,LMB-2x4-8,2x4x8 Lumber (Pine),Lumber,7,0
2025-06-15,LMB-2x4-8,2x4x8 Lumber (Pine),Lumber,0,0
2025-06-16,LMB-2x4-8,2x4x8 Lumber (Pine),Lumber,10,0
2025-06-17,LMB-2x4-8,2x4x8 Lumber (Pine),Lumber,5,0
2025-06-18,LMB-2x4-8,2x4x8 Lumber (Pine),Lumber,4,0
2025-06-19,LMB-2x4-8,2x4x8 Lumber (Pine),Lumber,0,0
2025-06-20,LMB-2x4-8,2x4x8 Lumber (Pine),Lumber,3,0
2025-06-21,LMB-2x4-8,2x4x8 Lumber (Pine),Lumber,10,0
2025-06-22,LMB-2x4-8,2x4x8 Lumber (Pine),Lumber,7,0
2025-06-23,LMB-2x4-8,2x4x8 Lumber (Pine),Lumber,5,0
2025-06-24,LMB-2x4-8,2x4x8 Lumber (Pine),Lumber,6,0
2025-06-25,LMB-2x4-8,2x4x8 Lumber (Pine),Lumber,7,0
2025-06-26,LMB-2x4-8,2x4x8 Lumber (Pine),Lumber,4,0
2025-06-27,LMB-2x4-8,2x4x8 Lumber (Pine),Lumber,0,0
2025-06-28,LMB-2x4-8,2x4x8 Lumber (Pine),Lumber,7,0
2025-06-29,LMB-2x4-8,2x4x8 Lumber (Pine),Lumber,0,0
2025-06-30,LMB-2x4-8,2x4x8 Lumber (Pine),Lumber,4,0
2025-07-01,LMB-2x4-8,2x4x8 Lumber (Pine),Lumber,7,0
2025-07-02,LMB-2x4-8,2x4x8 Lumber (Pine),Lumber,2,0
2025-07-03,LMB-2x4-8,2x4x8 Lumber (Pine),Lumber,6,0
2025-07-04,LMB-2x4-8,2x4x8 Lumber (Pine),Lumber,4,0
2025-07-05,LMB-2x4-8,2x4x8 Lumber (Pine),Lumber,6,0
2025-07-06,LMB-2x4-8,2x4x8 Lumber (Pine),Lumber,7,0
2025-07-07,LMB-2x4-8,2x4x8 Lumber (Pine),Lumber,9,0
2025-07-08,LMB-2x4-8,2x4x8 Lumber (Pine),Lumber,4,0
2025-07-09,LMB-2x4-8,2x4x8 Lumber (Pine),Lumber,3,0
2025-07-10,LMB-2x4-8,2x4x8 Lumber (Pine),Lumber,4,0
2025-07-11,LMB-2x4-8,2x4x8 Lumber (Pine),Lumber,6,0
2025-07-12,LMB-2x4-8,2x4x8 Lumber (Pine),Lumber,7,0
2025-07-13,LMB-2x4-8,2x4x8 Lumber (Pine),Lumber,3,0
2025-07-14,LMB-2x4-8,2x4x8 Lumber (Pine),Lumber,8,0
2025-07-15,LMB-2x4-8,2x4x8 Lumber (Pine),Lumber,4,0
2025-07-16,LMB-2x4-8,2x4x8 Lumber (Pine),Lumber,5,0
2025-07-17,LMB-2x4-8,2x4x8 Lumber (Pine),Lumber,5,0
2025-07-18,LMB-2x4-8,2x4x8 Lumber (Pine),Lumber,0,0
2025-07-19,LMB-2x4-8,2x4x8 Lumber (Pine),Lumber,8,0
2025-07-20,LMB-2x4-8,2x4x8 Lumber (Pine),Lumber,8,0
2025-07-21,LMB-2x4-8,2x4x8 Lumber (Pine),Lumber,5,0
2025-07-22,LMB-2x4-8,2x4x8 Lumber (Pine),Lumber,4,0
2025-07-23,LMB-2x4-8,2x4x8 Lumber (Pine),Lumber,0,0
2025-07-24,LMB-2x4-8,2x4x8 Lumber (Pine),Lumber,1,0
2025-07-25,LMB-2x4-8,2x4x8 Lumber (Pine),Lumber,0,0
2025-07-26,LMB-2x4-8,2x4x8 Lumber (Pine),Lumber,6,0
2025-07-27,LMB-2x4-8,2x4x8 Lumber (Pine),Lumber,11,1
2025-07-28,LMB-2x4-8,2x4x8 Lumber (Pine),Lumber,3,0
2025-07-29,LMB-2x4-8,2x4x8 Lumber (Pine),Lumber,4,0
2025-07-30,LMB-2x4-8,2x4x8 Lumber (Pine),Lumber,6,0
2025-07-31,LMB-2x4-8,2x4x8 Lumber (Pine),Lumber,7,0
2025-08-01,LMB-2x4-8,2x4x8 Lumber (Pine),Lumber,4,0
2025-08-02,LMB-2x4-8,2x4x8 Lumber (Pine),Lumber,6,0
2025-08-03,LMB-2x4-8,2x4x8 Lumber (Pine),Lumber,8,0
2025-08-04,LMB-2x4-8,2x4x8 Lumber (Pine),Lumber,3,0
2025-08-05,LMB-2x4-8,2x4x8 Lumber (Pine),Lumber,5,0
2025-08-06,LMB-2x4-8,2x4x8 Lumber (Pine),Lumber,3,0
2025-08-07,LMB-2x4-8,2x4x8 Lumber (Pine),Lumber,5,0
2025-08-08,LMB-2x4-8,2x4x8 Lumber (Pine),Lumber,0,0
2025-08-09,LMB-2x4-8,2x4x8 Lumber (Pine),Lumber,3,0
2025-08-10,LMB-2x4-8,2x4x8 Lumber (Pine),Lumber,7,0
2025-08-11,LMB-2x4-8,2x4x8 Lumber (Pine),Lumber,8,0
2025-08-12,LMB-2x4-8,2x4x8 Lumber (Pine),Lumber,4,0
2025-08-13,LMB-2x4-8,2x4x8 Lumber (Pine),Lumber,4,0
2025-08-14,LMB-2x4-8,2x4x8 Lumber (Pine),Lumber,4,0
2025-08-15,LMB-2x4-8,2x4x8 Lumber (Pine),Lumber,4,0
2025-08-16,LMB-2x4-8,2x4x8 Lumber (Pine),Lumber,6,0
2025-08-17,LMB-2x4-8,2x4x8 Lumber (Pine),Lumber,2,0
2025-08-18,LMB-2x4-8,2x4x8 Lumber (Pine),Lumber,0,0
2025-08-19,LMB-2x4-8,2x4x8 Lumber (Pine),Lumber,3,0
2025-08-20,LMB-2x4-8,2x4x8 Lumber (Pine),Lumber,6,0
2025-08-21,LMB-2x4-8,2x4x8 Lumber (Pine),Lumber,4,0
2025-08-22,LMB-2x4-8,2x4x8 Lumber (Pine),Lumber,0,0
2025-08-23,LMB-2x4-8,2x4x8 Lumber (Pine),Lumber,3,0
2025-08-24,LMB-2x4-8,2x4x8 Lumber (Pine),Lumber,5,0
2025-08-25,LMB-2x4-8,2x4x8 Lumber (Pine),Lumber,0,0
2025-08-26,LMB-2x4-8,2x4x8 Lumber (Pine),Lumber,5,0
2025-08-27,LMB-2x4-8,2x4x8 Lumber (Pine),Lumber,3,0
2025-08-28,LMB-2x4-8,2x4x8 Lumber (Pine),Lumber,5,0
2025-08-29,LMB-2x4-8,2x4x8 Lumber (Pine),Lumber,4,0
2025-08-30,LMB-2x4-8,2x4x8 Lumber (Pine),Lumber,0,0
2025-08-31,LMB-2x4-8,2x4x8 Lumber (Pine),Lumber,3,0
2025-09-01,LMB-2x4-8,2x4x8 Lumber (Pine),Lumber,4,0
2025-09-02,LMB-2x4-8,2x4x8 Lumber (Pine),Lumber,1,0
2025-09-03,LMB-2x4-8,2x4x8 Lumber (Pine),Lumber,4,0
2025-09-04,LMB-2x4-8,2x4x8 Lumber (Pine),Lumber,6,0
2025-09-05,LMB-2x4-8,2x4x8 Lumber (Pine),Lumber,4,0
2025-09-06,LMB-2x4-8,2x4x8 Lumber (Pine),Lumber,4,0
2025-09-07,LMB-2x4-8,2x4x8 Lumber (Pine),Lumber,3,0
2025-09-08,LMB-2x4-8,2x4x8 Lumber (Pine),Lumber,4,0
2025-09-09,LMB-2x4-8,2x4x8 Lumber (Pine),Lumber,5,0
2025-09-10,LMB-2x4-8,2x4x8 Lumber (Pine),Lumber,4,0
2025-09-11,LMB-2x4-8,2x4x8 Lumber (Pine),Lumber,4,0
2025-09-12,LMB-2x4-8,2x4x8 Lumber (Pine),Lumber,2,0
2025-09-13,LMB-2x4-8,2x4x8 Lumber (Pine),Lumber,8,0
2025-09-14,LMB-2x4-8,2x4x8 Lumber (Pine),Lumber,4,0
2025-09-15,LMB-2x4-8,2x4x8 Lumber (Pine),Lumber,2,0
2025-09-16,LMB-2x4-8,2x4x8 Lumber (Pine),Lumber,4,0
2025-09-17,LMB-2x4-8,2x4x8 Lumber (Pine),Lumber,4,0
2025-09-18,LMB-2x4-8,2x4x8 Lumber (Pine),Lumber,2,0
2025-09-19,LMB-2x4-8,2x4x8 Lumber (Pine),Lumber,3,0
2025-09-20,LMB-2x4-8,2x4x8 Lumber (Pine),Lumber,8,0
2025-09-21,LMB-2x4-8,2x4x8 Lumber (Pine),Lumber,5,0
2025-09-22,LMB-2x4-8,2x4x8 Lumber (Pine),Lumber,6,0
2025-09-23,LMB-2x4-8,2x4x8 Lumber (Pine),Lumber,3,0
2025-09-24,LMB-2x4-8,2x4x8 Lumber (Pine),Lumber,0,0
2025-09-25,LMB-2x4-8,2x4x8 Lumber (Pine),Lumber,0,0
2025-09-26,LMB-2x4-8,2x4x8 Lumber (Pine),Lumber,1,0
2025-09-27,LMB-2x4-8,2x4x8 Lumber (Pine),Lumber,5,0
2025-09-28,LMB-2x4-8,2x4x8 Lumber (Pine),Lumber,2,0
2025-09-29,LMB-2x4-8,2x4x8 Lumber (Pine),Lumber,3,0
2025-09-30,LMB-2x4-8,2x4x8 Lumber (Pine),Lumber,5,0
2025-10-01,LMB-2x4-8,2x4x8 Lumber (Pine),Lumber,6,0
2025-10-02,LMB-2x4-8,2x4x8 Lumber (Pine),Lumber,5,0
2025-10-03,LMB-2x4-8,2x4x8 Lumber (Pine),Lumber,4,1
2025-10-04,LMB-2x4-8,2x4x8 Lumber (Pine),Lumber,3,0
2025-10-05,LMB-2x4-8,2x4x8 Lumber (Pine),Lumber,2,0
2025-10-06,LMB-2x4-8,2x4x8 Lumber (Pine),Lumber,2,0
2025-10-07,LMB-2x4-8,2x4x8 Lumber (Pine),Lumber,3,0
2025-10-08,LMB-2x4-8,2x4x8 Lumber (Pine),Lumber,2,0
2025-10-09,LMB-2x4-8,2x4x8 Lumber (Pine),Lumber,3,0
2025-10-10,LMB-2x4-8,2x4x8 Lumber (Pine),Lumber,3,0
2025-10-11,LMB-2x4-8,2x4x8 Lumber (Pine),Lumber,6,0
2025-10-12,LMB-2x4-8,2x4x8 Lumber (Pine),Lumber,1,0
2025-10-13,LMB-2x4-8,2x4x8 Lumber (Pine),Lumber,3,0
2025-10-14,LMB-2x4-8,2x4x8 Lumber (Pine),Lumber,3,0
2025-10-15,LMB-2x4-8,2x4x8 Lumber (Pine),Lumber,6,0
2025-10-16,LMB-2x4-8,2x4x8 Lumber (Pine),Lumber,4,0
2025-10-17,LMB-2x4-8,2x4x8 Lumber (Pine),Lumber,4,0
2025-10-18,LMB-2x4-8,2x4x8 Lumber (Pine),Lumber,0,0
2025-10-19,LMB-2x4-8,2x4x8 Lumber (Pine),Lumber,4,0
2025-10-20,LMB-2x4-8,2x4x8 Lumber (Pine),Lumber,2,0
2025-10-21,LMB-2x4-8,2x4x8 Lumber (Pine),Lumber,3,0
2025-10-22,LMB-2x4-8,2x4x8 Lumber (Pine),Lumber,6,0
2025-10-23,LMB-2x4-8,2x4x8 Lumber (Pine),Lumber,2,0
2025-10-24,LMB-2x4-8,2x4x8 Lumber (Pine),Lumber,3,0
2025-10-25,LMB-2x4-8,2x4x8 Lumber (Pine),Lumber,4,0
2025-10-26,LMB-2x4-8,2x4x8 Lumber (Pine),Lumber,6,0
2025-10-27,LMB-2x4-8,2x4x8 Lumber (Pine),Lumber,7,0
2025-10-28,LMB-2x4-8,2x4x8 Lumber (Pine),Lumber,5,0
2025-10-29,LMB-2x4-8,2x4x8 Lumber (Pine),Lumber,3,0
2025-10-30,LMB-2x4-8,2x4x8 Lumber (Pine),Lumber,3,0
2025-10-31,LMB-2x4-8,2x4x8 Lumber (Pine),Lumber,3,0
2025-11-01,LMB-2x4-8,2x4x8 Lumber (Pine),Lumber,4,0
2025-11-02,LMB-2x4-8,2x4x8 Lumber (Pine),Lumber,0,0
2025-11-03,LMB-2x4-8,2x4x8 Lumber (Pine),Lumber,5,0
2025-11-04,LMB-2x4-8,2x4x8 Lumber (Pine),Lumber,1,0
2025-11-05,LMB-2x4-8,2x4x8 Lumber (Pine),Lumber,4,0
2025-11-06,LMB-2x4-8,2x4x8 Lumber (Pine),Lumber,1,0
2025-11-07,LMB-2x4-8,2x4x8 Lumber (Pine),Lumber,7,0
2025-11-08,LMB-2x4-8,2x4x8 Lumber (Pine),Lumber,2,0
2025-11-09,LMB-2x4-8,2x4x8 Lumber (Pine),Lumber,0,0
2025-11-10,LMB-2x4-8,2x4x8 Lumber (Pine),Lumber,3,0
2025-11-11,LMB-2x4-8,2x4x8 Lumber (Pine),Lumber,4,0
2025-11-12,LMB-2x4-8,2x4x8 Lumber (Pine),Lumber,4,0
2025-11-13,LMB-2x4-8,2x4x8 Lumber (Pine),Lumber,0,0
2025-11-14,LMB-2x4-8,2x4x8 Lumber (Pine),Lumber,3,0
2025-11-15,LMB-2x4-8,2x4x8 Lumber (Pine),Lumber,5,0
2025-11-16,LMB-2x4-8,2x4x8 Lumber (Pine),Lumber,4,0
2025-11-17,LMB-2x4-8,2x4x8 Lumber (Pine),Lumber,5,0
2025-11-18,LMB-2x4-8,2x4x8 Lumber (Pine),Lumber,9,1
2025-11-19,LMB-2x4-8,2x4x8 Lumber (Pine),Lumber,6,0
2025-11-20,LMB-2x4-8,2x4x8 Lumber (Pine),Lumber,8,0
2025-11-21,LMB-2x4-8,2x4x8 Lumber (Pine),Lumber,4,0
2025-11-22,LMB-2x4-8,2x4x8 Lumber (Pine),Lumber,3,0
2025-11-23,LMB-2x4-8,2x4x8 Lumber (Pine),Lumber,3,0
2025-11-24,LMB-2x4-8,2x4x8 Lumber (Pine),Lumber,3,0
2025-11-25,LMB-2x4-8,2x4x8 Lumber (Pine),Lumber,0,0
2025-11-26,LMB-2x4-8,2x4x8 Lumber (Pine),Lumber,2,0
2025-11-27,LMB-2x4-8,2x4x8 Lumber (Pine),Lumber,1,0
2025-11-28,LMB-2x4-8,2x4x8 Lumber (Pine),Lumber,1,0
2025-11-29,LMB-2x4-8,2x4x8 Lumber (Pine),Lumber,5,0
2025-11-30,LMB-2x4-8,2x4x8 Lumber (Pine),Lumber,4,0
2025-12-01,LMB-2x4-8,2x4x8 Lumber (Pine),Lumber,2,0
2025-12-02,LMB-2x4-8,2x4x8 Lumber (Pine),Lumber,3,0
2025-12-03,LMB-2x4-8,2x4x8 Lumber (Pine),Lumber,6,0
2025-12-04,LMB-2x4-8,2x4x8 Lumber (Pine),Lumber,5,0
2025-12-05,LMB-2x4-8,2x4x8 Lumber (Pine),Lumber,0,0
2025-12-06,LMB-2x4-8,2x4x8 Lumber (Pine),Lumber,10,0
2025-12-07,LMB-2x4-8,2x4x8 Lumber (Pine),Lumber,5,0
2025-12-08,LMB-2x4-8,2x4x8 Lumber (Pine),Lumber,1,0
2025-12-09,LMB-2x4-8,2x4x8 Lumber (Pine),Lumber,7,0
2025-12-10,LMB-2x4-8,2x4x8 Lumber (Pine),Lumber,8,0
2025-12-11,LMB-2x4-8,2x4x8 Lumber (Pine),Lumber,3,0
2025-12-12,LMB-2x4-8,2x4x8 Lumber (Pine),Lumber,3,0
2025-12-13,LMB-2x4-8,2x4x8 Lumber (Pine),Lumber,6,0
2025-12-14,LMB-2x4-8,2x4x8 Lumber (Pine),Lumber,5,0
2025-12-15,LMB-2x4-8,2x4x8 Lumber (Pine),Lumber,0,0
2025-12-16,LMB-2x4-8,2x4x8 Lumber (Pine),Lumber,0,0
2025-12-17,LMB-2x4-8,2x4x8 Lumber (Pine),Lumber,0,0
2025-12-18,LMB-2x4-8,2x4x8 Lumber (Pine),Lumber,0,0
2025-12-19,LMB-2x4-8,2x4x8 Lumber (Pine),Lumber,11,0
2025-12-20,LMB-2x4-8,2x4x8 Lumber (Pine),Lumber,4,0
2025-12-21,LMB-2x4-8,2x4x8 Lumber (Pine),Lumber,4,0
2025-12-22,LMB-2x4-8,2x4x8 Lumber (Pine),Lumber,2,0
2025-12-23,LMB-2x4-8,2x4x8 Lumber (Pine),Lumber,5,0
2025-12-24,LMB-2x4-8,2x4x8 Lumber (Pine),Lumber,3,0
2025-12-25,LMB-2x4-8,2x4x8 Lumber (Pine),Lumber,4,0
2025-12-26,LMB-2x4-8,2x4x8 Lumber (Pine),Lumber,2,0
2025-12-27,LMB-2x4-8,2x4x8 Lumber (Pine),Lumber,6,0
2025-12-28,LMB-2x4-8,2x4x8 Lumber (Pine),Lumber,3,0
2025-12-29,LMB-2x4-8,2x4x8 Lumber (Pine),Lumber,2,0
2025-12-30,LMB-2x4-8,2x4x8 Lumber (Pine),Lumber,2,0
2025-12-31,LMB-2x4-8,2x4x8 Lumber (Pine),Lumber,5,0
2026-01-01,LMB-2x4-8,2x4x8 Lumber (Pine),Lumber,3,0
2026-01-02,LMB-2x4-8,2x4x8 Lumber (Pine),Lumber,1,0
2026-01-03,LMB-2x4-8,2x4x8 Lumber (Pine),Lumber,9,0
2026-01-04,LMB-2x4-8,2x4x8 Lumber (Pine),Lumber,6,0
2026-01-05,LMB-2x4-8,2x4x8 Lumber (Pine),Lumber,4,0
2026-01-06,LMB-2x4-8,2x4x8 Lumber (Pine),Lumber,3,0
2026-01-07,LMB-2x4-8,2x4x8 Lumber (Pine),Lumber,2,0
2026-01-08,LMB-2x4-8,2x4x8 Lumber (Pine),Lumber,1,0
2026-01-09,LMB-2x4-8,2x4x8 Lumber (Pine),Lumber,0,0
2026-01-10,LMB-2x4-8,2x4x8 Lumber (Pine),Lumber,9,0
2026-01-11,LMB-2x4-8,2x4x8 Lumber (Pine),Lumber,2,0
2026-01-12,LMB-2x4-8,2x4x8 Lumber (Pine),Lumber,0,0
2026-01-13,LMB-2x4-8,2x4x8 Lumber (Pine),Lumber,4,0
2026-01-14,LMB-2x4-8,2x4x8 Lumber (Pine),Lumber,3,0
2026-01-15,LMB-2x4-8,2x4x8 Lumber (Pine),Lumber,6,0
2026-01-16,LMB-2x4-8,2x4x8 Lumber (Pine),Lumber,2,0
2026-01-17,LMB-2x4-8,2x4x8 Lumber (Pine),Lumber,9,0
2026-01-18,LMB-2x4-8,2x4x8 Lumber (Pine),Lumber,5,0
2026-01-19,LMB-2x4-8,2x4x8 Lumber (Pine),Lumber,4,0
2026-01-20,LMB-2x4-8,2x4x8 Lumber (Pine),Lumber,4,0
2026-01-21,LMB-2x4-8,2x4x8 Lumber (Pine),Lumber,0,0
2026-01-22,LMB-2x4-8,2x4x8 Lumber (Pine),Lumber,6,0
2026-01-23,LMB-2x4-8,2x4x8 Lumber (Pine),Lumber,3,0
2026-01-24,LMB-2x4-8,2x4x8 Lumber (Pine),Lumber,0,0
2026-01-25,LMB-2x4-8,2x4x8 Lumber (Pine),Lumber,5,0
2026-01-26,LMB-2x4-8,2x4x8 Lumber (Pine),Lumber,2,0
2026-01-27,LMB-2x4-8,2x4x8 Lumber (Pine),Lumber,3,0
2026-01-28,LMB-2x4-8,2x4x8 Lumber (Pine),Lumber,2,0
2026-01-29,LMB-2x4-8,2x4x8 Lumber (Pine),Lumber,12,0
2026-01-30,LMB-2x4-8,2x4x8 Lumber (Pine),Lumber,3,0
2026-01-31,LMB-2x4-8,2x4x8 Lumber (Pine),Lumber,5,0
2026-02-01,LMB-2x4-8,2x4x8 Lumber (Pine),Lumber,5,0
2026-02-02,LMB-2x4-8,2x4x8 Lumber (Pine),Lumber,0,0
2026-02-03,LMB-2x4-8,2x4x8 Lumber (Pine),Lumber,5,1
2026-02-04,LMB-2x4-8,2x4x8 Lumber (Pine),Lumber,5,0
2026-02-05,LMB-2x4-8,2x4x8 Lumber (Pine),Lumber,8,0
2026-02-06,LMB-2x4-8,2x4x8 Lumber (Pine),Lumber,2,0
2026-02-07,LMB-2x4-8,2x4x8 Lumber (Pine),Lumber,3,0
2026-02-08,LMB-2x4-8,2x4x8 Lumber (Pine),Lumber,2,0
2026-02-09,LMB-2x4-8,2x4x8 Lumber (Pine),Lumber,2,0
2026-02-10,LMB-2x4-8,2x4x8 Lumber (Pine),Lumber,0,0
2026-02-11,LMB-2x4-8,2x4x8 Lumber (Pine),Lumber,6,0
2026-02-12,LMB-2x4-8,2x4x8 Lumber (Pine),Lumber,4,0
2026-02-13,LMB-2x4-8,2x4x8 Lumber (Pine),Lumber,2,0
2026-02-14,LMB-2x4-8,2x4x8 Lumber (Pine),Lumber,5,0
2026-02-15,LMB-2x4-8,2x4x8 Lumber (Pine),Lumber,2,0
2026-02-16,LMB-2x4-8,2x4x8 Lumber (Pine),Lumber,4,0
2026-02-17,LMB-2x4-8,2x4x8 Lumber (Pine),Lumber,2,0
2026-02-18,LMB-2x4-8,2x4x8 Lumber (Pine),Lumber,0,0
2026-02-19,LMB-2x4-8,2x4x8 Lumber (Pine),Lumber,1,0
2026-02-20,LMB-2x4-8,2x4x8 Lumber (Pine),Lumber,1,0
2026-02-21,LMB-2x4-8,2x4x8 Lumber (Pine),Lumber,5,0
2026-02-22,LMB-2x4-8,2x4x8 Lumber (Pine),Lumber,4,0
2026-02-23,LMB-2x4-8,2x4x8 Lumber (Pine),Lumber,3,0
2026-02-24,LMB-2x4-8,2x4x8 Lumber (Pine),Lumber,9,0
2026-02-25,LMB-2x4-8,2x4x8 Lumber (Pine),Lumber,1,0
2026-02-26,LMB-2x4-8,2x4x8 Lumber (Pine),Lumber,0,0
2026-02-27,LMB-2x4-8,2x4x8 Lumber (Pine),Lumber,1,0
2026-02-28,LMB-2x4-8,2x4x8 Lumber (Pine),Lumber,4,0
2026-03-01,LMB-2x4-8,2x4x8 Lumber (Pine),Lumber,7,0
2026-03-02,LMB-2x4-8,2x4x8 Lumber (Pine),Lumber,4,0
2026-03-03,LMB-2x4-8,2x4x8 Lumber (Pine),Lumber,0,0
2026-03-04,LMB-2x4-8,2x4x8 Lumber (Pine),Lumber,4,0
2026-03-05,LMB-2x4-8,2x4x8 Lumber (Pine),Lumber,6,0
2026-03-06,LMB-2x4-8,2x4x8 Lumber (Pine),Lumber,2,0
2026-03-07,LMB-2x4-8,2x4x8 Lumber (Pine),Lumber,16,1
2026-03-08,LMB-2x4-8,2x4x8 Lumber (Pine),Lumber,10,0
2026-03-09,LMB-2x4-8,2x4x8 Lumber (Pine),Lumber,4,0
2026-03-10,LMB-2x4-8,2x4x8 Lumber (Pine),Lumber,5,0
2026-03-11,LMB-2x4-8,2x4x8 Lumber (Pine),Lumber,6,0
2026-03-12,LMB-2x4-8,2x4x8 Lumber (Pine),Lumber,5,0
2026-03-13,LMB-2x4-8,2x4x8 Lumber (Pine),Lumber,6,0
2026-03-14,LMB-2x4-8,2x4x8 Lumber (Pine),Lumber,5,0
2026-03-15,LMB-2x4-8,2x4x8 Lumber (Pine),Lumber,3,0
2026-03-16,LMB-2x4-8,2x4x8 Lumber (Pine),Lumber,5,0
2026-03-17,LMB-2x4-8,2x4x8 Lumber (Pine),Lumber,3,0
2026-03-18,LMB-2x4-8,2x4x8 Lumber (Pine),Lumber,6,0
2026-03-19,LMB-2x4-8,2x4x8 Lumber (Pine),Lumber,4,0
2026-03-20,LMB-2x4-8,2x4x8 Lumber (Pine),Lumber,4,0
2026-03-21,LMB-2x4-8,2x4x8 Lumber (Pine),Lumber,4,0
2026-03-22,LMB-2x4-8,2x4x8 Lumber (Pine),Lumber,0,0
2026-03-23,LMB-2x4-8,2x4x8 Lumber (Pine),Lumber,2,0
2026-03-24,LMB-2x4-8,2x4x8 Lumber (Pine),Lumber,7,0
2026-03-25,LMB-2x4-8,2x4x8 Lumber (Pine),Lumber,5,0
2026-03-26,LMB-2x4-8,2x4x8 Lumber (Pine),Lumber,5,0
2026-03-27,LMB-2x4-8,2x4x8 Lumber (Pine),Lumber,3,0
2026-03-28,LMB-2x4-8,2x4x8 Lumber (Pine),Lumber,5,0
2026-03-29,LMB-2x4-8,2x4x8 Lumber (Pine),Lumber,4,0
2026-03-30,LMB-2x4-8,2x4x8 Lumber (Pine),Lumber,7,0
2026-03-31,LMB-2x4-8,2x4x8 Lumber (Pine),Lumber,3,0
2026-04-01,LMB-2x4-8,2x4x8 Lumber (Pine),Lumber,6,0
2026-04-02,LMB-2x4-8,2x4x8 Lumber (Pine),Lumber,4,0
2026-04-03,LMB-2x4-8,2x4x8 Lumber (Pine),Lumber,3,0
2026-04-04,LMB-2x4-8,2x4x8 Lumber (Pine),Lumber,5,0
2026-04-05,LMB-2x4-8,2x4x8 Lumber (Pine),Lumber,7,0
2026-04-06,LMB-2x4-8,2x4x8 Lumber (Pine),Lumber,5,0
2026-04-07,LMB-2x4-8,2x4x8 Lumber (Pine),Lumber,7,0
2026-04-08,LMB-2x4-8,2x4x8 Lumber (Pine),Lumber,4,0
2026-04-09,LMB-2x4-8,2x4x8 Lumber (Pine),Lumber,1,0
2026-04-10,LMB-2x4-8,2x4x8 Lumber (Pine),Lumber,5,0
2026-04-11,LMB-2x4-8,2x4x8 Lumber (Pine),Lumber,15,0
2026-04-12,LMB-2x4-8,2x4x8 Lumber (Pine),Lumber,0,0
2026-04-13,LMB-2x4-8,2x4x8 Lumber (Pine),Lumber,3,0
2026-04-14,LMB-2x4-8,2x4x8 Lumber (Pine),Lumber,0,0
2026-04-15,LMB-2x4-8,2x4x8 Lumber (Pine),Lumber,2,0
2026-04-16,LMB-2x4-8,2x4x8 Lumber (Pine),Lumber,6,0
2026-04-17,LMB-2x4-8,2x4x8 Lumber (Pine),Lumber,2,0
2026-04-18,LMB-2x4-8,2x4x8 Lumber (Pine),Lumber,4,0
2026-04-19,LMB-2x4-8,2x4x8 Lumber (Pine),Lumber,8,0
2026-04-20,LMB-2x4-8,2x4x8 Lumber (Pine),Lumber,3,0
2026-04-21,LMB-2x4-8,2x4x8 Lumber (Pine),Lumber,4,0
2026-04-22,LMB-2x4-8,2x4x8 Lumber (Pine),Lumber,3,0
2026-04-23,LMB-2x4-8,2x4x8 Lumber (Pine),Lumber,2,0
2026-04-24,LMB-2x4-8,2x4x8 Lumber (Pine),Lumber,6,0
2026-04-25,LMB-2x4-8,2x4x8 Lumber (Pine),Lumber,6,0
2026-04-26,LMB-2x4-8,2x4x8 Lumber (Pine),Lumber,5,0
2026-04-27,LMB-2x4-8,2x4x8 Lumber (Pine),Lumber,5,0
2026-04-28,LMB-2x4-8,2x4x8 Lumber (Pine),Lumber,2,0
2026-04-29,LMB-2x4-8,2x4x8 Lumber (Pine),Lumber,2,0
2026-04-30,LMB-2x4-8,2x4x8 Lumber (Pine),Lumber,5,0
2026-05-01,LMB-2x4-8,2x4x8 Lumber (Pine),Lumber,4,0
2026-05-02,LMB-2x4-8,2x4x8 Lumber (Pine),Lumber,5,0
2026-05-03,LMB-2x4-8,2x4x8 Lumber (Pine),Lumber,6,0
2026-05-04,LMB-2x4-8,2x4x8 Lumber (Pine),Lumber,2,0
2026-05-05,LMB-2x4-8,2x4x8 Lumber (Pine),Lumber,2,0
2026-05-06,LMB-2x4-8,2x4x8 Lumber (Pine),Lumber,0,0
2026-05-07,LMB-2x4-8,2x4x8 Lumber (Pine),Lumber,8,0
2026-05-08,LMB-2x4-8,2x4x8 Lumber (Pine),Lumber,3,0
2026-05-09,LMB-2x4-8,2x4x8 Lumber (Pine),Lumber,0,0
2026-05-10,LMB-2x4-8,2x4x8 Lumber (Pine),Lumber,6,0
2026-05-11,LMB-2x4-8,2x4x8 Lumber (Pine),Lumber,2,0
2026-05-12,LMB-2x4-8,2x4x8 Lumber (Pine),Lumber,2,0
2026-05-13,LMB-2x4-8,2x4x8 Lumber (Pine),Lumber,2,0
2026-05-14,LMB-2x4-8,2x4x8 Lumber (Pine),Lumber,3,0
2026-05-15,LMB-2x4-8,2x4x8 Lumber (Pine),Lumber,5,0
2024-11-22,PLY-4x8-75,"Plywood 4x8 Sheet 3/4""",Lumber,3,0
2024-11-23,PLY-4x8-75,"Plywood 4x8 Sheet 3/4""",Lumber,3,0
2024-11-24,PLY-4x8-75,"Plywood 4x8 Sheet 3/4""",Lumber,4,0
2024-11-25,PLY-4x8-75,"Plywood 4x8 Sheet 3/4""",Lumber,2,0
2024-11-26,PLY-4x8-75,"Plywood 4x8 Sheet 3/4""",Lumber,1,0
2024-11-27,PLY-4x8-75,"Plywood 4x8 Sheet 3/4""",Lumber,5,0
2024-11-28,PLY-4x8-75,"Plywood 4x8 Sheet 3/4""",Lumber,3,0
2024-11-29,PLY-4x8-75,"Plywood 4x8 Sheet 3/4""",Lumber,4,0
2024-11-30,PLY-4x8-75,"Plywood 4x8 Sheet 3/4""",Lumber,9,0
2024-12-01,PLY-4x8-75,"Plywood 4x8 Sheet 3/4""",Lumber,7,0
2024-12-02,PLY-4x8-75,"Plywood 4x8 Sheet 3/4""",Lumber,6,0
2024-12-03,PLY-4x8-75,"Plywood 4x8 Sheet 3/4""",Lumber,4,0
2024-12-04,PLY-4x8-75,"Plywood 4x8 Sheet 3/4""",Lumber,3,0
2024-12-05,PLY-4x8-75,"Plywood 4x8 Sheet 3/4""",Lumber,4,0
2024-12-06,PLY-4x8-75,"Plywood 4x8 Sheet 3/4""",Lumber,8,0
2024-12-07,PLY-4x8-75,"Plywood 4x8 Sheet 3/4""",Lumber,5,0
2024-12-08,PLY-4x8-75,"Plywood 4x8 Sheet 3/4""",Lumber,4,0
2024-12-09,PLY-4x8-75,"Plywood 4x8 Sheet 3/4""",Lumber,1,0
2024-12-10,PLY-4x8-75,"Plywood 4x8 Sheet 3/4""",Lumber,5,0
2024-12-11,PLY-4x8-75,"Plywood 4x8 Sheet 3/4""",Lumber,3,0
2024-12-12,PLY-4x8-75,"Plywood 4x8 Sheet 3/4""",Lumber,4,0
2024-12-13,PLY-4x8-75,"Plywood 4x8 Sheet 3/4""",Lumber,2,0
2024-12-14,PLY-4x8-75,"Plywood 4x8 Sheet 3/4""",Lumber,5,0
2024-12-15,PLY-4x8-75,"Plywood 4x8 Sheet 3/4""",Lumber,8,0
2024-12-16,PLY-4x8-75,"Plywood 4x8 Sheet 3/4""",Lumber,4,0
2024-12-17,PLY-4x8-75,"Plywood 4x8 Sheet 3/4""",Lumber,3,0
2024-12-18,PLY-4x8-75,"Plywood 4x8 Sheet 3/4""",Lumber,6,0
2024-12-19,PLY-4x8-75,"Plywood 4x8 Sheet 3/4""",Lumber,1,0
2024-12-20,PLY-4x8-75,"Plywood 4x8 Sheet 3/4""",Lumber,2,0
2024-12-21,PLY-4x8-75,"Plywood 4x8 Sheet 3/4""",Lumber,6,0
2024-12-22,PLY-4x8-75,"Plywood 4x8 Sheet 3/4""",Lumber,7,0
2024-12-23,PLY-4x8-75,"Plywood 4x8 Sheet 3/4""",Lumber,4,1
2024-12-24,PLY-4x8-75,"Plywood 4x8 Sheet 3/4""",Lumber,5,0
2024-12-25,PLY-4x8-75,"Plywood 4x8 Sheet 3/4""",Lumber,1,0
2024-12-26,PLY-4x8-75,"Plywood 4x8 Sheet 3/4""",Lumber,2,0
2024-12-27,PLY-4x8-75,"Plywood 4x8 Sheet 3/4""",Lumber,4,0
2024-12-28,PLY-4x8-75,"Plywood 4x8 Sheet 3/4""",Lumber,6,1
2024-12-29,PLY-4x8-75,"Plywood 4x8 Sheet 3/4""",Lumber,5,0
2024-12-30,PLY-4x8-75,"Plywood 4x8 Sheet 3/4""",Lumber,6,0
2024-12-31,PLY-4x8-75,"Plywood 4x8 Sheet 3/4""",Lumber,2,0
2025-01-01,PLY-4x8-75,"Plywood 4x8 Sheet 3/4""",Lumber,3,0
2025-01-02,PLY-4x8-75,"Plywood 4x8 Sheet 3/4""",Lumber,3,0
2025-01-03,PLY-4x8-75,"Plywood 4x8 Sheet 3/4""",Lumber,6,0
2025-01-04,PLY-4x8-75,"Plywood 4x8 Sheet 3/4""",Lumber,7,0
2025-01-05,PLY-4x8-75,"Plywood 4x8 Sheet 3/4""",Lumber,4,0
2025-01-06,PLY-4x8-75,"Plywood 4x8 Sheet 3/4""",Lumber,0,0
2025-01-07,PLY-4x8-75,"Plywood 4x8 Sheet 3/4""",Lumber,4,0
2025-01-08,PLY-4x8-75,"Plywood 4x8 Sheet 3/4""",Lumber,2,0
2025-01-09,PLY-4x8-75,"Plywood 4x8 Sheet 3/4""",Lumber,3,0
2025-01-10,PLY-4x8-75,"Plywood 4x8 Sheet 3/4""",Lumber,8,1
2025-01-11,PLY-4x8-75,"Plywood 4x8 Sheet 3/4""",Lumber,5,0
2025-01-12,PLY-4x8-75,"Plywood 4x8 Sheet 3/4""",Lumber,2,0
2025-01-13,PLY-4x8-75,"Plywood 4x8 Sheet 3/4""",Lumber,7,0
2025-01-14,PLY-4x8-75,"Plywood 4x8 Sheet 3/4""",Lumber,4,0
2025-01-15,PLY-4x8-75,"Plywood 4x8 Sheet 3/4""",Lumber,2,0
2025-01-16,PLY-4x8-75,"Plywood 4x8 Sheet 3/4""",Lumber,1,0
2025-01-17,PLY-4x8-75,"Plywood 4x8 Sheet 3/4""",Lumber,5,0
2025-01-18,PLY-4x8-75,"Plywood 4x8 Sheet 3/4""",Lumber,7,0
2025-01-19,PLY-4x8-75,"Plywood 4x8 Sheet 3/4""",Lumber,4,0
2025-01-20,PLY-4x8-75,"Plywood 4x8 Sheet 3/4""",Lumber,5,0
2025-01-21,PLY-4x8-75,"Plywood 4x8 Sheet 3/4""",Lumber,3,0
2025-01-22,PLY-4x8-75,"Plywood 4x8 Sheet 3/4""",Lumber,5,0
2025-01-23,PLY-4x8-75,"Plywood 4x8 Sheet 3/4""",Lumber,4,0
2025-01-24,PLY-4x8-75,"Plywood 4x8 Sheet 3/4""",Lumber,1,0
2025-01-25,PLY-4x8-75,"Plywood 4x8 Sheet 3/4""",Lumber,7,0
2025-01-26,PLY-4x8-75,"Plywood 4x8 Sheet 3/4""",Lumber,5,0
2025-01-27,PLY-4x8-75,"Plywood 4x8 Sheet 3/4""",Lumber,4,0
2025-01-28,PLY-4x8-75,"Plywood 4x8 Sheet 3/4""",Lumber,3,0
2025-01-29,PLY-4x8-75,"Plywood 4x8 Sheet 3/4""",Lumber,1,0
2025-01-30,PLY-4x8-75,"Plywood 4x8 Sheet 3/4""",Lumber,0,0
2025-01-31,PLY-4x8-75,"Plywood 4x8 Sheet 3/4""",Lumber,4,0
2025-02-01,PLY-4x8-75,"Plywood 4x8 Sheet 3/4""",Lumber,5,0
2025-02-02,PLY-4x8-75,"Plywood 4x8 Sheet 3/4""",Lumber,6,0
2025-02-03,PLY-4x8-75,"Plywood 4x8 Sheet 3/4""",Lumber,3,0
2025-02-04,PLY-4x8-75,"Plywood 4x8 Sheet 3/4""",Lumber,5,0
2025-02-05,PLY-4x8-75,"Plywood 4x8 Sheet 3/4""",Lumber,0,0
2025-02-06,PLY-4x8-75,"Plywood 4x8 Sheet 3/4""",Lumber,4,0
2025-02-07,PLY-4x8-75,"Plywood 4x8 Sheet 3/4""",Lumber,6,0
2025-02-08,PLY-4x8-75,"Plywood 4x8 Sheet 3/4""",Lumber,0,0
2025-02-09,PLY-4x8-75,"Plywood 4x8 Sheet 3/4""",Lumber,0,0
2025-02-10,PLY-4x8-75,"Plywood 4x8 Sheet 3/4""",Lumber,7,0
2025-02-11,PLY-4x8-75,"Plywood 4x8 Sheet 3/4""",Lumber,4,0
2025-02-12,PLY-4x8-75,"Plywood 4x8 Sheet 3/4""",Lumber,8,0
2025-02-13,PLY-4x8-75,"Plywood 4x8 Sheet 3/4""",Lumber,1,0
2025-02-14,PLY-4x8-75,"Plywood 4x8 Sheet 3/4""",Lumber,4,0
2025-02-15,PLY-4x8-75,"Plywood 4x8 Sheet 3/4""",Lumber,1,0
2025-02-16,PLY-4x8-75,"Plywood 4x8 Sheet 3/4""",Lumber,2,0
2025-02-17,PLY-4x8-75,"Plywood 4x8 Sheet 3/4""",Lumber,3,0
2025-02-18,PLY-4x8-75,"Plywood 4x8 Sheet 3/4""",Lumber,0,0
2025-02-19,PLY-4x8-75,"Plywood 4x8 Sheet 3/4""",Lumber,2,0
2025-02-20,PLY-4x8-75,"Plywood 4x8 Sheet 3/4""",Lumber,8,0
2025-02-21,PLY-4x8-75,"Plywood 4x8 Sheet 3/4""",Lumber,3,0
2025-02-22,PLY-4x8-75,"Plywood 4x8 Sheet 3/4""",Lumber,0,0
2025-02-23,PLY-4x8-75,"Plywood 4x8 Sheet 3/4""",Lumber,6,0
2025-02-24,PLY-4x8-75,"Plywood 4x8 Sheet 3/4""",Lumber,4,0
2025-02-25,PLY-4x8-75,"Plywood 4x8 Sheet 3/4""",Lumber,5,0
2025-02-26,PLY-4x8-75,"Plywood 4x8 Sheet 3/4""",Lumber,2,0
2025-02-27,PLY-4x8-75,"Plywood 4x8 Sheet 3/4""",Lumber,5,0
2025-02-28,PLY-4x8-75,"Plywood 4x8 Sheet 3/4""",Lumber,4,0
2025-03-01,PLY-4x8-75,"Plywood 4x8 Sheet 3/4""",Lumber,6,0
2025-03-02,PLY-4x8-75,"Plywood 4x8 Sheet 3/4""",Lumber,6,0
2025-03-03,PLY-4x8-75,"Plywood 4x8 Sheet 3/4""",Lumber,6,0
2025-03-04,PLY-4x8-75,"Plywood 4x8 Sheet 3/4""",Lumber,6,0
2025-03-05,PLY-4x8-75,"Plywood 4x8 Sheet 3/4""",Lumber,8,0
2025-03-06,PLY-4x8-75,"Plywood 4x8 Sheet 3/4""",Lumber,4,0
2025-03-07,PLY-4x8-75,"Plywood 4x8 Sheet 3/4""",Lumber,2,0
2025-03-08,PLY-4x8-75,"Plywood 4x8 Sheet 3/4""",Lumber,4,0
2025-03-09,PLY-4x8-75,"Plywood 4x8 Sheet 3/4""",Lumber,6,0
2025-03-10,PLY-4x8-75,"Plywood 4x8 Sheet 3/4""",Lumber,2,0
2025-03-11,PLY-4x8-75,"Plywood 4x8 Sheet 3/4""",Lumber,5,0
2025-03-12,PLY-4x8-75,"Plywood 4x8 Sheet 3/4""",Lumber,8,0
2025-03-13,PLY-4x8-75,"Plywood 4x8 Sheet 3/4""",Lumber,4,0
2025-03-14,PLY-4x8-75,"Plywood 4x8 Sheet 3/4""",Lumber,4,0
2025-03-15,PLY-4x8-75,"Plywood 4x8 Sheet 3/4""",Lumber,4,0
2025-03-16,PLY-4x8-75,"Plywood 4x8 Sheet 3/4""",Lumber,4,0
2025-03-17,PLY-4x8-75,"Plywood 4x8 Sheet 3/4""",Lumber,1,0
2025-03-18,PLY-4x8-75,"Plywood 4x8 Sheet 3/4""",Lumber,3,0
2025-03-19,PLY-4x8-75,"Plywood 4x8 Sheet 3/4""",Lumber,8,0
2025-03-20,PLY-4x8-75,"Plywood 4x8 Sheet 3/4""",Lumber,6,0
2025-03-21,PLY-4x8-75,"Plywood 4x8 Sheet 3/4""",Lumber,6,0
2025-03-22,PLY-4x8-75,"Plywood 4x8 Sheet 3/4""",Lumber,9,0
2025-03-23,PLY-4x8-75,"Plywood 4x8 Sheet 3/4""",Lumber,8,0
2025-03-24,PLY-4x8-75,"Plywood 4x8 Sheet 3/4""",Lumber,4,0
2025-03-25,PLY-4x8-75,"Plywood 4x8 Sheet 3/4""",Lumber,8,0
2025-03-26,PLY-4x8-75,"Plywood 4x8 Sheet 3/4""",Lumber,2,0
2025-03-27,PLY-4x8-75,"Plywood 4x8 Sheet 3/4""",Lumber,6,0
2025-03-28,PLY-4x8-75,"Plywood 4x8 Sheet 3/4""",Lumber,0,0
2025-03-29,PLY-4x8-75,"Plywood 4x8 Sheet 3/4""",Lumber,4,0
2025-03-30,PLY-4x8-75,"Plywood 4x8 Sheet 3/4""",Lumber,8,0
2025-03-31,PLY-4x8-75,"Plywood 4x8 Sheet 3/4""",Lumber,5,0
2025-04-01,PLY-4x8-75,"Plywood 4x8 Sheet 3/4""",Lumber,8,0
2025-04-02,PLY-4x8-75,"Plywood 4x8 Sheet 3/4""",Lumber,4,0
2025-04-03,PLY-4x8-75,"Plywood 4x8 Sheet 3/4""",Lumber,4,0
2025-04-04,PLY-4x8-75,"Plywood 4x8 Sheet 3/4""",Lumber,0,0
2025-04-05,PLY-4x8-75,"Plywood 4x8 Sheet 3/4""",Lumber,2,0
2025-04-06,PLY-4x8-75,"Plywood 4x8 Sheet 3/4""",Lumber,6,0
2025-04-07,PLY-4x8-75,"Plywood 4x8 Sheet 3/4""",Lumber,4,0
2025-04-08,PLY-4x8-75,"Plywood 4x8 Sheet 3/4""",Lumber,2,0
2025-04-09,PLY-4x8-75,"Plywood 4x8 Sheet 3/4""",Lumber,7,0
2025-04-10,PLY-4x8-75,"Plywood 4x8 Sheet 3/4""",Lumber,4,0
2025-04-11,PLY-4x8-75,"Plywood 4x8 Sheet 3/4""",Lumber,4,0
2025-04-12,PLY-4x8-75,"Plywood 4x8 Sheet 3/4""",Lumber,7,0
2025-04-13,PLY-4x8-75,"Plywood 4x8 Sheet 3/4""",Lumber,0,0
2025-04-14,PLY-4x8-75,"Plywood 4x8 Sheet 3/4""",Lumber,8,0
2025-04-15,PLY-4x8-75,"Plywood 4x8 Sheet 3/4""",Lumber,4,0
2025-04-16,PLY-4x8-75,"Plywood 4x8 Sheet 3/4""",Lumber,6,0
2025-04-17,PLY-4x8-75,"Plywood 4x8 Sheet 3/4""",Lumber,4,0
2025-04-18,PLY-4x8-75,"Plywood 4x8 Sheet 3/4""",Lumber,4,0
2025-04-19,PLY-4x8-75,"Plywood 4x8 Sheet 3/4""",Lumber,5,0
2025-04-20,PLY-4x8-75,"Plywood 4x8 Sheet 3/4""",Lumber,2,0
2025-04-21,PLY-4x8-75,"Plywood 4x8 Sheet 3/4""",Lumber,0,0
2025-04-22,PLY-4x8-75,"Plywood 4x8 Sheet 3/4""",Lumber,5,0
2025-04-23,PLY-4x8-75,"Plywood 4x8 Sheet 3/4""",Lumber,2,0
2025-04-24,PLY-4x8-75,"Plywood 4x8 Sheet 3/4""",Lumber,4,0
2025-04-25,PLY-4x8-75,"Plywood 4x8 Sheet 3/4""",Lumber,5,0
2025-04-26,PLY-4x8-75,"Plywood 4x8 Sheet 3/4""",Lumber,6,0
2025-04-27,PLY-4x8-75,"Plywood 4x8 Sheet 3/4""",Lumber,8,0
2025-04-28,PLY-4x8-75,"Plywood 4x8 Sheet 3/4""",Lumber,6,0
2025-04-29,PLY-4x8-75,"Plywood 4x8 Sheet 3/4""",Lumber,8,0
2025-04-30,PLY-4x8-75,"Plywood 4x8 Sheet 3/4""",Lumber,4,0
2025-05-01,PLY-4x8-75,"Plywood 4x8 Sheet 3/4""",Lumber,4,0
2025-05-02,PLY-4x8-75,"Plywood 4x8 Sheet 3/4""",Lumber,2,0
2025-05-03,PLY-4x8-75,"Plywood 4x8 Sheet 3/4""",Lumber,7,0
2025-05-04,PLY-4x8-75,"Plywood 4x8 Sheet 3/4""",Lumber,3,0
2025-05-05,PLY-4x8-75,"Plywood 4x8 Sheet 3/4""",Lumber,2,0
2025-05-06,PLY-4x8-75,"Plywood 4x8 Sheet 3/4""",Lumber,6,0
2025-05-07,PLY-4x8-75,"Plywood 4x8 Sheet 3/4""",Lumber,4,0
2025-05-08,PLY-4x8-75,"Plywood 4x8 Sheet 3/4""",Lumber,3,0
2025-05-09,PLY-4x8-75,"Plywood 4x8 Sheet 3/4""",Lumber,4,0
2025-05-10,PLY-4x8-75,"Plywood 4x8 Sheet 3/4""",Lumber,5,0
2025-05-11,PLY-4x8-75,"Plywood 4x8 Sheet 3/4""",Lumber,10,0
2025-05-12,PLY-4x8-75,"Plywood 4x8 Sheet 3/4""",Lumber,0,0
2025-05-13,PLY-4x8-75,"Plywood 4x8 Sheet 3/4""",Lumber,6,0
2025-05-14,PLY-4x8-75,"Plywood 4x8 Sheet 3/4""",Lumber,4,0
2025-05-15,PLY-4x8-75,"Plywood 4x8 Sheet 3/4""",Lumber,5,0
2025-05-16,PLY-4x8-75,"Plywood 4x8 Sheet 3/4""",Lumber,5,0
2025-05-17,PLY-4x8-75,"Plywood 4x8 Sheet 3/4""",Lumber,6,0
2025-05-18,PLY-4x8-75,"Plywood 4x8 Sheet 3/4""",Lumber,8,0
2025-05-19,PLY-4x8-75,"Plywood 4x8 Sheet 3/4""",Lumber,7,0
2025-05-20,PLY-4x8-75,"Plywood 4x8 Sheet 3/4""",Lumber,6,0
2025-05-21,PLY-4x8-75,"Plywood 4x8 Sheet 3/4""",Lumber,0,0
2025-05-22,PLY-4x8-75,"Plywood 4x8 Sheet 3/4""",Lumber,4,0
2025-05-23,PLY-4x8-75,"Plywood 4x8 Sheet 3/4""",Lumber,2,0
2025-05-24,PLY-4x8-75,"Plywood 4x8 Sheet 3/4""",Lumber,6,0
2025-05-25,PLY-4x8-75,"Plywood 4x8 Sheet 3/4""",Lumber,3,0
2025-05-26,PLY-4x8-75,"Plywood 4x8 Sheet 3/4""",Lumber,5,0
2025-05-27,PLY-4x8-75,"Plywood 4x8 Sheet 3/4""",Lumber,3,0
2025-05-28,PLY-4x8-75,"Plywood 4x8 Sheet 3/4""",Lumber,5,0
2025-05-29,PLY-4x8-75,"Plywood 4x8 Sheet 3/4""",Lumber,11,0
2025-05-30,PLY-4x8-75,"Plywood 4x8 Sheet 3/4""",Lumber,3,0
2025-05-31,PLY-4x8-75,"Plywood 4x8 Sheet 3/4""",Lumber,2,0
2025-06-01,PLY-4x8-75,"Plywood 4x8 Sheet 3/4""",Lumber,5,0
2025-06-02,PLY-4x8-75,"Plywood 4x8 Sheet 3/4""",Lumber,4,0
2025-06-03,PLY-4x8-75,"Plywood 4x8 Sheet 3/4""",Lumber,1,0
2025-06-04,PLY-4x8-75,"Plywood 4x8 Sheet 3/4""",Lumber,4,0
2025-06-05,PLY-4x8-75,"Plywood 4x8 Sheet 3/4""",Lumber,3,0
2025-06-06,PLY-4x8-75,"Plywood 4x8 Sheet 3/4""",Lumber,6,0
2025-06-07,PLY-4x8-75,"Plywood 4x8 Sheet 3/4""",Lumber,4,0
2025-06-08,PLY-4x8-75,"Plywood 4x8 Sheet 3/4""",Lumber,5,0
2025-06-09,PLY-4x8-75,"Plywood 4x8 Sheet 3/4""",Lumber,4,0
2025-06-10,PLY-4x8-75,"Plywood 4x8 Sheet 3/4""",Lumber,6,0
2025-06-11,PLY-4x8-75,"Plywood 4x8 Sheet 3/4""",Lumber,2,0
2025-06-12,PLY-4x8-75,"Plywood 4x8 Sheet 3/4""",Lumber,3,0
2025-06-13,PLY-4x8-75,"Plywood 4x8 Sheet 3/4""",Lumber,5,0
2025-06-14,PLY-4x8-75,"Plywood 4x8 Sheet 3/4""",Lumber,4,0
2025-06-15,PLY-4x8-75,"Plywood 4x8 Sheet 3/4""",Lumber,8,0
2025-06-16,PLY-4x8-75,"Plywood 4x8 Sheet 3/4""",Lumber,6,0
2025-06-17,PLY-4x8-75,"Plywood 4x8 Sheet 3/4""",Lumber,4,0
2025-06-18,PLY-4x8-75,"Plywood 4x8 Sheet 3/4""",Lumber,7,0
2025-06-19,PLY-4x8-75,"Plywood 4x8 Sheet 3/4""",Lumber,0,0
2025-06-20,PLY-4x8-75,"Plywood 4x8 Sheet 3/4""",Lumber,2,0
2025-06-21,PLY-4x8-75,"Plywood 4x8 Sheet 3/4""",Lumber,6,0
2025-06-22,PLY-4x8-75,"Plywood 4x8 Sheet 3/4""",Lumber,4,0
2025-06-23,PLY-4x8-75,"Plywood 4x8 Sheet 3/4""",Lumber,7,0
2025-06-24,PLY-4x8-75,"Plywood 4x8 Sheet 3/4""",Lumber,5,0
2025-06-25,PLY-4x8-75,"Plywood 4x8 Sheet 3/4""",Lumber,3,0
2025-06-26,PLY-4x8-75,"Plywood 4x8 Sheet 3/4""",Lumber,3,0
2025-06-27,PLY-4x8-75,"Plywood 4x8 Sheet 3/4""",Lumber,7,0
2025-06-28,PLY-4x8-75,"Plywood 4x8 Sheet 3/4""",Lumber,6,0
2025-06-29,PLY-4x8-75,"Plywood 4x8 Sheet 3/4""",Lumber,7,0
2025-06-30,PLY-4x8-75,"Plywood 4x8 Sheet 3/4""",Lumber,6,0
2025-07-01,PLY-4x8-75,"Plywood 4x8 Sheet 3/4""",Lumber,6,0
2025-07-02,PLY-4x8-75,"Plywood 4x8 Sheet 3/4""",Lumber,0,0
2025-07-03,PLY-4x8-75,"Plywood 4x8 Sheet 3/4""",Lumber,5,0
2025-07-04,PLY-4x8-75,"Plywood 4x8 Sheet 3/4""",Lumber,5,0
2025-07-05,PLY-4x8-75,"Plywood 4x8 Sheet 3/4""",Lumber,6,0
2025-07-06,PLY-4x8-75,"Plywood 4x8 Sheet 3/4""",Lumber,6,0
2025-07-07,PLY-4x8-75,"Plywood 4x8 Sheet 3/4""",Lumber,6,0
2025-07-08,PLY-4x8-75,"Plywood 4x8 Sheet 3/4""",Lumber,3,0
2025-07-09,PLY-4x8-75,"Plywood 4x8 Sheet 3/4""",Lumber,5,0
2025-07-10,PLY-4x8-75,"Plywood 4x8 Sheet 3/4""",Lumber,5,0
2025-07-11,PLY-4x8-75,"Plywood 4x8 Sheet 3/4""",Lumber,3,0
2025-07-12,PLY-4x8-75,"Plywood 4x8 Sheet 3/4""",Lumber,0,0
2025-07-13,PLY-4x8-75,"Plywood 4x8 Sheet 3/4""",Lumber,6,0
2025-07-14,PLY-4x8-75,"Plywood 4x8 Sheet 3/4""",Lumber,4,0
2025-07-15,PLY-4x8-75,"Plywood 4x8 Sheet 3/4""",Lumber,4,0
2025-07-16,PLY-4x8-75,"Plywood 4x8 Sheet 3/4""",Lumber,4,0
2025-07-17,PLY-4x8-75,"Plywood 4x8 Sheet 3/4""",Lumber,4,0
2025-07-18,PLY-4x8-75,"Plywood 4x8 Sheet 3/4""",Lumber,9,0
2025-07-19,PLY-4x8-75,"Plywood 4x8 Sheet 3/4""",Lumber,3,0
2025-07-20,PLY-4x8-75,"Plywood 4x8 Sheet 3/4""",Lumber,4,0
2025-07-21,PLY-4x8-75,"Plywood 4x8 Sheet 3/4""",Lumber,4,0
2025-07-22,PLY-4x8-75,"Plywood 4x8 Sheet 3/4""",Lumber,2,0
2025-07-23,PLY-4x8-75,"Plywood 4x8 Sheet 3/4""",Lumber,4,0
2025-07-24,PLY-4x8-75,"Plywood 4x8 Sheet 3/4""",Lumber,0,0
2025-07-25,PLY-4x8-75,"Plywood 4x8 Sheet 3/4""",Lumber,5,0
2025-07-26,PLY-4x8-75,"Plywood 4x8 Sheet 3/4""",Lumber,4,0
2025-07-27,PLY-4x8-75,"Plywood 4x8 Sheet 3/4""",Lumber,3,0
2025-07-28,PLY-4x8-75,"Plywood 4x8 Sheet 3/4""",Lumber,4,0
2025-07-29,PLY-4x8-75,"Plywood 4x8 Sheet 3/4""",Lumber,4,0
2025-07-30,PLY-4x8-75,"Plywood 4x8 Sheet 3/4""",Lumber,3,0
2025-07-31,PLY-4x8-75,"Plywood 4x8 Sheet 3/4""",Lumber,0,0
2025-08-01,PLY-4x8-75,"Plywood 4x8 Sheet 3/4""",Lumber,3,0
2025-08-02,PLY-4x8-75,"Plywood 4x8 Sheet 3/4""",Lumber,7,0
2025-08-03,PLY-4x8-75,"Plywood 4x8 Sheet 3/4""",Lumber,5,0
2025-08-04,PLY-4x8-75,"Plywood 4x8 Sheet 3/4""",Lumber,5,0
2025-08-05,PLY-4x8-75,"Plywood 4x8 Sheet 3/4""",Lumber,7,0
2025-08-06,PLY-4x8-75,"Plywood 4x8 Sheet 3/4""",Lumber,1,0
2025-08-07,PLY-4x8-75,"Plywood 4x8 Sheet 3/4""",Lumber,5,0
2025-08-08,PLY-4x8-75,"Plywood 4x8 Sheet 3/4""",Lumber,3,0
2025-08-09,PLY-4x8-75,"Plywood 4x8 Sheet 3/4""",Lumber,6,0
2025-08-10,PLY-4x8-75,"Plywood 4x8 Sheet 3/4""",Lumber,6,0
2025-08-11,PLY-4x8-75,"Plywood 4x8 Sheet 3/4""",Lumber,4,0
2025-08-12,PLY-4x8-75,"Plywood 4x8 Sheet 3/4""",Lumber,3,0
2025-08-13,PLY-4x8-75,"Plywood 4x8 Sheet 3/4""",Lumber,3,0
2025-08-14,PLY-4x8-75,"Plywood 4x8 Sheet 3/4""",Lumber,3,0
2025-08-15,PLY-4x8-75,"Plywood 4x8 Sheet 3/4""",Lumber,2,0
2025-08-16,PLY-4x8-75,"Plywood 4x8 Sheet 3/4""",Lumber,7,0
2025-08-17,PLY-4x8-75,"Plywood 4x8 Sheet 3/4""",Lumber,6,1
2025-08-18,PLY-4x8-75,"Plywood 4x8 Sheet 3/4""",Lumber,2,0
2025-08-19,PLY-4x8-75,"Plywood 4x8 Sheet 3/4""",Lumber,3,0
2025-08-20,PLY-4x8-75,"Plywood 4x8 Sheet 3/4""",Lumber,5,0
2025-08-21,PLY-4x8-75,"Plywood 4x8 Sheet 3/4""",Lumber,3,0
2025-08-22,PLY-4x8-75,"Plywood 4x8 Sheet 3/4""",Lumber,9,0
2025-08-23,PLY-4x8-75,"Plywood 4x8 Sheet 3/4""",Lumber,6,0
2025-08-24,PLY-4x8-75,"Plywood 4x8 Sheet 3/4""",Lumber,8,0
2025-08-25,PLY-4x8-75,"Plywood 4x8 Sheet 3/4""",Lumber,3,0
2025-08-26,PLY-4x8-75,"Plywood 4x8 Sheet 3/4""",Lumber,5,0
2025-08-27,PLY-4x8-75,"Plywood 4x8 Sheet 3/4""",Lumber,7,0
2025-08-28,PLY-4x8-75,"Plywood 4x8 Sheet 3/4""",Lumber,3,0
2025-08-29,PLY-4x8-75,"Plywood 4x8 Sheet 3/4""",Lumber,8,0
2025-08-30,PLY-4x8-75,"Plywood 4x8 Sheet 3/4""",Lumber,8,0
2025-08-31,PLY-4x8-75,"Plywood 4x8 Sheet 3/4""",Lumber,6,0
2025-09-01,PLY-4x8-75,"Plywood 4x8 Sheet 3/4""",Lumber,0,0
2025-09-02,PLY-4x8-75,"Plywood 4x8 Sheet 3/4""",Lumber,4,0
2025-09-03,PLY-4x8-75,"Plywood 4x8 Sheet 3/4""",Lumber,5,0
2025-09-04,PLY-4x8-75,"Plywood 4x8 Sheet 3/4""",Lumber,4,0
2025-09-05,PLY-4x8-75,"Plywood 4x8 Sheet 3/4""",Lumber,3,0
2025-09-06,PLY-4x8-75,"Plywood 4x8 Sheet 3/4""",Lumber,0,0
2025-09-07,PLY-4x8-75,"Plywood 4x8 Sheet 3/4""",Lumber,3,0
2025-09-08,PLY-4x8-75,"Plywood 4x8 Sheet 3/4""",Lumber,2,0
2025-09-09,PLY-4x8-75,"Plywood 4x8 Sheet 3/4""",Lumber,3,0
2025-09-10,PLY-4x8-75,"Plywood 4x8 Sheet 3/4""",Lumber,7,0
2025-09-11,PLY-4x8-75,"Plywood 4x8 Sheet 3/4""",Lumber,5,0
2025-09-12,PLY-4x8-75,"Plywood 4x8 Sheet 3/4""",Lumber,3,0
2025-09-13,PLY-4x8-75,"Plywood 4x8 Sheet 3/4""",Lumber,6,0
2025-09-14,PLY-4x8-75,"Plywood 4x8 Sheet 3/4""",Lumber,4,0
2025-09-15,PLY-4x8-75,"Plywood 4x8 Sheet 3/4""",Lumber,2,0
2025-09-16,PLY-4x8-75,"Plywood 4x8 Sheet 3/4""",Lumber,6,0
2025-09-17,PLY-4x8-75,"Plywood 4x8 Sheet 3/4""",Lumber,0,0
2025-09-18,PLY-4x8-75,"Plywood 4x8 Sheet 3/4""",Lumber,1,0
2025-09-19,PLY-4x8-75,"Plywood 4x8 Sheet 3/4""",Lumber,2,0
2025-09-20,PLY-4x8-75,"Plywood 4x8 Sheet 3/4""",Lumber,4,0
2025-09-21,PLY-4x8-75,"Plywood 4x8 Sheet 3/4""",Lumber,1,0
2025-09-22,PLY-4x8-75,"Plywood 4x8 Sheet 3/4""",Lumber,4,0
2025-09-23,PLY-4x8-75,"Plywood 4x8 Sheet 3/4""",Lumber,7,0
2025-09-24,PLY-4x8-75,"Plywood 4x8 Sheet 3/4""",Lumber,1,0
2025-09-25,PLY-4x8-75,"Plywood 4x8 Sheet 3/4""",Lumber,2,0
2025-09-26,PLY-4x8-75,"Plywood 4x8 Sheet 3/4""",Lumber,7,0
2025-09-27,PLY-4x8-75,"Plywood 4x8 Sheet 3/4""",Lumber,3,0
2025-09-28,PLY-4x8-75,"Plywood 4x8 Sheet 3/4""",Lumber,2,0
2025-09-29,PLY-4x8-75,"Plywood 4x8 Sheet 3/4""",Lumber,3,0
2025-09-30,PLY-4x8-75,"Plywood 4x8 Sheet 3/4""",Lumber,7,0
2025-10-01,PLY-4x8-75,"Plywood 4x8 Sheet 3/4""",Lumber,0,0
2025-10-02,PLY-4x8-75,"Plywood 4x8 Sheet 3/4""",Lumber,3,0
2025-10-03,PLY-4x8-75,"Plywood 4x8 Sheet 3/4""",Lumber,6,0
2025-10-04,PLY-4x8-75,"Plywood 4x8 Sheet 3/4""",Lumber,10,0
2025-10-05,PLY-4x8-75,"Plywood 4x8 Sheet 3/4""",Lumber,2,0
2025-10-06,PLY-4x8-75,"Plywood 4x8 Sheet 3/4""",Lumber,3,0
2025-10-07,PLY-4x8-75,"Plywood 4x8 Sheet 3/4""",Lumber,1,0
2025-10-08,PLY-4x8-75,"Plywood 4x8 Sheet 3/4""",Lumber,3,0
2025-10-09,PLY-4x8-75,"Plywood 4x8 Sheet 3/4""",Lumber,3,0
2025-10-10,PLY-4x8-75,"Plywood 4x8 Sheet 3/4""",Lumber,3,0
2025-10-11,PLY-4x8-75,"Plywood 4x8 Sheet 3/4""",Lumber,4,0
2025-10-12,PLY-4x8-75,"Plywood 4x8 Sheet 3/4""",Lumber,5,0
2025-10-13,PLY-4x8-75,"Plywood 4x8 Sheet 3/4""",Lumber,6,0
2025-10-14,PLY-4x8-75,"Plywood 4x8 Sheet 3/4""",Lumber,3,0
2025-10-15,PLY-4x8-75,"Plywood 4x8 Sheet 3/4""",Lumber,1,0
2025-10-16,PLY-4x8-75,"Plywood 4x8 Sheet 3/4""",Lumber,2,0
2025-10-17,PLY-4x8-75,"Plywood 4x8 Sheet 3/4""",Lumber,7,0
2025-10-18,PLY-4x8-75,"Plywood 4x8 Sheet 3/4""",Lumber,0,0
2025-10-19,PLY-4x8-75,"Plywood 4x8 Sheet 3/4""",Lumber,0,0
2025-10-20,PLY-4x8-75,"Plywood 4x8 Sheet 3/4""",Lumber,2,0
2025-10-21,PLY-4x8-75,"Plywood 4x8 Sheet 3/4""",Lumber,1,0
2025-10-22,PLY-4x8-75,"Plywood 4x8 Sheet 3/4""",Lumber,4,0
2025-10-23,PLY-4x8-75,"Plywood 4x8 Sheet 3/4""",Lumber,3,0
2025-10-24,PLY-4x8-75,"Plywood 4x8 Sheet 3/4""",Lumber,3,0
2025-10-25,PLY-4x8-75,"Plywood 4x8 Sheet 3/4""",Lumber,6,0
2025-10-26,PLY-4x8-75,"Plywood 4x8 Sheet 3/4""",Lumber,4,0
2025-10-27,PLY-4x8-75,"Plywood 4x8 Sheet 3/4""",Lumber,6,1
2025-10-28,PLY-4x8-75,"Plywood 4x8 Sheet 3/4""",Lumber,5,0
2025-10-29,PLY-4x8-75,"Plywood 4x8 Sheet 3/4""",Lumber,3,0
2025-10-30,PLY-4x8-75,"Plywood 4x8 Sheet 3/4""",Lumber,3,0
2025-10-31,PLY-4x8-75,"Plywood 4x8 Sheet 3/4""",Lumber,0,0
2025-11-01,PLY-4x8-75,"Plywood 4x8 Sheet 3/4""",Lumber,9,0
2025-11-02,PLY-4x8-75,"Plywood 4x8 Sheet 3/4""",Lumber,0,0
2025-11-03,PLY-4x8-75,"Plywood 4x8 Sheet 3/4""",Lumber,3,0
2025-11-04,PLY-4x8-75,"Plywood 4x8 Sheet 3/4""",Lumber,0,0
2025-11-05,PLY-4x8-75,"Plywood 4x8 Sheet 3/4""",Lumber,9,0
2025-11-06,PLY-4x8-75,"Plywood 4x8 Sheet 3/4""",Lumber,7,0
2025-11-07,PLY-4x8-75,"Plywood 4x8 Sheet 3/4""",Lumber,1,0
2025-11-08,PLY-4x8-75,"Plywood 4x8 Sheet 3/4""",Lumber,6,0
2025-11-09,PLY-4x8-75,"Plywood 4x8 Sheet 3/4""",Lumber,7,0
2025-11-10,PLY-4x8-75,"Plywood 4x8 Sheet 3/4""",Lumber,7,0
2025-11-11,PLY-4x8-75,"Plywood 4x8 Sheet 3/4""",Lumber,6,0
2025-11-12,PLY-4x8-75,"Plywood 4x8 Sheet 3/4""",Lumber,1,0
2025-11-13,PLY-4x8-75,"Plywood 4x8 Sheet 3/4""",Lumber,0,0
2025-11-14,PLY-4x8-75,"Plywood 4x8 Sheet 3/4""",Lumber,2,0
2025-11-15,PLY-4x8-75,"Plywood 4x8 Sheet 3/4""",Lumber,4,0
2025-11-16,PLY-4x8-75,"Plywood 4x8 Sheet 3/4""",Lumber,3,0
2025-11-17,PLY-4x8-75,"Plywood 4x8 Sheet 3/4""",Lumber,1,0
2025-11-18,PLY-4x8-75,"Plywood 4x8 Sheet 3/4""",Lumber,6,0
2025-11-19,PLY-4x8-75,"Plywood 4x8 Sheet 3/4""",Lumber,5,0
2025-11-20,PLY-4x8-75,"Plywood 4x8 Sheet 3/4""",Lumber,1,0
2025-11-21,PLY-4x8-75,"Plywood 4x8 Sheet 3/4""",Lumber,9,0
2025-11-22,PLY-4x8-75,"Plywood 4x8 Sheet 3/4""",Lumber,5,0
2025-11-23,PLY-4x8-75,"Plywood 4x8 Sheet 3/4""",Lumber,3,0
2025-11-24,PLY-4x8-75,"Plywood 4x8 Sheet 3/4""",Lumber,1,0
2025-11-25,PLY-4x8-75,"Plywood 4x8 Sheet 3/4""",Lumber,3,0
2025-11-26,PLY-4x8-75,"Plywood 4x8 Sheet 3/4""",Lumber,4,0
2025-11-27,PLY-4x8-75,"Plywood 4x8 Sheet 3/4""",Lumber,8,0
2025-11-28,PLY-4x8-75,"Plywood 4x8 Sheet 3/4""",Lumber,4,0
2025-11-29,PLY-4x8-75,"Plywood 4x8 Sheet 3/4""",Lumber,9,0
2025-11-30,PLY-4x8-75,"Plywood 4x8 Sheet 3/4""",Lumber,4,0
2025-12-01,PLY-4x8-75,"Plywood 4x8 Sheet 3/4""",Lumber,3,0
2025-12-02,PLY-4x8-75,"Plywood 4x8 Sheet 3/4""",Lumber,0,0
2025-12-03,PLY-4x8-75,"Plywood 4x8 Sheet 3/4""",Lumber,2,0
2025-12-04,PLY-4x8-75,"Plywood 4x8 Sheet 3/4""",Lumber,2,0
2025-12-05,PLY-4x8-75,"Plywood 4x8 Sheet 3/4""",Lumber,2,0
2025-12-06,PLY-4x8-75,"Plywood 4x8 Sheet 3/4""",Lumber,3,0
2025-12-07,PLY-4x8-75,"Plywood 4x8 Sheet 3/4""",Lumber,5,0
2025-12-08,PLY-4x8-75,"Plywood 4x8 Sheet 3/4""",Lumber,6,0
2025-12-09,PLY-4x8-75,"Plywood 4x8 Sheet 3/4""",Lumber,3,0
2025-12-10,PLY-4x8-75,"Plywood 4x8 Sheet 3/4""",Lumber,4,0
2025-12-11,PLY-4x8-75,"Plywood 4x8 Sheet 3/4""",Lumber,1,0
2025-12-12,PLY-4x8-75,"Plywood 4x8 Sheet 3/4""",Lumber,3,0
2025-12-13,PLY-4x8-75,"Plywood 4x8 Sheet 3/4""",Lumber,4,0
2025-12-14,PLY-4x8-75,"Plywood 4x8 Sheet 3/4""",Lumber,4,0
2025-12-15,PLY-4x8-75,"Plywood 4x8 Sheet 3/4""",Lumber,5,0
2025-12-16,PLY-4x8-75,"Plywood 4x8 Sheet 3/4""",Lumber,1,0
2025-12-17,PLY-4x8-75,"Plywood 4x8 Sheet 3/4""",Lumber,7,0
2025-12-18,PLY-4x8-75,"Plywood 4x8 Sheet 3/4""",Lumber,5,0
2025-12-19,PLY-4x8-75,"Plywood 4x8 Sheet 3/4""",Lumber,1,0
2025-12-20,PLY-4x8-75,"Plywood 4x8 Sheet 3/4""",Lumber,3,0
2025-12-21,PLY-4x8-75,"Plywood 4x8 Sheet 3/4""",Lumber,3,0
2025-12-22,PLY-4x8-75,"Plywood 4x8 Sheet 3/4""",Lumber,2,0
2025-12-23,PLY-4x8-75,"Plywood 4x8 Sheet 3/4""",Lumber,0,0
2025-12-24,PLY-4x8-75,"Plywood 4x8 Sheet 3/4""",Lumber,3,0
2025-12-25,PLY-4x8-75,"Plywood 4x8 Sheet 3/4""",Lumber,4,0
2025-12-26,PLY-4x8-75,"Plywood 4x8 Sheet 3/4""",Lumber,4,0
2025-12-27,PLY-4x8-75,"Plywood 4x8 Sheet 3/4""",Lumber,3,0
2025-12-28,PLY-4x8-75,"Plywood 4x8 Sheet 3/4""",Lumber,9,1
2025-12-29,PLY-4x8-75,"Plywood 4x8 Sheet 3/4""",Lumber,0,0
2025-12-30,PLY-4x8-75,"Plywood 4x8 Sheet 3/4""",Lumber,9,0
2025-12-31,PLY-4x8-75,"Plywood 4x8 Sheet 3/4""",Lumber,2,0
2026-01-01,PLY-4x8-75,"Plywood 4x8 Sheet 3/4""",Lumber,2,0
2026-01-02,PLY-4x8-75,"Plywood 4x8 Sheet 3/4""",Lumber,0,0
2026-01-03,PLY-4x8-75,"Plywood 4x8 Sheet 3/4""",Lumber,9,0
2026-01-04,PLY-4x8-75,"Plywood 4x8 Sheet 3/4""",Lumber,3,0
2026-01-05,PLY-4x8-75,"Plywood 4x8 Sheet 3/4""",Lumber,4,0
2026-01-06,PLY-4x8-75,"Plywood 4x8 Sheet 3/4""",Lumber,1,0
2026-01-07,PLY-4x8-75,"Plywood 4x8 Sheet 3/4""",Lumber,3,0
2026-01-08,PLY-4x8-75,"Plywood 4x8 Sheet 3/4""",Lumber,3,0
2026-01-09,PLY-4x8-75,"Plywood 4x8 Sheet 3/4""",Lumber,0,0
2026-01-10,PLY-4x8-75,"Plywood 4x8 Sheet 3/4""",Lumber,2,0
2026-01-11,PLY-4x8-75,"Plywood 4x8 Sheet 3/4""",Lumber,3,0
2026-01-12,PLY-4x8-75,"Plywood 4x8 Sheet 3/4""",Lumber,5,0
2026-01-13,PLY-4x8-75,"Plywood 4x8 Sheet 3/4""",Lumber,4,0
2026-01-14,PLY-4x8-75,"Plywood 4x8 Sheet 3/4""",Lumber,2,0
2026-01-15,PLY-4x8-75,"Plywood 4x8 Sheet 3/4""",Lumber,3,0
2026-01-16,PLY-4x8-75,"Plywood 4x8 Sheet 3/4""",Lumber,3,0
2026-01-17,PLY-4x8-75,"Plywood 4x8 Sheet 3/4""",Lumber,6,0
2026-01-18,PLY-4x8-75,"Plywood 4x8 Sheet 3/4""",Lumber,8,0
2026-01-19,PLY-4x8-75,"Plywood 4x8 Sheet 3/4""",Lumber,0,0
2026-01-20,PLY-4x8-75,"Plywood 4x8 Sheet 3/4""",Lumber,4,0
2026-01-21,PLY-4x8-75,"Plywood 4x8 Sheet 3/4""",Lumber,3,0
2026-01-22,PLY-4x8-75,"Plywood 4x8 Sheet 3/4""",Lumber,2,0
2026-01-23,PLY-4x8-75,"Plywood 4x8 Sheet 3/4""",Lumber,3,0
2026-01-24,PLY-4x8-75,"Plywood 4x8 Sheet 3/4""",Lumber,7,0
2026-01-25,PLY-4x8-75,"Plywood 4x8 Sheet 3/4""",Lumber,4,0
2026-01-26,PLY-4x8-75,"Plywood 4x8 Sheet 3/4""",Lumber,4,0
2026-01-27,PLY-4x8-75,"Plywood 4x8 Sheet 3/4""",Lumber,1,0
2026-01-28,PLY-4x8-75,"Plywood 4x8 Sheet 3/4""",Lumber,3,0
2026-01-29,PLY-4x8-75,"Plywood 4x8 Sheet 3/4""",Lumber,2,0
2026-01-30,PLY-4x8-75,"Plywood 4x8 Sheet 3/4""",Lumber,3,0
2026-01-31,PLY-4x8-75,"Plywood 4x8 Sheet 3/4""",Lumber,7,0
2026-02-01,PLY-4x8-75,"Plywood 4x8 Sheet 3/4""",Lumber,7,0
2026-02-02,PLY-4x8-75,"Plywood 4x8 Sheet 3/4""",Lumber,4,0
2026-02-03,PLY-4x8-75,"Plywood 4x8 Sheet 3/4""",Lumber,4,0
2026-02-04,PLY-4x8-75,"Plywood 4x8 Sheet 3/4""",Lumber,5,0
2026-02-05,PLY-4x8-75,"Plywood 4x8 Sheet 3/4""",Lumber,3,0
2026-02-06,PLY-4x8-75,"Plywood 4x8 Sheet 3/4""",Lumber,3,0
2026-02-07,PLY-4x8-75,"Plywood 4x8 Sheet 3/4""",Lumber,5,0
2026-02-08,PLY-4x8-75,"Plywood 4x8 Sheet 3/4""",Lumber,4,0
2026-02-09,PLY-4x8-75,"Plywood 4x8 Sheet 3/4""",Lumber,2,0
2026-02-10,PLY-4x8-75,"Plywood 4x8 Sheet 3/4""",Lumber,2,0
2026-02-11,PLY-4x8-75,"Plywood 4x8 Sheet 3/4""",Lumber,0,0
2026-02-12,PLY-4x8-75,"Plywood 4x8 Sheet 3/4""",Lumber,5,0
2026-02-13,PLY-4x8-75,"Plywood 4x8 Sheet 3/4""",Lumber,4,0
2026-02-14,PLY-4x8-75,"Plywood 4x8 Sheet 3/4""",Lumber,3,0
2026-02-15,PLY-4x8-75,"Plywood 4x8 Sheet 3/4""",Lumber,7,0
2026-02-16,PLY-4x8-75,"Plywood 4x8 Sheet 3/4""",Lumber,3,0
2026-02-17,PLY-4x8-75,"Plywood 4x8 Sheet 3/4""",Lumber,4,0
2026-02-18,PLY-4x8-75,"Plywood 4x8 Sheet 3/4""",Lumber,5,0
2026-02-19,PLY-4x8-75,"Plywood 4x8 Sheet 3/4""",Lumber,4,0
2026-02-20,PLY-4x8-75,"Plywood 4x8 Sheet 3/4""",Lumber,2,0
2026-02-21,PLY-4x8-75,"Plywood 4x8 Sheet 3/4""",Lumber,9,0
2026-02-22,PLY-4x8-75,"Plywood 4x8 Sheet 3/4""",Lumber,4,0
2026-02-23,PLY-4x8-75,"Plywood 4x8 Sheet 3/4""",Lumber,0,0
2026-02-24,PLY-4x8-75,"Plywood 4x8 Sheet 3/4""",Lumber,5,0
2026-02-25,PLY-4x8-75,"Plywood 4x8 Sheet 3/4""",Lumber,5,0
2026-02-26,PLY-4x8-75,"Plywood 4x8 Sheet 3/4""",Lumber,2,0
2026-02-27,PLY-4x8-75,"Plywood 4x8 Sheet 3/4""",Lumber,5,0
2026-02-28,PLY-4x8-75,"Plywood 4x8 Sheet 3/4""",Lumber,8,0
2026-03-01,PLY-4x8-75,"Plywood 4x8 Sheet 3/4""",Lumber,9,0
2026-03-02,PLY-4x8-75,"Plywood 4x8 Sheet 3/4""",Lumber,2,0
2026-03-03,PLY-4x8-75,"Plywood 4x8 Sheet 3/4""",Lumber,6,0
2026-03-04,PLY-4x8-75,"Plywood 4x8 Sheet 3/4""",Lumber,2,0
2026-03-05,PLY-4x8-75,"Plywood 4x8 Sheet 3/4""",Lumber,3,0
2026-03-06,PLY-4x8-75,"Plywood 4x8 Sheet 3/4""",Lumber,7,0
2026-03-07,PLY-4x8-75,"Plywood 4x8 Sheet 3/4""",Lumber,3,0
2026-03-08,PLY-4x8-75,"Plywood 4x8 Sheet 3/4""",Lumber,0,0
2026-03-09,PLY-4x8-75,"Plywood 4x8 Sheet 3/4""",Lumber,4,0
2026-03-10,PLY-4x8-75,"Plywood 4x8 Sheet 3/4""",Lumber,8,0
2026-03-11,PLY-4x8-75,"Plywood 4x8 Sheet 3/4""",Lumber,5,0
2026-03-12,PLY-4x8-75,"Plywood 4x8 Sheet 3/4""",Lumber,6,0
2026-03-13,PLY-4x8-75,"Plywood 4x8 Sheet 3/4""",Lumber,3,0
2026-03-14,PLY-4x8-75,"Plywood 4x8 Sheet 3/4""",Lumber,7,0
2026-03-15,PLY-4x8-75,"Plywood 4x8 Sheet 3/4""",Lumber,9,0
2026-03-16,PLY-4x8-75,"Plywood 4x8 Sheet 3/4""",Lumber,3,0
2026-03-17,PLY-4x8-75,"Plywood 4x8 Sheet 3/4""",Lumber,5,0
2026-03-18,PLY-4x8-75,"Plywood 4x8 Sheet 3/4""",Lumber,1,0
2026-03-19,PLY-4x8-75,"Plywood 4x8 Sheet 3/4""",Lumber,4,0
2026-03-20,PLY-4x8-75,"Plywood 4x8 Sheet 3/4""",Lumber,6,0
2026-03-21,PLY-4x8-75,"Plywood 4x8 Sheet 3/4""",Lumber,6,0
2026-03-22,PLY-4x8-75,"Plywood 4x8 Sheet 3/4""",Lumber,4,0
2026-03-23,PLY-4x8-75,"Plywood 4x8 Sheet 3/4""",Lumber,5,0
2026-03-24,PLY-4x8-75,"Plywood 4x8 Sheet 3/4""",Lumber,6,0
2026-03-25,PLY-4x8-75,"Plywood 4x8 Sheet 3/4""",Lumber,5,0
2026-03-26,PLY-4x8-75,"Plywood 4x8 Sheet 3/4""",Lumber,4,0
2026-03-27,PLY-4x8-75,"Plywood 4x8 Sheet 3/4""",Lumber,3,0
2026-03-28,PLY-4x8-75,"Plywood 4x8 Sheet 3/4""",Lumber,4,0
2026-03-29,PLY-4x8-75,"Plywood 4x8 Sheet 3/4""",Lumber,7,0
2026-03-30,PLY-4x8-75,"Plywood 4x8 Sheet 3/4""",Lumber,2,0
2026-03-31,PLY-4x8-75,"Plywood 4x8 Sheet 3/4""",Lumber,6,0
2026-04-01,PLY-4x8-75,"Plywood 4x8 Sheet 3/4""",Lumber,7,0
2026-04-02,PLY-4x8-75,"Plywood 4x8 Sheet 3/4""",Lumber,4,0
2026-04-03,PLY-4x8-75,"Plywood 4x8 Sheet 3/4""",Lumber,8,0
2026-04-04,PLY-4x8-75,"Plywood 4x8 Sheet 3/4""",Lumber,10,0
2026-04-05,PLY-4x8-75,"Plywood 4x8 Sheet 3/4""",Lumber,6,0
2026-04-06,PLY-4x8-75,"Plywood 4x8 Sheet 3/4""",Lumber,6,0
2026-04-07,PLY-4x8-75,"Plywood 4x8 Sheet 3/4""",Lumber,4,0
2026-04-08,PLY-4x8-75,"Plywood 4x8 Sheet 3/4""",Lumber,4,0
2026-04-09,PLY-4x8-75,"Plywood 4x8 Sheet 3/4""",Lumber,3,0
2026-04-10,PLY-4x8-75,"Plywood 4x8 Sheet 3/4""",Lumber,3,0
2026-04-11,PLY-4x8-75,"Plywood 4x8 Sheet 3/4""",Lumber,3,0
2026-04-12,PLY-4x8-75,"Plywood 4x8 Sheet 3/4""",Lumber,5,0
2026-04-13,PLY-4x8-75,"Plywood 4x8 Sheet 3/4""",Lumber,3,0
2026-04-14,PLY-4x8-75,"Plywood 4x8 Sheet 3/4""",Lumber,0,0
2026-04-15,PLY-4x8-75,"Plywood 4x8 Sheet 3/4""",Lumber,0,0
2026-04-16,PLY-4x8-75,"Plywood 4x8 Sheet 3/4""",Lumber,3,0
2026-04-17,PLY-4x8-75,"Plywood 4x8 Sheet 3/4""",Lumber,4,0
2026-04-18,PLY-4x8-75,"Plywood 4x8 Sheet 3/4""",Lumber,0,0
2026-04-19,PLY-4x8-75,"Plywood 4x8 Sheet 3/4""",Lumber,2,0
2026-04-20,PLY-4x8-75,"Plywood 4x8 Sheet 3/4""",Lumber,4,0
2026-04-21,PLY-4x8-75,"Plywood 4x8 Sheet 3/4""",Lumber,4,0
2026-04-22,PLY-4x8-75,"Plywood 4x8 Sheet 3/4""",Lumber,4,0
2026-04-23,PLY-4x8-75,"Plywood 4x8 Sheet 3/4""",Lumber,6,0
2026-04-24,PLY-4x8-75,"Plywood 4x8 Sheet 3/4""",Lumber,7,0
2026-04-25,PLY-4x8-75,"Plywood 4x8 Sheet 3/4""",Lumber,6,0
2026-04-26,PLY-4x8-75,"Plywood 4x8 Sheet 3/4""",Lumber,2,0
2026-04-27,PLY-4x8-75,"Plywood 4x8 Sheet 3/4""",Lumber,0,0
2026-04-28,PLY-4x8-75,"Plywood 4x8 Sheet 3/4""",Lumber,3,0
2026-04-29,PLY-4x8-75,"Plywood 4x8 Sheet 3/4""",Lumber,6,0
2026-04-30,PLY-4x8-75,"Plywood 4x8 Sheet 3/4""",Lumber,4,0
2026-05-01,PLY-4x8-75,"Plywood 4x8 Sheet 3/4""",Lumber,4,0
2026-05-02,PLY-4x8-75,"Plywood 4x8 Sheet 3/4""",Lumber,9,0
2026-05-03,PLY-4x8-75,"Plywood 4x8 Sheet 3/4""",Lumber,7,0
2026-05-04,PLY-4x8-75,"Plywood 4x8 Sheet 3/4""",Lumber,3,0
2026-05-05,PLY-4x8-75,"Plywood 4x8 Sheet 3/4""",Lumber,3,0
2026-05-06,PLY-4x8-75,"Plywood 4x8 Sheet 3/4""",Lumber,4,0
2026-05-07,PLY-4x8-75,"Plywood 4x8 Sheet 3/4""",Lumber,2,0
2026-05-08,PLY-4x8-75,"Plywood 4x8 Sheet 3/4""",Lumber,5,0
2026-05-09,PLY-4x8-75,"Plywood 4x8 Sheet 3/4""",Lumber,8,0
2026-05-10,PLY-4x8-75,"Plywood 4x8 Sheet 3/4""",Lumber,5,0
2026-05-11,PLY-4x8-75,"Plywood 4x8 Sheet 3/4""",Lumber,2,0
2026-05-12,PLY-4x8-75,"Plywood 4x8 Sheet 3/4""",Lumber,3,0
2026-05-13,PLY-4x8-75,"Plywood 4x8 Sheet 3/4""",Lumber,6,0
2026-05-14,PLY-4x8-75,"Plywood 4x8 Sheet 3/4""",Lumber,4,0
2026-05-15,PLY-4x8-75,"Plywood 4x8 Sheet 3/4""",Lumber,1,0
2024-11-22,OSB-4x8-716,"OSB Board 4x8 Sheet 7/16""",Lumber,0,0
2024-11-23,OSB-4x8-716,"OSB Board 4x8 Sheet 7/16""",Lumber,0,0
2024-11-24,OSB-4x8-716,"OSB Board 4x8 Sheet 7/16""",Lumber,4,0
2024-11-25,OSB-4x8-716,"OSB Board 4x8 Sheet 7/16""",Lumber,0,0
2024-11-26,OSB-4x8-716,"OSB Board 4x8 Sheet 7/16""",Lumber,5,0
2024-11-27,OSB-4x8-716,"OSB Board 4x8 Sheet 7/16""",Lumber,4,0
2024-11-28,OSB-4x8-716,"OSB Board 4x8 Sheet 7/16""",Lumber,0,0
2024-11-29,OSB-4x8-716,"OSB Board 4x8 Sheet 7/16""",Lumber,6,0
2024-11-30,OSB-4x8-716,"OSB Board 4x8 Sheet 7/16""",Lumber,4,0
2024-12-01,OSB-4x8-716,"OSB Board 4x8 Sheet 7/16""",Lumber,5,1
2024-12-02,OSB-4x8-716,"OSB Board 4x8 Sheet 7/16""",Lumber,3,0
2024-12-03,OSB-4x8-716,"OSB Board 4x8 Sheet 7/16""",Lumber,4,0
2024-12-04,OSB-4x8-716,"OSB Board 4x8 Sheet 7/16""",Lumber,7,0
2024-12-05,OSB-4x8-716,"OSB Board 4x8 Sheet 7/16""",Lumber,0,0
2024-12-06,OSB-4x8-716,"OSB Board 4x8 Sheet 7/16""",Lumber,6,0
2024-12-07,OSB-4x8-716,"OSB Board 4x8 Sheet 7/16""",Lumber,0,0
2024-12-08,OSB-4x8-716,"OSB Board 4x8 Sheet 7/16""",Lumber,0,0
2024-12-09,OSB-4x8-716,"OSB Board 4x8 Sheet 7/16""",Lumber,2,0
2024-12-10,OSB-4x8-716,"OSB Board 4x8 Sheet 7/16""",Lumber,3,0
2024-12-11,OSB-4x8-716,"OSB Board 4x8 Sheet 7/16""",Lumber,3,0
2024-12-12,OSB-4x8-716,"OSB Board 4x8 Sheet 7/16""",Lumber,7,1
2024-12-13,OSB-4x8-716,"OSB Board 4x8 Sheet 7/16""",Lumber,0,0
2024-12-14,OSB-4x8-716,"OSB Board 4x8 Sheet 7/16""",Lumber,4,0
2024-12-15,OSB-4x8-716,"OSB Board 4x8 Sheet 7/16""",Lumber,4,0
2024-12-16,OSB-4x8-716,"OSB Board 4x8 Sheet 7/16""",Lumber,1,0
2024-12-17,OSB-4x8-716,"OSB Board 4x8 Sheet 7/16""",Lumber,0,0
2024-12-18,OSB-4x8-716,"OSB Board 4x8 Sheet 7/16""",Lumber,5,0
2024-12-19,OSB-4x8-716,"OSB Board 4x8 Sheet 7/16""",Lumber,3,0
2024-12-20,OSB-4x8-716,"OSB Board 4x8 Sheet 7/16""",Lumber,3,0
2024-12-21,OSB-4x8-716,"OSB Board 4x8 Sheet 7/16""",Lumber,5,0
2024-12-22,OSB-4x8-716,"OSB Board 4x8 Sheet 7/16""",Lumber,6,0
2024-12-23,OSB-4x8-716,"OSB Board 4x8 Sheet 7/16""",Lumber,6,0
2024-12-24,OSB-4x8-716,"OSB Board 4x8 Sheet 7/16""",Lumber,0,0
2024-12-25,OSB-4x8-716,"OSB Board 4x8 Sheet 7/16""",Lumber,4,0
2024-12-26,OSB-4x8-716,"OSB Board 4x8 Sheet 7/16""",Lumber,1,0
2024-12-27,OSB-4x8-716,"OSB Board 4x8 Sheet 7/16""",Lumber,5,0
2024-12-28,OSB-4x8-716,"OSB Board 4x8 Sheet 7/16""",Lumber,5,0
2024-12-29,OSB-4x8-716,"OSB Board 4x8 Sheet 7/16""",Lumber,6,0
2024-12-30,OSB-4x8-716,"OSB Board 4x8 Sheet 7/16""",Lumber,1,0
2024-12-31,OSB-4x8-716,"OSB Board 4x8 Sheet 7/16""",Lumber,3,0
2025-01-01,OSB-4x8-716,"OSB Board 4x8 Sheet 7/16""",Lumber,0,0
2025-01-02,OSB-4x8-716,"OSB Board 4x8 Sheet 7/16""",Lumber,0,0
2025-01-03,OSB-4x8-716,"OSB Board 4x8 Sheet 7/16""",Lumber,1,0
2025-01-04,OSB-4x8-716,"OSB Board 4x8 Sheet 7/16""",Lumber,0,0
2025-01-05,OSB-4x8-716,"OSB Board 4x8 Sheet 7/16""",Lumber,4,0
2025-01-06,OSB-4x8-716,"OSB Board 4x8 Sheet 7/16""",Lumber,2,0
2025-01-07,OSB-4x8-716,"OSB Board 4x8 Sheet 7/16""",Lumber,1,0
2025-01-08,OSB-4x8-716,"OSB Board 4x8 Sheet 7/16""",Lumber,5,0
2025-01-09,OSB-4x8-716,"OSB Board 4x8 Sheet 7/16""",Lumber,3,0
2025-01-10,OSB-4x8-716,"OSB Board 4x8 Sheet 7/16""",Lumber,3,0
2025-01-11,OSB-4x8-716,"OSB Board 4x8 Sheet 7/16""",Lumber,3,0
2025-01-12,OSB-4x8-716,"OSB Board 4x8 Sheet 7/16""",Lumber,0,0
2025-01-13,OSB-4x8-716,"OSB Board 4x8 Sheet 7/16""",Lumber,5,0
2025-01-14,OSB-4x8-716,"OSB Board 4x8 Sheet 7/16""",Lumber,3,0
2025-01-15,OSB-4x8-716,"OSB Board 4x8 Sheet 7/16""",Lumber,3,0
2025-01-16,OSB-4x8-716,"OSB Board 4x8 Sheet 7/16""",Lumber,7,0
2025-01-17,OSB-4x8-716,"OSB Board 4x8 Sheet 7/16""",Lumber,6,0
2025-01-18,OSB-4x8-716,"OSB Board 4x8 Sheet 7/16""",Lumber,6,0
2025-01-19,OSB-4x8-716,"OSB Board 4x8 Sheet 7/16""",Lumber,1,0
2025-01-20,OSB-4x8-716,"OSB Board 4x8 Sheet 7/16""",Lumber,3,0
2025-01-21,OSB-4x8-716,"OSB Board 4x8 Sheet 7/16""",Lumber,2,0
2025-01-22,OSB-4x8-716,"OSB Board 4x8 Sheet 7/16""",Lumber,1,0
2025-01-23,OSB-4x8-716,"OSB Board 4x8 Sheet 7/16""",Lumber,1,0
2025-01-24,OSB-4x8-716,"OSB Board 4x8 Sheet 7/16""",Lumber,1,0
2025-01-25,OSB-4x8-716,"OSB Board 4x8 Sheet 7/16""",Lumber,8,0
2025-01-26,OSB-4x8-716,"OSB Board 4x8 Sheet 7/16""",Lumber,7,0
2025-01-27,OSB-4x8-716,"OSB Board 4x8 Sheet 7/16""",Lumber,7,0
2025-01-28,OSB-4x8-716,"OSB Board 4x8 Sheet 7/16""",Lumber,4,0
2025-01-29,OSB-4x8-716,"OSB Board 4x8 Sheet 7/16""",Lumber,2,0
2025-01-30,OSB-4x8-716,"OSB Board 4x8 Sheet 7/16""",Lumber,5,0
2025-01-31,OSB-4x8-716,"OSB Board 4x8 Sheet 7/16""",Lumber,4,0
2025-02-01,OSB-4x8-716,"OSB Board 4x8 Sheet 7/16""",Lumber,4,0
2025-02-02,OSB-4x8-716,"OSB Board 4x8 Sheet 7/16""",Lumber,0,0
2025-02-03,OSB-4x8-716,"OSB Board 4x8 Sheet 7/16""",Lumber,2,0
2025-02-04,OSB-4x8-716,"OSB Board 4x8 Sheet 7/16""",Lumber,5,0
2025-02-05,OSB-4x8-716,"OSB Board 4x8 Sheet 7/16""",Lumber,6,0
2025-02-06,OSB-4x8-716,"OSB Board 4x8 Sheet 7/16""",Lumber,6,0
2025-02-07,OSB-4x8-716,"OSB Board 4x8 Sheet 7/16""",Lumber,10,1
2025-02-08,OSB-4x8-716,"OSB Board 4x8 Sheet 7/16""",Lumber,1,0
2025-02-09,OSB-4x8-716,"OSB Board 4x8 Sheet 7/16""",Lumber,5,0
2025-02-10,OSB-4x8-716,"OSB Board 4x8 Sheet 7/16""",Lumber,4,0
2025-02-11,OSB-4x8-716,"OSB Board 4x8 Sheet 7/16""",Lumber,2,0
2025-02-12,OSB-4x8-716,"OSB Board 4x8 Sheet 7/16""",Lumber,3,0
2025-02-13,OSB-4x8-716,"OSB Board 4x8 Sheet 7/16""",Lumber,3,0
2025-02-14,OSB-4x8-716,"OSB Board 4x8 Sheet 7/16""",Lumber,6,0
2025-02-15,OSB-4x8-716,"OSB Board 4x8 Sheet 7/16""",Lumber,7,0
2025-02-16,OSB-4x8-716,"OSB Board 4x8 Sheet 7/16""",Lumber,1,0
2025-02-17,OSB-4x8-716,"OSB Board 4x8 Sheet 7/16""",Lumber,4,0
2025-02-18,OSB-4x8-716,"OSB Board 4x8 Sheet 7/16""",Lumber,5,0
2025-02-19,OSB-4x8-716,"OSB Board 4x8 Sheet 7/16""",Lumber,2,0
2025-02-20,OSB-4x8-716,"OSB Board 4x8 Sheet 7/16""",Lumber,0,0
2025-02-21,OSB-4x8-716,"OSB Board 4x8 Sheet 7/16""",Lumber,3,0
2025-02-22,OSB-4x8-716,"OSB Board 4x8 Sheet 7/16""",Lumber,2,0
2025-02-23,OSB-4x8-716,"OSB Board 4x8 Sheet 7/16""",Lumber,0,0
2025-02-24,OSB-4x8-716,"OSB Board 4x8 Sheet 7/16""",Lumber,4,0
2025-02-25,OSB-4x8-716,"OSB Board 4x8 Sheet 7/16""",Lumber,9,0
2025-02-26,OSB-4x8-716,"OSB Board 4x8 Sheet 7/16""",Lumber,1,0
2025-02-27,OSB-4x8-716,"OSB Board 4x8 Sheet 7/16""",Lumber,5,0
2025-02-28,OSB-4x8-716,"OSB Board 4x8 Sheet 7/16""",Lumber,2,0
2025-03-01,OSB-4x8-716,"OSB Board 4x8 Sheet 7/16""",Lumber,7,0
2025-03-02,OSB-4x8-716,"OSB Board 4x8 Sheet 7/16""",Lumber,1,0
2025-03-03,OSB-4x8-716,"OSB Board 4x8 Sheet 7/16""",Lumber,8,0
2025-03-04,OSB-4x8-716,"OSB Board 4x8 Sheet 7/16""",Lumber,0,0
2025-03-05,OSB-4x8-716,"OSB Board 4x8 Sheet 7/16""",Lumber,5,0
2025-03-06,OSB-4x8-716,"OSB Board 4x8 Sheet 7/16""",Lumber,5,0
2025-03-07,OSB-4x8-716,"OSB Board 4x8 Sheet 7/16""",Lumber,7,1
2025-03-08,OSB-4x8-716,"OSB Board 4x8 Sheet 7/16""",Lumber,5,0
2025-03-09,OSB-4x8-716,"OSB Board 4x8 Sheet 7/16""",Lumber,5,0
2025-03-10,OSB-4x8-716,"OSB Board 4x8 Sheet 7/16""",Lumber,5,0
2025-03-11,OSB-4x8-716,"OSB Board 4x8 Sheet 7/16""",Lumber,5,0
2025-03-12,OSB-4x8-716,"OSB Board 4x8 Sheet 7/16""",Lumber,0,0
2025-03-13,OSB-4x8-716,"OSB Board 4x8 Sheet 7/16""",Lumber,5,0
2025-03-14,OSB-4x8-716,"OSB Board 4x8 Sheet 7/16""",Lumber,5,0
2025-03-15,OSB-4x8-716,"OSB Board 4x8 Sheet 7/16""",Lumber,6,0
2025-03-16,OSB-4x8-716,"OSB Board 4x8 Sheet 7/16""",Lumber,7,0
2025-03-17,OSB-4x8-716,"OSB Board 4x8 Sheet 7/16""",Lumber,7,0
2025-03-18,OSB-4x8-716,"OSB Board 4x8 Sheet 7/16""",Lumber,4,0
2025-03-19,OSB-4x8-716,"OSB Board 4x8 Sheet 7/16""",Lumber,4,0
2025-03-20,OSB-4x8-716,"OSB Board 4x8 Sheet 7/16""",Lumber,2,0
2025-03-21,OSB-4x8-716,"OSB Board 4x8 Sheet 7/16""",Lumber,2,0
2025-03-22,OSB-4x8-716,"OSB Board 4x8 Sheet 7/16""",Lumber,3,0
2025-03-23,OSB-4x8-716,"OSB Board 4x8 Sheet 7/16""",Lumber,6,0
2025-03-24,OSB-4x8-716,"OSB Board 4x8 Sheet 7/16""",Lumber,6,0
2025-03-25,OSB-4x8-716,"OSB Board 4x8 Sheet 7/16""",Lumber,5,0
2025-03-26,OSB-4x8-716,"OSB Board 4x8 Sheet 7/16""",Lumber,7,0
2025-03-27,OSB-4x8-716,"OSB Board 4x8 Sheet 7/16""",Lumber,2,0
2025-03-28,OSB-4x8-716,"OSB Board 4x8 Sheet 7/16""",Lumber,4,0
2025-03-29,OSB-4x8-716,"OSB Board 4x8 Sheet 7/16""",Lumber,2,0
2025-03-30,OSB-4x8-716,"OSB Board 4x8 Sheet 7/16""",Lumber,3,0
2025-03-31,OSB-4x8-716,"OSB Board 4x8 Sheet 7/16""",Lumber,4,0
2025-04-01,OSB-4x8-716,"OSB Board 4x8 Sheet 7/16""",Lumber,4,0
2025-04-02,OSB-4x8-716,"OSB Board 4x8 Sheet 7/16""",Lumber,4,0
2025-04-03,OSB-4x8-716,"OSB Board 4x8 Sheet 7/16""",Lumber,5,0
2025-04-04,OSB-4x8-716,"OSB Board 4x8 Sheet 7/16""",Lumber,0,0
2025-04-05,OSB-4x8-716,"OSB Board 4x8 Sheet 7/16""",Lumber,5,0
2025-04-06,OSB-4x8-716,"OSB Board 4x8 Sheet 7/16""",Lumber,5,0
2025-04-07,OSB-4x8-716,"OSB Board 4x8 Sheet 7/16""",Lumber,6,0
2025-04-08,OSB-4x8-716,"OSB Board 4x8 Sheet 7/16""",Lumber,2,0
2025-04-09,OSB-4x8-716,"OSB Board 4x8 Sheet 7/16""",Lumber,4,0
2025-04-10,OSB-4x8-716,"OSB Board 4x8 Sheet 7/16""",Lumber,4,0
2025-04-11,OSB-4x8-716,"OSB Board 4x8 Sheet 7/16""",Lumber,3,0
2025-04-12,OSB-4x8-716,"OSB Board 4x8 Sheet 7/16""",Lumber,7,0
2025-04-13,OSB-4x8-716,"OSB Board 4x8 Sheet 7/16""",Lumber,5,0
2025-04-14,OSB-4x8-716,"OSB Board 4x8 Sheet 7/16""",Lumber,5,0
2025-04-15,OSB-4x8-716,"OSB Board 4x8 Sheet 7/16""",Lumber,3,0
2025-04-16,OSB-4x8-716,"OSB Board 4x8 Sheet 7/16""",Lumber,3,0
2025-04-17,OSB-4x8-716,"OSB Board 4x8 Sheet 7/16""",Lumber,0,0
2025-04-18,OSB-4x8-716,"OSB Board 4x8 Sheet 7/16""",Lumber,0,0
2025-04-19,OSB-4x8-716,"OSB Board 4x8 Sheet 7/16""",Lumber,8,0
2025-04-20,OSB-4x8-716,"OSB Board 4x8 Sheet 7/16""",Lumber,6,0
2025-04-21,OSB-4x8-716,"OSB Board 4x8 Sheet 7/16""",Lumber,7,0
2025-04-22,OSB-4x8-716,"OSB Board 4x8 Sheet 7/16""",Lumber,3,0
2025-04-23,OSB-4x8-716,"OSB Board 4x8 Sheet 7/16""",Lumber,5,0
2025-04-24,OSB-4x8-716,"OSB Board 4x8 Sheet 7/16""",Lumber,3,0
2025-04-25,OSB-4x8-716,"OSB Board 4x8 Sheet 7/16""",Lumber,0,0
2025-04-26,OSB-4x8-716,"OSB Board 4x8 Sheet 7/16""",Lumber,6,0
2025-04-27,OSB-4x8-716,"OSB Board 4x8 Sheet 7/16""",Lumber,10,0
2025-04-28,OSB-4x8-716,"OSB Board 4x8 Sheet 7/16""",Lumber,3,0
2025-04-29,OSB-4x8-716,"OSB Board 4x8 Sheet 7/16""",Lumber,4,0
2025-04-30,OSB-4x8-716,"OSB Board 4x8 Sheet 7/16""",Lumber,10,0
2025-05-01,OSB-4x8-716,"OSB Board 4x8 Sheet 7/16""",Lumber,4,0
2025-05-02,OSB-4x8-716,"OSB Board 4x8 Sheet 7/16""",Lumber,7,0
2025-05-03,OSB-4x8-716,"OSB Board 4x8 Sheet 7/16""",Lumber,13,1
2025-05-04,OSB-4x8-716,"OSB Board 4x8 Sheet 7/16""",Lumber,7,0
2025-05-05,OSB-4x8-716,"OSB Board 4x8 Sheet 7/16""",Lumber,7,0
2025-05-06,OSB-4x8-716,"OSB Board 4x8 Sheet 7/16""",Lumber,11,0
2025-05-07,OSB-4x8-716,"OSB Board 4x8 Sheet 7/16""",Lumber,3,0
2025-05-08,OSB-4x8-716,"OSB Board 4x8 Sheet 7/16""",Lumber,3,0
2025-05-09,OSB-4x8-716,"OSB Board 4x8 Sheet 7/16""",Lumber,4,0
2025-05-10,OSB-4x8-716,"OSB Board 4x8 Sheet 7/16""",Lumber,10,0
2025-05-11,OSB-4x8-716,"OSB Board 4x8 Sheet 7/16""",Lumber,5,0
2025-05-12,OSB-4x8-716,"OSB Board 4x8 Sheet 7/16""",Lumber,4,0
2025-05-13,OSB-4x8-716,"OSB Board 4x8 Sheet 7/16""",Lumber,3,0
2025-05-14,OSB-4x8-716,"OSB Board 4x8 Sheet 7/16""",Lumber,5,0
2025-05-15,OSB-4x8-716,"OSB Board 4x8 Sheet 7/16""",Lumber,6,0
2025-05-16,OSB-4x8-716,"OSB Board 4x8 Sheet 7/16""",Lumber,4,0
2025-05-17,OSB-4x8-716,"OSB Board 4x8 Sheet 7/16""",Lumber,5,0
2025-05-18,OSB-4x8-716,"OSB Board 4x8 Sheet 7/16""",Lumber,6,0
2025-05-19,OSB-4x8-716,"OSB Board 4x8 Sheet 7/16""",Lumber,0,0
2025-05-20,OSB-4x8-716,"OSB Board 4x8 Sheet 7/16""",Lumber,3,0
2025-05-21,OSB-4x8-716,"OSB Board 4x8 Sheet 7/16""",Lumber,4,0
2025-05-22,OSB-4x8-716,"OSB Board 4x8 Sheet 7/16""",Lumber,3,0
2025-05-23,OSB-4x8-716,"OSB Board 4x8 Sheet 7/16""",Lumber,1,0
2025-05-24,OSB-4x8-716,"OSB Board 4x8 Sheet 7/16""",Lumber,6,0
2025-05-25,OSB-4x8-716,"OSB Board 4x8 Sheet 7/16""",Lumber,4,0
2025-05-26,OSB-4x8-716,"OSB Board 4x8 Sheet 7/16""",Lumber,2,0
2025-05-27,OSB-4x8-716,"OSB Board 4x8 Sheet 7/16""",Lumber,4,0
2025-05-28,OSB-4x8-716,"OSB Board 4x8 Sheet 7/16""",Lumber,7,0
2025-05-29,OSB-4x8-716,"OSB Board 4x8 Sheet 7/16""",Lumber,5,0
2025-05-30,OSB-4x8-716,"OSB Board 4x8 Sheet 7/16""",Lumber,5,0
2025-05-31,OSB-4x8-716,"OSB Board 4x8 Sheet 7/16""",Lumber,3,0
2025-06-01,OSB-4x8-716,"OSB Board 4x8 Sheet 7/16""",Lumber,3,0
2025-06-02,OSB-4x8-716,"OSB Board 4x8 Sheet 7/16""",Lumber,4,0
2025-06-03,OSB-4x8-716,"OSB Board 4x8 Sheet 7/16""",Lumber,2,0
2025-06-04,OSB-4x8-716,"OSB Board 4x8 Sheet 7/16""",Lumber,6,0
2025-06-05,OSB-4x8-716,"OSB Board 4x8 Sheet 7/16""",Lumber,4,0
2025-06-06,OSB-4x8-716,"OSB Board 4x8 Sheet 7/16""",Lumber,4,0
2025-06-07,OSB-4x8-716,"OSB Board 4x8 Sheet 7/16""",Lumber,8,0
2025-06-08,OSB-4x8-716,"OSB Board 4x8 Sheet 7/16""",Lumber,4,0
2025-06-09,OSB-4x8-716,"OSB Board 4x8 Sheet 7/16""",Lumber,0,0
2025-06-10,OSB-4x8-716,"OSB Board 4x8 Sheet 7/16""",Lumber,3,0
2025-06-11,OSB-4x8-716,"OSB Board 4x8 Sheet 7/16""",Lumber,5,0
2025-06-12,OSB-4x8-716,"OSB Board 4x8 Sheet 7/16""",Lumber,0,0
2025-06-13,OSB-4x8-716,"OSB Board 4x8 Sheet 7/16""",Lumber,4,0
2025-06-14,OSB-4x8-716,"OSB Board 4x8 Sheet 7/16""",Lumber,7,0
2025-06-15,OSB-4x8-716,"OSB Board 4x8 Sheet 7/16""",Lumber,6,0
2025-06-16,OSB-4x8-716,"OSB Board 4x8 Sheet 7/16""",Lumber,1,0
2025-06-17,OSB-4x8-716,"OSB Board 4x8 Sheet 7/16""",Lumber,2,0
2025-06-18,OSB-4x8-716,"OSB Board 4x8 Sheet 7/16""",Lumber,3,0
2025-06-19,OSB-4x8-716,"OSB Board 4x8 Sheet 7/16""",Lumber,1,0
2025-06-20,OSB-4x8-716,"OSB Board 4x8 Sheet 7/16""",Lumber,3,0
2025-06-21,OSB-4x8-716,"OSB Board 4x8 Sheet 7/16""",Lumber,3,0
2025-06-22,OSB-4x8-716,"OSB Board 4x8 Sheet 7/16""",Lumber,2,0
2025-06-23,OSB-4x8-716,"OSB Board 4x8 Sheet 7/16""",Lumber,5,0
2025-06-24,OSB-4x8-716,"OSB Board 4x8 Sheet 7/16""",Lumber,6,0
2025-06-25,OSB-4x8-716,"OSB Board 4x8 Sheet 7/16""",Lumber,5,0
2025-06-26,OSB-4x8-716,"OSB Board 4x8 Sheet 7/16""",Lumber,3,0
2025-06-27,OSB-4x8-716,"OSB Board 4x8 Sheet 7/16""",Lumber,6,0
2025-06-28,OSB-4x8-716,"OSB Board 4x8 Sheet 7/16""",Lumber,0,0
2025-06-29,OSB-4x8-716,"OSB Board 4x8 Sheet 7/16""",Lumber,5,0
2025-06-30,OSB-4x8-716,"OSB Board 4x8 Sheet 7/16""",Lumber,5,0
2025-07-01,OSB-4x8-716,"OSB Board 4x8 Sheet 7/16""",Lumber,0,0
2025-07-02,OSB-4x8-716,"OSB Board 4x8 Sheet 7/16""",Lumber,0,0
2025-07-03,OSB-4x8-716,"OSB Board 4x8 Sheet 7/16""",Lumber,6,0
2025-07-04,OSB-4x8-716,"OSB Board 4x8 Sheet 7/16""",Lumber,5,0
2025-07-05,OSB-4x8-716,"OSB Board 4x8 Sheet 7/16""",Lumber,6,0
2025-07-06,OSB-4x8-716,"OSB Board 4x8 Sheet 7/16""",Lumber,6,0
2025-07-07,OSB-4x8-716,"OSB Board 4x8 Sheet 7/16""",Lumber,5,0
2025-07-08,OSB-4x8-716,"OSB Board 4x8 Sheet 7/16""",Lumber,2,0
2025-07-09,OSB-4x8-716,"OSB Board 4x8 Sheet 7/16""",Lumber,7,0
2025-07-10,OSB-4x8-716,"OSB Board 4x8 Sheet 7/16""",Lumber,3,0
2025-07-11,OSB-4x8-716,"OSB Board 4x8 Sheet 7/16""",Lumber,4,0
2025-07-12,OSB-4x8-716,"OSB Board 4x8 Sheet 7/16""",Lumber,7,0
2025-07-13,OSB-4x8-716,"OSB Board 4x8 Sheet 7/16""",Lumber,5,0
2025-07-14,OSB-4x8-716,"OSB Board 4x8 Sheet 7/16""",Lumber,7,0
2025-07-15,OSB-4x8-716,"OSB Board 4x8 Sheet 7/16""",Lumber,2,0
2025-07-16,OSB-4x8-716,"OSB Board 4x8 Sheet 7/16""",Lumber,3,0
2025-07-17,OSB-4x8-716,"OSB Board 4x8 Sheet 7/16""",Lumber,3,0
2025-07-18,OSB-4x8-716,"OSB Board 4x8 Sheet 7/16""",Lumber,4,0
2025-07-19,OSB-4x8-716,"OSB Board 4x8 Sheet 7/16""",Lumber,9,0
2025-07-20,OSB-4x8-716,"OSB Board 4x8 Sheet 7/16""",Lumber,4,0
2025-07-21,OSB-4x8-716,"OSB Board 4x8 Sheet 7/16""",Lumber,4,0
2025-07-22,OSB-4x8-716,"OSB Board 4x8 Sheet 7/16""",Lumber,7,0
2025-07-23,OSB-4x8-716,"OSB Board 4x8 Sheet 7/16""",Lumber,6,0
2025-07-24,OSB-4x8-716,"OSB Board 4x8 Sheet 7/16""",Lumber,5,0
2025-07-25,OSB-4x8-716,"OSB Board 4x8 Sheet 7/16""",Lumber,0,0
2025-07-26,OSB-4x8-716,"OSB Board 4x8 Sheet 7/16""",Lumber,5,0
2025-07-27,OSB-4x8-716,"OSB Board 4x8 Sheet 7/16""",Lumber,8,0
2025-07-28,OSB-4x8-716,"OSB Board 4x8 Sheet 7/16""",Lumber,4,0
2025-07-29,OSB-4x8-716,"OSB Board 4x8 Sheet 7/16""",Lumber,2,0
2025-07-30,OSB-4x8-716,"OSB Board 4x8 Sheet 7/16""",Lumber,2,0
2025-07-31,OSB-4x8-716,"OSB Board 4x8 Sheet 7/16""",Lumber,4,0
2025-08-01,OSB-4x8-716,"OSB Board 4x8 Sheet 7/16""",Lumber,5,0
2025-08-02,OSB-4x8-716,"OSB Board 4x8 Sheet 7/16""",Lumber,4,0
2025-08-03,OSB-4x8-716,"OSB Board 4x8 Sheet 7/16""",Lumber,2,0
2025-08-04,OSB-4x8-716,"OSB Board 4x8 Sheet 7/16""",Lumber,3,0
2025-08-05,OSB-4x8-716,"OSB Board 4x8 Sheet 7/16""",Lumber,3,0
2025-08-06,OSB-4x8-716,"OSB Board 4x8 Sheet 7/16""",Lumber,4,0
2025-08-07,OSB-4x8-716,"OSB Board 4x8 Sheet 7/16""",Lumber,7,0
2025-08-08,OSB-4x8-716,"OSB Board 4x8 Sheet 7/16""",Lumber,7,0
2025-08-09,OSB-4x8-716,"OSB Board 4x8 Sheet 7/16""",Lumber,7,0
2025-08-10,OSB-4x8-716,"OSB Board 4x8 Sheet 7/16""",Lumber,6,0
2025-08-11,OSB-4x8-716,"OSB Board 4x8 Sheet 7/16""",Lumber,0,0
2025-08-12,OSB-4x8-716,"OSB Board 4x8 Sheet 7/16""",Lumber,8,0
2025-08-13,OSB-4x8-716,"OSB Board 4x8 Sheet 7/16""",Lumber,4,0
2025-08-14,OSB-4x8-716,"OSB Board 4x8 Sheet 7/16""",Lumber,2,0
2025-08-15,OSB-4x8-716,"OSB Board 4x8 Sheet 7/16""",Lumber,5,0
2025-08-16,OSB-4x8-716,"OSB Board 4x8 Sheet 7/16""",Lumber,6,0
2025-08-17,OSB-4x8-716,"OSB Board 4x8 Sheet 7/16""",Lumber,6,0
2025-08-18,OSB-4x8-716,"OSB Board 4x8 Sheet 7/16""",Lumber,5,0
2025-08-19,OSB-4x8-716,"OSB Board 4x8 Sheet 7/16""",Lumber,4,0
2025-08-20,OSB-4x8-716,"OSB Board 4x8 Sheet 7/16""",Lumber,5,0
2025-08-21,OSB-4x8-716,"OSB Board 4x8 Sheet 7/16""",Lumber,4,0
2025-08-22,OSB-4x8-716,"OSB Board 4x8 Sheet 7/16""",Lumber,4,0
2025-08-23,OSB-4x8-716,"OSB Board 4x8 Sheet 7/16""",Lumber,9,0
2025-08-24,OSB-4x8-716,"OSB Board 4x8 Sheet 7/16""",Lumber,6,0
2025-08-25,OSB-4x8-716,"OSB Board 4x8 Sheet 7/16""",Lumber,5,0
2025-08-26,OSB-4x8-716,"OSB Board 4x8 Sheet 7/16""",Lumber,3,0
2025-08-27,OSB-4x8-716,"OSB Board 4x8 Sheet 7/16""",Lumber,3,0
2025-08-28,OSB-4x8-716,"OSB Board 4x8 Sheet 7/16""",Lumber,0,0
2025-08-29,OSB-4x8-716,"OSB Board 4x8 Sheet 7/16""",Lumber,3,0
2025-08-30,OSB-4x8-716,"OSB Board 4x8 Sheet 7/16""",Lumber,5,0
2025-08-31,OSB-4x8-716,"OSB Board 4x8 Sheet 7/16""",Lumber,2,0
2025-09-01,OSB-4x8-716,"OSB Board 4x8 Sheet 7/16""",Lumber,2,0
2025-09-02,OSB-4x8-716,"OSB Board 4x8 Sheet 7/16""",Lumber,5,0
2025-09-03,OSB-4x8-716,"OSB Board 4x8 Sheet 7/16""",Lumber,4,0
2025-09-04,OSB-4x8-716,"OSB Board 4x8 Sheet 7/16""",Lumber,1,0
2025-09-05,OSB-4x8-716,"OSB Board 4x8 Sheet 7/16""",Lumber,1,0
2025-09-06,OSB-4x8-716,"OSB Board 4x8 Sheet 7/16""",Lumber,0,0
2025-09-07,OSB-4x8-716,"OSB Board 4x8 Sheet 7/16""",Lumber,4,0
2025-09-08,OSB-4x8-716,"OSB Board 4x8 Sheet 7/16""",Lumber,5,1
2025-09-09,OSB-4x8-716,"OSB Board 4x8 Sheet 7/16""",Lumber,3,0
2025-09-10,OSB-4x8-716,"OSB Board 4x8 Sheet 7/16""",Lumber,2,0
2025-09-11,OSB-4x8-716,"OSB Board 4x8 Sheet 7/16""",Lumber,2,0
2025-09-12,OSB-4x8-716,"OSB Board 4x8 Sheet 7/16""",Lumber,3,0
2025-09-13,OSB-4x8-716,"OSB Board 4x8 Sheet 7/16""",Lumber,0,0
2025-09-14,OSB-4x8-716,"OSB Board 4x8 Sheet 7/16""",Lumber,10,0
2025-09-15,OSB-4x8-716,"OSB Board 4x8 Sheet 7/16""",Lumber,3,0
2025-09-16,OSB-4x8-716,"OSB Board 4x8 Sheet 7/16""",Lumber,3,0
2025-09-17,OSB-4x8-716,"OSB Board 4x8 Sheet 7/16""",Lumber,3,0
2025-09-18,OSB-4x8-716,"OSB Board 4x8 Sheet 7/16""",Lumber,4,0
2025-09-19,OSB-4x8-716,"OSB Board 4x8 Sheet 7/16""",Lumber,3,0
2025-09-20,OSB-4x8-716,"OSB Board 4x8 Sheet 7/16""",Lumber,2,0
2025-09-21,OSB-4x8-716,"OSB Board 4x8 Sheet 7/16""",Lumber,1,0
2025-09-22,OSB-4x8-716,"OSB Board 4x8 Sheet 7/16""",Lumber,4,0
2025-09-23,OSB-4x8-716,"OSB Board 4x8 Sheet 7/16""",Lumber,9,1
2025-09-24,OSB-4x8-716,"OSB Board 4x8 Sheet 7/16""",Lumber,2,0
2025-09-25,OSB-4x8-716,"OSB Board 4x8 Sheet 7/16""",Lumber,2,0
2025-09-26,OSB-4x8-716,"OSB Board 4x8 Sheet 7/16""",Lumber,4,0
2025-09-27,OSB-4x8-716,"OSB Board 4x8 Sheet 7/16""",Lumber,9,0
2025-09-28,OSB-4x8-716,"OSB Board 4x8 Sheet 7/16""",Lumber,8,1
2025-09-29,OSB-4x8-716,"OSB Board 4x8 Sheet 7/16""",Lumber,0,0
2025-09-30,OSB-4x8-716,"OSB Board 4x8 Sheet 7/16""",Lumber,0,0
2025-10-01,OSB-4x8-716,"OSB Board 4x8 Sheet 7/16""",Lumber,3,0
2025-10-02,OSB-4x8-716,"OSB Board 4x8 Sheet 7/16""",Lumber,0,0
2025-10-03,OSB-4x8-716,"OSB Board 4x8 Sheet 7/16""",Lumber,2,0
2025-10-04,OSB-4x8-716,"OSB Board 4x8 Sheet 7/16""",Lumber,4,0
2025-10-05,OSB-4x8-716,"OSB Board 4x8 Sheet 7/16""",Lumber,4,0
2025-10-06,OSB-4x8-716,"OSB Board 4x8 Sheet 7/16""",Lumber,3,0
2025-10-07,OSB-4x8-716,"OSB Board 4x8 Sheet 7/16""",Lumber,3,0
2025-10-08,OSB-4x8-716,"OSB Board 4x8 Sheet 7/16""",Lumber,2,0
2025-10-09,OSB-4x8-716,"OSB Board 4x8 Sheet 7/16""",Lumber,3,0
2025-10-10,OSB-4x8-716,"OSB Board 4x8 Sheet 7/16""",Lumber,2,0
2025-10-11,OSB-4x8-716,"OSB Board 4x8 Sheet 7/16""",Lumber,1,0
2025-10-12,OSB-4x8-716,"OSB Board 4x8 Sheet 7/16""",Lumber,6,0
2025-10-13,OSB-4x8-716,"OSB Board 4x8 Sheet 7/16""",Lumber,2,0
2025-10-14,OSB-4x8-716,"OSB Board 4x8 Sheet 7/16""",Lumber,3,0
2025-10-15,OSB-4x8-716,"OSB Board 4x8 Sheet 7/16""",Lumber,2,0
2025-10-16,OSB-4x8-716,"OSB Board 4x8 Sheet 7/16""",Lumber,3,0
2025-10-17,OSB-4x8-716,"OSB Board 4x8 Sheet 7/16""",Lumber,4,0
2025-10-18,OSB-4x8-716,"OSB Board 4x8 Sheet 7/16""",Lumber,7,0
2025-10-19,OSB-4x8-716,"OSB Board 4x8 Sheet 7/16""",Lumber,3,0
2025-10-20,OSB-4x8-716,"OSB Board 4x8 Sheet 7/16""",Lumber,0,0
2025-10-21,OSB-4x8-716,"OSB Board 4x8 Sheet 7/16""",Lumber,5,0
2025-10-22,OSB-4x8-716,"OSB Board 4x8 Sheet 7/16""",Lumber,6,0
2025-10-23,OSB-4x8-716,"OSB Board 4x8 Sheet 7/16""",Lumber,6,0
2025-10-24,OSB-4x8-716,"OSB Board 4x8 Sheet 7/16""",Lumber,5,0
2025-10-25,OSB-4x8-716,"OSB Board 4x8 Sheet 7/16""",Lumber,0,0
2025-10-26,OSB-4x8-716,"OSB Board 4x8 Sheet 7/16""",Lumber,2,0
2025-10-27,OSB-4x8-716,"OSB Board 4x8 Sheet 7/16""",Lumber,2,0
2025-10-28,OSB-4x8-716,"OSB Board 4x8 Sheet 7/16""",Lumber,3,0
2025-10-29,OSB-4x8-716,"OSB Board 4x8 Sheet 7/16""",Lumber,3,0
2025-10-30,OSB-4x8-716,"OSB Board 4x8 Sheet 7/16""",Lumber,2,0
2025-10-31,OSB-4x8-716,"OSB Board 4x8 Sheet 7/16""",Lumber,3,0
2025-11-01,OSB-4x8-716,"OSB Board 4x8 Sheet 7/16""",Lumber,6,0
2025-11-02,OSB-4x8-716,"OSB Board 4x8 Sheet 7/16""",Lumber,3,0
2025-11-03,OSB-4x8-716,"OSB Board 4x8 Sheet 7/16""",Lumber,0,0
2025-11-04,OSB-4x8-716,"OSB Board 4x8 Sheet 7/16""",Lumber,3,0
2025-11-05,OSB-4x8-716,"OSB Board 4x8 Sheet 7/16""",Lumber,5,0
2025-11-06,OSB-4x8-716,"OSB Board 4x8 Sheet 7/16""",Lumber,3,0
2025-11-07,OSB-4x8-716,"OSB Board 4x8 Sheet 7/16""",Lumber,4,1
2025-11-08,OSB-4x8-716,"OSB Board 4x8 Sheet 7/16""",Lumber,1,0
2025-11-09,OSB-4x8-716,"OSB Board 4x8 Sheet 7/16""",Lumber,3,0
2025-11-10,OSB-4x8-716,"OSB Board 4x8 Sheet 7/16""",Lumber,4,0
2025-11-11,OSB-4x8-716,"OSB Board 4x8 Sheet 7/16""",Lumber,3,0
2025-11-12,OSB-4x8-716,"OSB Board 4x8 Sheet 7/16""",Lumber,5,0
2025-11-13,OSB-4x8-716,"OSB Board 4x8 Sheet 7/16""",Lumber,3,0
2025-11-14,OSB-4x8-716,"OSB Board 4x8 Sheet 7/16""",Lumber,2,0
2025-11-15,OSB-4x8-716,"OSB Board 4x8 Sheet 7/16""",Lumber,2,0
2025-11-16,OSB-4x8-716,"OSB Board 4x8 Sheet 7/16""",Lumber,6,0
2025-11-17,OSB-4x8-716,"OSB Board 4x8 Sheet 7/16""",Lumber,5,0
2025-11-18,OSB-4x8-716,"OSB Board 4x8 Sheet 7/16""",Lumber,1,0
2025-11-19,OSB-4x8-716,"OSB Board 4x8 Sheet 7/16""",Lumber,3,0
2025-11-20,OSB-4x8-716,"OSB Board 4x8 Sheet 7/16""",Lumber,3,0
2025-11-21,OSB-4x8-716,"OSB Board 4x8 Sheet 7/16""",Lumber,1,0
2025-11-22,OSB-4x8-716,"OSB Board 4x8 Sheet 7/16""",Lumber,3,0
2025-11-23,OSB-4x8-716,"OSB Board 4x8 Sheet 7/16""",Lumber,6,0
2025-11-24,OSB-4x8-716,"OSB Board 4x8 Sheet 7/16""",Lumber,3,0
2025-11-25,OSB-4x8-716,"OSB Board 4x8 Sheet 7/16""",Lumber,4,0
2025-11-26,OSB-4x8-716,"OSB Board 4x8 Sheet 7/16""",Lumber,0,0
2025-11-27,OSB-4x8-716,"OSB Board 4x8 Sheet 7/16""",Lumber,2,0
2025-11-28,OSB-4x8-716,"OSB Board 4x8 Sheet 7/16""",Lumber,2,0
2025-11-29,OSB-4x8-716,"OSB Board 4x8 Sheet 7/16""",Lumber,6,0
2025-11-30,OSB-4x8-716,"OSB Board 4x8 Sheet 7/16""",Lumber,0,0
2025-12-01,OSB-4x8-716,"OSB Board 4x8 Sheet 7/16""",Lumber,4,0
2025-12-02,OSB-4x8-716,"OSB Board 4x8 Sheet 7/16""",Lumber,1,0
2025-12-03,OSB-4x8-716,"OSB Board 4x8 Sheet 7/16""",Lumber,5,0
2025-12-04,OSB-4x8-716,"OSB Board 4x8 Sheet 7/16""",Lumber,5,0
2025-12-05,OSB-4x8-716,"OSB Board 4x8 Sheet 7/16""",Lumber,3,0
2025-12-06,OSB-4x8-716,"OSB Board 4x8 Sheet 7/16""",Lumber,3,0
2025-12-07,OSB-4x8-716,"OSB Board 4x8 Sheet 7/16""",Lumber,3,0
2025-12-08,OSB-4x8-716,"OSB Board 4x8 Sheet 7/16""",Lumber,4,0
2025-12-09,OSB-4x8-716,"OSB Board 4x8 Sheet 7/16""",Lumber,4,0
2025-12-10,OSB-4x8-716,"OSB Board 4x8 Sheet 7/16""",Lumber,2,0
2025-12-11,OSB-4x8-716,"OSB Board 4x8 Sheet 7/16""",Lumber,4,0
2025-12-12,OSB-4x8-716,"OSB Board 4x8 Sheet 7/16""",Lumber,6,0
2025-12-13,OSB-4x8-716,"OSB Board 4x8 Sheet 7/16""",Lumber,6,0
2025-12-14,OSB-4x8-716,"OSB Board 4x8 Sheet 7/16""",Lumber,4,0
2025-12-15,OSB-4x8-716,"OSB Board 4x8 Sheet 7/16""",Lumber,4,0
2025-12-16,OSB-4x8-716,"OSB Board 4x8 Sheet 7/16""",Lumber,2,0
2025-12-17,OSB-4x8-716,"OSB Board 4x8 Sheet 7/16""",Lumber,4,0
2025-12-18,OSB-4x8-716,"OSB Board 4x8 Sheet 7/16""",Lumber,3,0
2025-12-19,OSB-4x8-716,"OSB Board 4x8 Sheet 7/16""",Lumber,3,0
2025-12-20,OSB-4x8-716,"OSB Board 4x8 Sheet 7/16""",Lumber,5,0
2025-12-21,OSB-4x8-716,"OSB Board 4x8 Sheet 7/16""",Lumber,2,0
2025-12-22,OSB-4x8-716,"OSB Board 4x8 Sheet 7/16""",Lumber,7,0
2025-12-23,OSB-4x8-716,"OSB Board 4x8 Sheet 7/16""",Lumber,10,0
2025-12-24,OSB-4x8-716,"OSB Board 4x8 Sheet 7/16""",Lumber,3,0
2025-12-25,OSB-4x8-716,"OSB Board 4x8 Sheet 7/16""",Lumber,3,0
2025-12-26,OSB-4x8-716,"OSB Board 4x8 Sheet 7/16""",Lumber,3,0
2025-12-27,OSB-4x8-716,"OSB Board 4x8 Sheet 7/16""",Lumber,4,0
2025-12-28,OSB-4x8-716,"OSB Board 4x8 Sheet 7/16""",Lumber,0,0
2025-12-29,OSB-4x8-716,"OSB Board 4x8 Sheet 7/16""",Lumber,7,0
2025-12-30,OSB-4x8-716,"OSB Board 4x8 Sheet 7/16""",Lumber,5,0
2025-12-31,OSB-4x8-716,"OSB Board 4x8 Sheet 7/16""",Lumber,3,0
2026-01-01,OSB-4x8-716,"OSB Board 4x8 Sheet 7/16""",Lumber,4,0
2026-01-02,OSB-4x8-716,"OSB Board 4x8 Sheet 7/16""",Lumber,2,0
2026-01-03,OSB-4x8-716,"OSB Board 4x8 Sheet 7/16""",Lumber,6,0
2026-01-04,OSB-4x8-716,"OSB Board 4x8 Sheet 7/16""",Lumber,5,0
2026-01-05,OSB-4x8-716,"OSB Board 4x8 Sheet 7/16""",Lumber,0,0
2026-01-06,OSB-4x8-716,"OSB Board 4x8 Sheet 7/16""",Lumber,1,0
2026-01-07,OSB-4x8-716,"OSB Board 4x8 Sheet 7/16""",Lumber,6,0
2026-01-08,OSB-4x8-716,"OSB Board 4x8 Sheet 7/16""",Lumber,3,0
2026-01-09,OSB-4x8-716,"OSB Board 4x8 Sheet 7/16""",Lumber,5,0
2026-01-10,OSB-4x8-716,"OSB Board 4x8 Sheet 7/16""",Lumber,6,0
2026-01-11,OSB-4x8-716,"OSB Board 4x8 Sheet 7/16""",Lumber,5,0
2026-01-12,OSB-4x8-716,"OSB Board 4x8 Sheet 7/16""",Lumber,4,0
2026-01-13,OSB-4x8-716,"OSB Board 4x8 Sheet 7/16""",Lumber,4,0
2026-01-14,OSB-4x8-716,"OSB Board 4x8 Sheet 7/16""",Lumber,0,0
2026-01-15,OSB-4x8-716,"OSB Board 4x8 Sheet 7/16""",Lumber,3,0
2026-01-16,OSB-4x8-716,"OSB Board 4x8 Sheet 7/16""",Lumber,2,0
2026-01-17,OSB-4x8-716,"OSB Board 4x8 Sheet 7/16""",Lumber,4,0
2026-01-18,OSB-4x8-716,"OSB Board 4x8 Sheet 7/16""",Lumber,4,0
2026-01-19,OSB-4x8-716,"OSB Board 4x8 Sheet 7/16""",Lumber,3,0
2026-01-20,OSB-4x8-716,"OSB Board 4x8 Sheet 7/16""",Lumber,6,0
2026-01-21,OSB-4x8-716,"OSB Board 4x8 Sheet 7/16""",Lumber,6,0
2026-01-22,OSB-4x8-716,"OSB Board 4x8 Sheet 7/16""",Lumber,4,0
2026-01-23,OSB-4x8-716,"OSB Board 4x8 Sheet 7/16""",Lumber,4,0
2026-01-24,OSB-4x8-716,"OSB Board 4x8 Sheet 7/16""",Lumber,3,0
2026-01-25,OSB-4x8-716,"OSB Board 4x8 Sheet 7/16""",Lumber,6,0
2026-01-26,OSB-4x8-716,"OSB Board 4x8 Sheet 7/16""",Lumber,3,0
2026-01-27,OSB-4x8-716,"OSB Board 4x8 Sheet 7/16""",Lumber,3,0
2026-01-28,OSB-4x8-716,"OSB Board 4x8 Sheet 7/16""",Lumber,2,0
2026-01-29,OSB-4x8-716,"OSB Board 4x8 Sheet 7/16""",Lumber,4,0
2026-01-30,OSB-4x8-716,"OSB Board 4x8 Sheet 7/16""",Lumber,7,1
2026-01-31,OSB-4x8-716,"OSB Board 4x8 Sheet 7/16""",Lumber,0,0
2026-02-01,OSB-4x8-716,"OSB Board 4x8 Sheet 7/16""",Lumber,4,0
2026-02-02,OSB-4x8-716,"OSB Board 4x8 Sheet 7/16""",Lumber,5,0
2026-02-03,OSB-4x8-716,"OSB Board 4x8 Sheet 7/16""",Lumber,3,0
2026-02-04,OSB-4x8-716,"OSB Board 4x8 Sheet 7/16""",Lumber,0,0
2026-02-05,OSB-4x8-716,"OSB Board 4x8 Sheet 7/16""",Lumber,0,0
2026-02-06,OSB-4x8-716,"OSB Board 4x8 Sheet 7/16""",Lumber,0,0
2026-02-07,OSB-4x8-716,"OSB Board 4x8 Sheet 7/16""",Lumber,10,0
2026-02-08,OSB-4x8-716,"OSB Board 4x8 Sheet 7/16""",Lumber,6,0
2026-02-09,OSB-4x8-716,"OSB Board 4x8 Sheet 7/16""",Lumber,4,0
2026-02-10,OSB-4x8-716,"OSB Board 4x8 Sheet 7/16""",Lumber,3,0
2026-02-11,OSB-4x8-716,"OSB Board 4x8 Sheet 7/16""",Lumber,5,0
2026-02-12,OSB-4x8-716,"OSB Board 4x8 Sheet 7/16""",Lumber,0,0
2026-02-13,OSB-4x8-716,"OSB Board 4x8 Sheet 7/16""",Lumber,0,0
2026-02-14,OSB-4x8-716,"OSB Board 4x8 Sheet 7/16""",Lumber,1,0
2026-02-15,OSB-4x8-716,"OSB Board 4x8 Sheet 7/16""",Lumber,3,0
2026-02-16,OSB-4x8-716,"OSB Board 4x8 Sheet 7/16""",Lumber,4,0
2026-02-17,OSB-4x8-716,"OSB Board 4x8 Sheet 7/16""",Lumber,0,0
2026-02-18,OSB-4x8-716,"OSB Board 4x8 Sheet 7/16""",Lumber,5,0
2026-02-19,OSB-4x8-716,"OSB Board 4x8 Sheet 7/16""",Lumber,3,0
2026-02-20,OSB-4x8-716,"OSB Board 4x8 Sheet 7/16""",Lumber,8,1
2026-02-21,OSB-4x8-716,"OSB Board 4x8 Sheet 7/16""",Lumber,0,0
2026-02-22,OSB-4x8-716,"OSB Board 4x8 Sheet 7/16""",Lumber,2,0
2026-02-23,OSB-4x8-716,"OSB Board 4x8 Sheet 7/16""",Lumber,0,0
2026-02-24,OSB-4x8-716,"OSB Board 4x8 Sheet 7/16""",Lumber,6,0
2026-02-25,OSB-4x8-716,"OSB Board 4x8 Sheet 7/16""",Lumber,2,0
2026-02-26,OSB-4x8-716,"OSB Board 4x8 Sheet 7/16""",Lumber,0,0
2026-02-27,OSB-4x8-716,"OSB Board 4x8 Sheet 7/16""",Lumber,3,0
2026-02-28,OSB-4x8-716,"OSB Board 4x8 Sheet 7/16""",Lumber,1,0
2026-03-01,OSB-4x8-716,"OSB Board 4x8 Sheet 7/16""",Lumber,0,0
2026-03-02,OSB-4x8-716,"OSB Board 4x8 Sheet 7/16""",Lumber,9,0
2026-03-03,OSB-4x8-716,"OSB Board 4x8 Sheet 7/16""",Lumber,6,0
2026-03-04,OSB-4x8-716,"OSB Board 4x8 Sheet 7/16""",Lumber,3,0
2026-03-05,OSB-4x8-716,"OSB Board 4x8 Sheet 7/16""",Lumber,5,0
2026-03-06,OSB-4x8-716,"OSB Board 4x8 Sheet 7/16""",Lumber,6,0
2026-03-07,OSB-4x8-716,"OSB Board 4x8 Sheet 7/16""",Lumber,6,0
2026-03-08,OSB-4x8-716,"OSB Board 4x8 Sheet 7/16""",Lumber,8,0
2026-03-09,OSB-4x8-716,"OSB Board 4x8 Sheet 7/16""",Lumber,3,0
2026-03-10,OSB-4x8-716,"OSB Board 4x8 Sheet 7/16""",Lumber,2,0
2026-03-11,OSB-4x8-716,"OSB Board 4x8 Sheet 7/16""",Lumber,4,0
2026-03-12,OSB-4x8-716,"OSB Board 4x8 Sheet 7/16""",Lumber,5,0
2026-03-13,OSB-4x8-716,"OSB Board 4x8 Sheet 7/16""",Lumber,4,0
2026-03-14,OSB-4x8-716,"OSB Board 4x8 Sheet 7/16""",Lumber,6,0
2026-03-15,OSB-4x8-716,"OSB Board 4x8 Sheet 7/16""",Lumber,8,0
2026-03-16,OSB-4x8-716,"OSB Board 4x8 Sheet 7/16""",Lumber,5,0
2026-03-17,OSB-4x8-716,"OSB Board 4x8 Sheet 7/16""",Lumber,7,0
2026-03-18,OSB-4x8-716,"OSB Board 4x8 Sheet 7/16""",Lumber,6,0
2026-03-19,OSB-4x8-716,"OSB Board 4x8 Sheet 7/16""",Lumber,5,0
2026-03-20,OSB-4x8-716,"OSB Board 4x8 Sheet 7/16""",Lumber,2,0
2026-03-21,OSB-4x8-716,"OSB Board 4x8 Sheet 7/16""",Lumber,7,0
2026-03-22,OSB-4x8-716,"OSB Board 4x8 Sheet 7/16""",Lumber,2,0
2026-03-23,OSB-4x8-716,"OSB Board 4x8 Sheet 7/16""",Lumber,4,0
2026-03-24,OSB-4x8-716,"OSB Board 4x8 Sheet 7/16""",Lumber,1,0
2026-03-25,OSB-4x8-716,"OSB Board 4x8 Sheet 7/16""",Lumber,5,0
2026-03-26,OSB-4x8-716,"OSB Board 4x8 Sheet 7/16""",Lumber,5,0
2026-03-27,OSB-4x8-716,"OSB Board 4x8 Sheet 7/16""",Lumber,2,0
2026-03-28,OSB-4x8-716,"OSB Board 4x8 Sheet 7/16""",Lumber,3,0
2026-03-29,OSB-4x8-716,"OSB Board 4x8 Sheet 7/16""",Lumber,5,0
2026-03-30,OSB-4x8-716,"OSB Board 4x8 Sheet 7/16""",Lumber,2,0
2026-03-31,OSB-4x8-716,"OSB Board 4x8 Sheet 7/16""",Lumber,6,0
2026-04-01,OSB-4x8-716,"OSB Board 4x8 Sheet 7/16""",Lumber,5,0
2026-04-02,OSB-4x8-716,"OSB Board 4x8 Sheet 7/16""",Lumber,4,0
2026-04-03,OSB-4x8-716,"OSB Board 4x8 Sheet 7/16""",Lumber,3,0
2026-04-04,OSB-4x8-716,"OSB Board 4x8 Sheet 7/16""",Lumber,9,0
2026-04-05,OSB-4x8-716,"OSB Board 4x8 Sheet 7/16""",Lumber,4,0
2026-04-06,OSB-4x8-716,"OSB Board 4x8 Sheet 7/16""",Lumber,7,0
2026-04-07,OSB-4x8-716,"OSB Board 4x8 Sheet 7/16""",Lumber,7,0
2026-04-08,OSB-4x8-716,"OSB Board 4x8 Sheet 7/16""",Lumber,2,0
2026-04-09,OSB-4x8-716,"OSB Board 4x8 Sheet 7/16""",Lumber,4,0
2026-04-10,OSB-4x8-716,"OSB Board 4x8 Sheet 7/16""",Lumber,5,0
2026-04-11,OSB-4x8-716,"OSB Board 4x8 Sheet 7/16""",Lumber,3,0
2026-04-12,OSB-4x8-716,"OSB Board 4x8 Sheet 7/16""",Lumber,4,0
2026-04-13,OSB-4x8-716,"OSB Board 4x8 Sheet 7/16""",Lumber,10,0
2026-04-14,OSB-4x8-716,"OSB Board 4x8 Sheet 7/16""",Lumber,0,0
2026-04-15,OSB-4x8-716,"OSB Board 4x8 Sheet 7/16""",Lumber,3,0
2026-04-16,OSB-4x8-716,"OSB Board 4x8 Sheet 7/16""",Lumber,6,0
2026-04-17,OSB-4x8-716,"OSB Board 4x8 Sheet 7/16""",Lumber,2,0
2026-04-18,OSB-4x8-716,"OSB Board 4x8 Sheet 7/16""",Lumber,8,0
2026-04-19,OSB-4x8-716,"OSB Board 4x8 Sheet 7/16""",Lumber,3,0
2026-04-20,OSB-4x8-716,"OSB Board 4x8 Sheet 7/16""",Lumber,5,0
2026-04-21,OSB-4x8-716,"OSB Board 4x8 Sheet 7/16""",Lumber,2,0
2026-04-22,OSB-4x8-716,"OSB Board 4x8 Sheet 7/16""",Lumber,2,0
2026-04-23,OSB-4x8-716,"OSB Board 4x8 Sheet 7/16""",Lumber,5,0
2026-04-24,OSB-4x8-716,"OSB Board 4x8 Sheet 7/16""",Lumber,7,0
2026-04-25,OSB-4x8-716,"OSB Board 4x8 Sheet 7/16""",Lumber,6,0
2026-04-26,OSB-4x8-716,"OSB Board 4x8 Sheet 7/16""",Lumber,3,0
2026-04-27,OSB-4x8-716,"OSB Board 4x8 Sheet 7/16""",Lumber,7,0
2026-04-28,OSB-4x8-716,"OSB Board 4x8 Sheet 7/16""",Lumber,5,0
2026-04-29,OSB-4x8-716,"OSB Board 4x8 Sheet 7/16""",Lumber,0,0
2026-04-30,OSB-4x8-716,"OSB Board 4x8 Sheet 7/16""",Lumber,7,0
2026-05-01,OSB-4x8-716,"OSB Board 4x8 Sheet 7/16""",Lumber,0,0
2026-05-02,OSB-4x8-716,"OSB Board 4x8 Sheet 7/16""",Lumber,5,0
2026-05-03,OSB-4x8-716,"OSB Board 4x8 Sheet 7/16""",Lumber,8,0
2026-05-04,OSB-4x8-716,"OSB Board 4x8 Sheet 7/16""",Lumber,8,0
2026-05-05,OSB-4x8-716,"OSB Board 4x8 Sheet 7/16""",Lumber,3,0
2026-05-06,OSB-4x8-716,"OSB Board 4x8 Sheet 7/16""",Lumber,7,0
2026-05-07,OSB-4x8-716,"OSB Board 4x8 Sheet 7/16""",Lumber,7,0
2026-05-08,OSB-4x8-716,"OSB Board 4x8 Sheet 7/16""",Lumber,5,0
2026-05-09,OSB-4x8-716,"OSB Board 4x8 Sheet 7/16""",Lumber,4,0
2026-05-10,OSB-4x8-716,"OSB Board 4x8 Sheet 7/16""",Lumber,0,0
2026-05-11,OSB-4x8-716,"OSB Board 4x8 Sheet 7/16""",Lumber,4,0
2026-05-12,OSB-4x8-716,"OSB Board 4x8 Sheet 7/16""",Lumber,5,0
2026-05-13,OSB-4x8-716,"OSB Board 4x8 Sheet 7/16""",Lumber,1,0
2026-05-14,OSB-4x8-716,"OSB Board 4x8 Sheet 7/16""",Lumber,5,0
2026-05-15,OSB-4x8-716,"OSB Board 4x8 Sheet 7/16""",Lumber,7,0
2024-11-22,CMT-MX-60,Cement Mix 60lb Bag,Concrete,2,0
2024-11-23,CMT-MX-60,Cement Mix 60lb Bag,Concrete,7,0
2024-11-24,CMT-MX-60,Cement Mix 60lb Bag,Concrete,0,0
2024-11-25,CMT-MX-60,Cement Mix 60lb Bag,Concrete,1,0
2024-11-26,CMT-MX-60,Cement Mix 60lb Bag,Concrete,0,0
2024-11-27,CMT-MX-60,Cement Mix 60lb Bag,Concrete,2,0
2024-11-28,CMT-MX-60,Cement Mix 60lb Bag,Concrete,0,0
2024-11-29,CMT-MX-60,Cement Mix 60lb Bag,Concrete,0,0
2024-11-30,CMT-MX-60,Cement Mix 60lb Bag,Concrete,3,0
2024-12-01,CMT-MX-60,Cement Mix 60lb Bag,Concrete,2,0
2024-12-02,CMT-MX-60,Cement Mix 60lb Bag,Concrete,3,0
2024-12-03,CMT-MX-60,Cement Mix 60lb Bag,Concrete,0,0
2024-12-04,CMT-MX-60,Cement Mix 60lb Bag,Concrete,3,0
2024-12-05,CMT-MX-60,Cement Mix 60lb Bag,Concrete,1,0
2024-12-06,CMT-MX-60,Cement Mix 60lb Bag,Concrete,2,0
2024-12-07,CMT-MX-60,Cement Mix 60lb Bag,Concrete,1,0
2024-12-08,CMT-MX-60,Cement Mix 60lb Bag,Concrete,0,0
2024-12-09,CMT-MX-60,Cement Mix 60lb Bag,Concrete,4,0
2024-12-10,CMT-MX-60,Cement Mix 60lb Bag,Concrete,0,0
2024-12-11,CMT-MX-60,Cement Mix 60lb Bag,Concrete,0,1
2024-12-12,CMT-MX-60,Cement Mix 60lb Bag,Concrete,2,0
2024-12-13,CMT-MX-60,Cement Mix 60lb Bag,Concrete,1,0
2024-12-14,CMT-MX-60,Cement Mix 60lb Bag,Concrete,4,0
2024-12-15,CMT-MX-60,Cement Mix 60lb Bag,Concrete,8,0
2024-12-16,CMT-MX-60,Cement Mix 60lb Bag,Concrete,1,0
2024-12-17,CMT-MX-60,Cement Mix 60lb Bag,Concrete,2,0
2024-12-18,CMT-MX-60,Cement Mix 60lb Bag,Concrete,4,0
2024-12-19,CMT-MX-60,Cement Mix 60lb Bag,Concrete,3,0
2024-12-20,CMT-MX-60,Cement Mix 60lb Bag,Concrete,2,0
2024-12-21,CMT-MX-60,Cement Mix 60lb Bag,Concrete,4,0
2024-12-22,CMT-MX-60,Cement Mix 60lb Bag,Concrete,2,0
2024-12-23,CMT-MX-60,Cement Mix 60lb Bag,Concrete,4,0
2024-12-24,CMT-MX-60,Cement Mix 60lb Bag,Concrete,2,0
2024-12-25,CMT-MX-60,Cement Mix 60lb Bag,Concrete,4,0
2024-12-26,CMT-MX-60,Cement Mix 60lb Bag,Concrete,4,0
2024-12-27,CMT-MX-60,Cement Mix 60lb Bag,Concrete,5,0
2024-12-28,CMT-MX-60,Cement Mix 60lb Bag,Concrete,7,0
2024-12-29,CMT-MX-60,Cement Mix 60lb Bag,Concrete,7,0
2024-12-30,CMT-MX-60,Cement Mix 60lb Bag,Concrete,2,0
2024-12-31,CMT-MX-60,Cement Mix 60lb Bag,Concrete,3,0
2025-01-01,CMT-MX-60,Cement Mix 60lb Bag,Concrete,3,0
2025-01-02,CMT-MX-60,Cement Mix 60lb Bag,Concrete,2,0
2025-01-03,CMT-MX-60,Cement Mix 60lb Bag,Concrete,0,0
2025-01-04,CMT-MX-60,Cement Mix 60lb Bag,Concrete,0,0
2025-01-05,CMT-MX-60,Cement Mix 60lb Bag,Concrete,3,0
2025-01-06,CMT-MX-60,Cement Mix 60lb Bag,Concrete,2,0
2025-01-07,CMT-MX-60,Cement Mix 60lb Bag,Concrete,6,0
2025-01-08,CMT-MX-60,Cement Mix 60lb Bag,Concrete,0,0
2025-01-09,CMT-MX-60,Cement Mix 60lb Bag,Concrete,6,0
2025-01-10,CMT-MX-60,Cement Mix 60lb Bag,Concrete,2,0
2025-01-11,CMT-MX-60,Cement Mix 60lb Bag,Concrete,4,0
2025-01-12,CMT-MX-60,Cement Mix 60lb Bag,Concrete,6,0
2025-01-13,CMT-MX-60,Cement Mix 60lb Bag,Concrete,4,0
2025-01-14,CMT-MX-60,Cement Mix 60lb Bag,Concrete,4,0
2025-01-15,CMT-MX-60,Cement Mix 60lb Bag,Concrete,2,0
2025-01-16,CMT-MX-60,Cement Mix 60lb Bag,Concrete,0,0
2025-01-17,CMT-MX-60,Cement Mix 60lb Bag,Concrete,1,0
2025-01-18,CMT-MX-60,Cement Mix 60lb Bag,Concrete,2,0
2025-01-19,CMT-MX-60,Cement Mix 60lb Bag,Concrete,1,0
2025-01-20,CMT-MX-60,Cement Mix 60lb Bag,Concrete,2,0
2025-01-21,CMT-MX-60,Cement Mix 60lb Bag,Concrete,1,0
2025-01-22,CMT-MX-60,Cement Mix 60lb Bag,Concrete,1,0
2025-01-23,CMT-MX-60,Cement Mix 60lb Bag,Concrete,4,0
2025-01-24,CMT-MX-60,Cement Mix 60lb Bag,Concrete,1,0
2025-01-25,CMT-MX-60,Cement Mix 60lb Bag,Concrete,0,0
2025-01-26,CMT-MX-60,Cement Mix 60lb Bag,Concrete,4,0
2025-01-27,CMT-MX-60,Cement Mix 60lb Bag,Concrete,1,0
2025-01-28,CMT-MX-60,Cement Mix 60lb Bag,Concrete,3,1
2025-01-29,CMT-MX-60,Cement Mix 60lb Bag,Concrete,3,0
2025-01-30,CMT-MX-60,Cement Mix 60lb Bag,Concrete,2,0
2025-01-31,CMT-MX-60,Cement Mix 60lb Bag,Concrete,4,0
2025-02-01,CMT-MX-60,Cement Mix 60lb Bag,Concrete,4,0
2025-02-02,CMT-MX-60,Cement Mix 60lb Bag,Concrete,2,0
2025-02-03,CMT-MX-60,Cement Mix 60lb Bag,Concrete,2,0
2025-02-04,CMT-MX-60,Cement Mix 60lb Bag,Concrete,0,0
2025-02-05,CMT-MX-60,Cement Mix 60lb Bag,Concrete,2,0
2025-02-06,CMT-MX-60,Cement Mix 60lb Bag,Concrete,2,0
2025-02-07,CMT-MX-60,Cement Mix 60lb Bag,Concrete,2,0
2025-02-08,CMT-MX-60,Cement Mix 60lb Bag,Concrete,0,0
2025-02-09,CMT-MX-60,Cement Mix 60lb Bag,Concrete,2,0
2025-02-10,CMT-MX-60,Cement Mix 60lb Bag,Concrete,1,0
2025-02-11,CMT-MX-60,Cement Mix 60lb Bag,Concrete,2,0
2025-02-12,CMT-MX-60,Cement Mix 60lb Bag,Concrete,2,0
2025-02-13,CMT-MX-60,Cement Mix 60lb Bag,Concrete,0,0
2025-02-14,CMT-MX-60,Cement Mix 60lb Bag,Concrete,1,0
2025-02-15,CMT-MX-60,Cement Mix 60lb Bag,Concrete,1,0
2025-02-16,CMT-MX-60,Cement Mix 60lb Bag,Concrete,0,0
2025-02-17,CMT-MX-60,Cement Mix 60lb Bag,Concrete,6,0
2025-02-18,CMT-MX-60,Cement Mix 60lb Bag,Concrete,3,0
2025-02-19,CMT-MX-60,Cement Mix 60lb Bag,Concrete,2,0
2025-02-20,CMT-MX-60,Cement Mix 60lb Bag,Concrete,2,0
2025-02-21,CMT-MX-60,Cement Mix 60lb Bag,Concrete,2,0
2025-02-22,CMT-MX-60,Cement Mix 60lb Bag,Concrete,0,0
2025-02-23,CMT-MX-60,Cement Mix 60lb Bag,Concrete,6,0
2025-02-24,CMT-MX-60,Cement Mix 60lb Bag,Concrete,0,0
2025-02-25,CMT-MX-60,Cement Mix 60lb Bag,Concrete,2,0
2025-02-26,CMT-MX-60,Cement Mix 60lb Bag,Concrete,2,0
2025-02-27,CMT-MX-60,Cement Mix 60lb Bag,Concrete,3,0
2025-02-28,CMT-MX-60,Cement Mix 60lb Bag,Concrete,0,0
2025-03-01,CMT-MX-60,Cement Mix 60lb Bag,Concrete,9,0
2025-03-02,CMT-MX-60,Cement Mix 60lb Bag,Concrete,1,0
2025-03-03,CMT-MX-60,Cement Mix 60lb Bag,Concrete,2,0
2025-03-04,CMT-MX-60,Cement Mix 60lb Bag,Concrete,2,0
2025-03-05,CMT-MX-60,Cement Mix 60lb Bag,Concrete,3,0
2025-03-06,CMT-MX-60,Cement Mix 60lb Bag,Concrete,3,0
2025-03-07,CMT-MX-60,Cement Mix 60lb Bag,Concrete,5,0
2025-03-08,CMT-MX-60,Cement Mix 60lb Bag,Concrete,1,0
2025-03-09,CMT-MX-60,Cement Mix 60lb Bag,Concrete,2,0
2025-03-10,CMT-MX-60,Cement Mix 60lb Bag,Concrete,0,0
2025-03-11,CMT-MX-60,Cement Mix 60lb Bag,Concrete,1,0
2025-03-12,CMT-MX-60,Cement Mix 60lb Bag,Concrete,2,0
2025-03-13,CMT-MX-60,Cement Mix 60lb Bag,Concrete,2,0
2025-03-14,CMT-MX-60,Cement Mix 60lb Bag,Concrete,3,0
2025-03-15,CMT-MX-60,Cement Mix 60lb Bag,Concrete,0,0
2025-03-16,CMT-MX-60,Cement Mix 60lb Bag,Concrete,4,0
2025-03-17,CMT-MX-60,Cement Mix 60lb Bag,Concrete,1,0
2025-03-18,CMT-MX-60,Cement Mix 60lb Bag,Concrete,0,0
2025-03-19,CMT-MX-60,Cement Mix 60lb Bag,Concrete,0,0
2025-03-20,CMT-MX-60,Cement Mix 60lb Bag,Concrete,8,0
2025-03-21,CMT-MX-60,Cement Mix 60lb Bag,Concrete,2,0
2025-03-22,CMT-MX-60,Cement Mix 60lb Bag,Concrete,5,0
2025-03-23,CMT-MX-60,Cement Mix 60lb Bag,Concrete,2,0
2025-03-24,CMT-MX-60,Cement Mix 60lb Bag,Concrete,3,0
2025-03-25,CMT-MX-60,Cement Mix 60lb Bag,Concrete,0,0
2025-03-26,CMT-MX-60,Cement Mix 60lb Bag,Concrete,4,0
2025-03-27,CMT-MX-60,Cement Mix 60lb Bag,Concrete,0,0
2025-03-28,CMT-MX-60,Cement Mix 60lb Bag,Concrete,0,0
2025-03-29,CMT-MX-60,Cement Mix 60lb Bag,Concrete,3,0
2025-03-30,CMT-MX-60,Cement Mix 60lb Bag,Concrete,3,0
2025-03-31,CMT-MX-60,Cement Mix 60lb Bag,Concrete,3,0
2025-04-01,CMT-MX-60,Cement Mix 60lb Bag,Concrete,3,0
2025-04-02,CMT-MX-60,Cement Mix 60lb Bag,Concrete,6,0
2025-04-03,CMT-MX-60,Cement Mix 60lb Bag,Concrete,4,0
2025-04-04,CMT-MX-60,Cement Mix 60lb Bag,Concrete,2,0
2025-04-05,CMT-MX-60,Cement Mix 60lb Bag,Concrete,4,0
2025-04-06,CMT-MX-60,Cement Mix 60lb Bag,Concrete,0,0
2025-04-07,CMT-MX-60,Cement Mix 60lb Bag,Concrete,0,0
2025-04-08,CMT-MX-60,Cement Mix 60lb Bag,Concrete,2,0
2025-04-09,CMT-MX-60,Cement Mix 60lb Bag,Concrete,2,0
2025-04-10,CMT-MX-60,Cement Mix 60lb Bag,Concrete,1,0
2025-04-11,CMT-MX-60,Cement Mix 60lb Bag,Concrete,6,0
2025-04-12,CMT-MX-60,Cement Mix 60lb Bag,Concrete,3,0
2025-04-13,CMT-MX-60,Cement Mix 60lb Bag,Concrete,3,0
2025-04-14,CMT-MX-60,Cement Mix 60lb Bag,Concrete,4,0
2025-04-15,CMT-MX-60,Cement Mix 60lb Bag,Concrete,2,0
2025-04-16,CMT-MX-60,Cement Mix 60lb Bag,Concrete,4,0
2025-04-17,CMT-MX-60,Cement Mix 60lb Bag,Concrete,3,0
2025-04-18,CMT-MX-60,Cement Mix 60lb Bag,Concrete,0,0
2025-04-19,CMT-MX-60,Cement Mix 60lb Bag,Concrete,0,0
2025-04-20,CMT-MX-60,Cement Mix 60lb Bag,Concrete,0,0
2025-04-21,CMT-MX-60,Cement Mix 60lb Bag,Concrete,0,0
2025-04-22,CMT-MX-60,Cement Mix 60lb Bag,Concrete,3,0
2025-04-23,CMT-MX-60,Cement Mix 60lb Bag,Concrete,8,0
2025-04-24,CMT-MX-60,Cement Mix 60lb Bag,Concrete,3,0
2025-04-25,CMT-MX-60,Cement Mix 60lb Bag,Concrete,5,0
2025-04-26,CMT-MX-60,Cement Mix 60lb Bag,Concrete,2,0
2025-04-27,CMT-MX-60,Cement Mix 60lb Bag,Concrete,4,0
2025-04-28,CMT-MX-60,Cement Mix 60lb Bag,Concrete,3,0
2025-04-29,CMT-MX-60,Cement Mix 60lb Bag,Concrete,0,0
2025-04-30,CMT-MX-60,Cement Mix 60lb Bag,Concrete,1,0
2025-05-01,CMT-MX-60,Cement Mix 60lb Bag,Concrete,6,0
2025-05-02,CMT-MX-60,Cement Mix 60lb Bag,Concrete,0,0
2025-05-03,CMT-MX-60,Cement Mix 60lb Bag,Concrete,4,0
2025-05-04,CMT-MX-60,Cement Mix 60lb Bag,Concrete,1,0
2025-05-05,CMT-MX-60,Cement Mix 60lb Bag,Concrete,1,0
2025-05-06,CMT-MX-60,Cement Mix 60lb Bag,Concrete,3,0
2025-05-07,CMT-MX-60,Cement Mix 60lb Bag,Concrete,1,0
2025-05-08,CMT-MX-60,Cement Mix 60lb Bag,Concrete,3,0
2025-05-09,CMT-MX-60,Cement Mix 60lb Bag,Concrete,3,0
2025-05-10,CMT-MX-60,Cement Mix 60lb Bag,Concrete,1,0
2025-05-11,CMT-MX-60,Cement Mix 60lb Bag,Concrete,0,0
2025-05-12,CMT-MX-60,Cement Mix 60lb Bag,Concrete,1,0
2025-05-13,CMT-MX-60,Cement Mix 60lb Bag,Concrete,4,0
2025-05-14,CMT-MX-60,Cement Mix 60lb Bag,Concrete,3,0
2025-05-15,CMT-MX-60,Cement Mix 60lb Bag,Concrete,5,0
2025-05-16,CMT-MX-60,Cement Mix 60lb Bag,Concrete,4,0
2025-05-17,CMT-MX-60,Cement Mix 60lb Bag,Concrete,1,0
2025-05-18,CMT-MX-60,Cement Mix 60lb Bag,Concrete,2,0
2025-05-19,CMT-MX-60,Cement Mix 60lb Bag,Concrete,2,0
2025-05-20,CMT-MX-60,Cement Mix 60lb Bag,Concrete,2,0
2025-05-21,CMT-MX-60,Cement Mix 60lb Bag,Concrete,3,0
2025-05-22,CMT-MX-60,Cement Mix 60lb Bag,Concrete,4,0
2025-05-23,CMT-MX-60,Cement Mix 60lb Bag,Concrete,4,0
2025-05-24,CMT-MX-60,Cement Mix 60lb Bag,Concrete,4,0
2025-05-25,CMT-MX-60,Cement Mix 60lb Bag,Concrete,9,0
2025-05-26,CMT-MX-60,Cement Mix 60lb Bag,Concrete,1,0
2025-05-27,CMT-MX-60,Cement Mix 60lb Bag,Concrete,4,0
2025-05-28,CMT-MX-60,Cement Mix 60lb Bag,Concrete,4,0
2025-05-29,CMT-MX-60,Cement Mix 60lb Bag,Concrete,1,0
2025-05-30,CMT-MX-60,Cement Mix 60lb Bag,Concrete,2,0
2025-05-31,CMT-MX-60,Cement Mix 60lb Bag,Concrete,6,0
2025-06-01,CMT-MX-60,Cement Mix 60lb Bag,Concrete,2,0
2025-06-02,CMT-MX-60,Cement Mix 60lb Bag,Concrete,2,0
2025-06-03,CMT-MX-60,Cement Mix 60lb Bag,Concrete,0,0
2025-06-04,CMT-MX-60,Cement Mix 60lb Bag,Concrete,2,0
2025-06-05,CMT-MX-60,Cement Mix 60lb Bag,Concrete,2,0
2025-06-06,CMT-MX-60,Cement Mix 60lb Bag,Concrete,3,0
2025-06-07,CMT-MX-60,Cement Mix 60lb Bag,Concrete,3,0
2025-06-08,CMT-MX-60,Cement Mix 60lb Bag,Concrete,3,0
2025-06-09,CMT-MX-60,Cement Mix 60lb Bag,Concrete,4,0
2025-06-10,CMT-MX-60,Cement Mix 60lb Bag,Concrete,0,0
2025-06-11,CMT-MX-60,Cement Mix 60lb Bag,Concrete,4,0
2025-06-12,CMT-MX-60,Cement Mix 60lb Bag,Concrete,3,0
2025-06-13,CMT-MX-60,Cement Mix 60lb Bag,Concrete,1,0
2025-06-14,CMT-MX-60,Cement Mix 60lb Bag,Concrete,4,0
2025-06-15,CMT-MX-60,Cement Mix 60lb Bag,Concrete,5,0
2025-06-16,CMT-MX-60,Cement Mix 60lb Bag,Concrete,3,0
2025-06-17,CMT-MX-60,Cement Mix 60lb Bag,Concrete,0,0
2025-06-18,CMT-MX-60,Cement Mix 60lb Bag,Concrete,2,0
2025-06-19,CMT-MX-60,Cement Mix 60lb Bag,Concrete,1,0
2025-06-20,CMT-MX-60,Cement Mix 60lb Bag,Concrete,3,0
2025-06-21,CMT-MX-60,Cement Mix 60lb Bag,Concrete,0,0
2025-06-22,CMT-MX-60,Cement Mix 60lb Bag,Concrete,1,0
2025-06-23,CMT-MX-60,Cement Mix 60lb Bag,Concrete,2,0
2025-06-24,CMT-MX-60,Cement Mix 60lb Bag,Concrete,2,0
2025-06-25,CMT-MX-60,Cement Mix 60lb Bag,Concrete,8,0
2025-06-26,CMT-MX-60,Cement Mix 60lb Bag,Concrete,0,0
2025-06-27,CMT-MX-60,Cement Mix 60lb Bag,Concrete,2,0
2025-06-28,CMT-MX-60,Cement Mix 60lb Bag,Concrete,5,0
2025-06-29,CMT-MX-60,Cement Mix 60lb Bag,Concrete,5,0
2025-06-30,CMT-MX-60,Cement Mix 60lb Bag,Concrete,3,0
2025-07-01,CMT-MX-60,Cement Mix 60lb Bag,Concrete,0,0
2025-07-02,CMT-MX-60,Cement Mix 60lb Bag,Concrete,4,0
2025-07-03,CMT-MX-60,Cement Mix 60lb Bag,Concrete,2,0
2025-07-04,CMT-MX-60,Cement Mix 60lb Bag,Concrete,6,0
2025-07-05,CMT-MX-60,Cement Mix 60lb Bag,Concrete,4,0
2025-07-06,CMT-MX-60,Cement Mix 60lb Bag,Concrete,3,0
2025-07-07,CMT-MX-60,Cement Mix 60lb Bag,Concrete,0,0
2025-07-08,CMT-MX-60,Cement Mix 60lb Bag,Concrete,7,0
2025-07-09,CMT-MX-60,Cement Mix 60lb Bag,Concrete,0,0
2025-07-10,CMT-MX-60,Cement Mix 60lb Bag,Concrete,4,0
2025-07-11,CMT-MX-60,Cement Mix 60lb Bag,Concrete,0,0
2025-07-12,CMT-MX-60,Cement Mix 60lb Bag,Concrete,6,0
2025-07-13,CMT-MX-60,Cement Mix 60lb Bag,Concrete,2,0
2025-07-14,CMT-MX-60,Cement Mix 60lb Bag,Concrete,3,0
2025-07-15,CMT-MX-60,Cement Mix 60lb Bag,Concrete,2,0
2025-07-16,CMT-MX-60,Cement Mix 60lb Bag,Concrete,4,0
2025-07-17,CMT-MX-60,Cement Mix 60lb Bag,Concrete,2,0
2025-07-18,CMT-MX-60,Cement Mix 60lb Bag,Concrete,1,0
2025-07-19,CMT-MX-60,Cement Mix 60lb Bag,Concrete,4,0
2025-07-20,CMT-MX-60,Cement Mix 60lb Bag,Concrete,3,0
2025-07-21,CMT-MX-60,Cement Mix 60lb Bag,Concrete,5,0
2025-07-22,CMT-MX-60,Cement Mix 60lb Bag,Concrete,2,0
2025-07-23,CMT-MX-60,Cement Mix 60lb Bag,Concrete,3,0
2025-07-24,CMT-MX-60,Cement Mix 60lb Bag,Concrete,3,0
2025-07-25,CMT-MX-60,Cement Mix 60lb Bag,Concrete,5,0
2025-07-26,CMT-MX-60,Cement Mix 60lb Bag,Concrete,5,0
2025-07-27,CMT-MX-60,Cement Mix 60lb Bag,Concrete,5,0
2025-07-28,CMT-MX-60,Cement Mix 60lb Bag,Concrete,1,0
2025-07-29,CMT-MX-60,Cement Mix 60lb Bag,Concrete,2,0
2025-07-30,CMT-MX-60,Cement Mix 60lb Bag,Concrete,1,0
2025-07-31,CMT-MX-60,Cement Mix 60lb Bag,Concrete,3,0
2025-08-01,CMT-MX-60,Cement Mix 60lb Bag,Concrete,5,0
2025-08-02,CMT-MX-60,Cement Mix 60lb Bag,Concrete,5,0
2025-08-03,CMT-MX-60,Cement Mix 60lb Bag,Concrete,6,0
2025-08-04,CMT-MX-60,Cement Mix 60lb Bag,Concrete,1,0
2025-08-05,CMT-MX-60,Cement Mix 60lb Bag,Concrete,4,0
2025-08-06,CMT-MX-60,Cement Mix 60lb Bag,Concrete,6,0
2025-08-07,CMT-MX-60,Cement Mix 60lb Bag,Concrete,3,0
2025-08-08,CMT-MX-60,Cement Mix 60lb Bag,Concrete,0,0
2025-08-09,CMT-MX-60,Cement Mix 60lb Bag,Concrete,7,0
2025-08-10,CMT-MX-60,Cement Mix 60lb Bag,Concrete,4,0
2025-08-11,CMT-MX-60,Cement Mix 60lb Bag,Concrete,4,0
2025-08-12,CMT-MX-60,Cement Mix 60lb Bag,Concrete,4,0
2025-08-13,CMT-MX-60,Cement Mix 60lb Bag,Concrete,4,0
2025-08-14,CMT-MX-60,Cement Mix 60lb Bag,Concrete,0,0
2025-08-15,CMT-MX-60,Cement Mix 60lb Bag,Concrete,0,0
2025-08-16,CMT-MX-60,Cement Mix 60lb Bag,Concrete,3,0
2025-08-17,CMT-MX-60,Cement Mix 60lb Bag,Concrete,0,0
2025-08-18,CMT-MX-60,Cement Mix 60lb Bag,Concrete,6,0
2025-08-19,CMT-MX-60,Cement Mix 60lb Bag,Concrete,0,0
2025-08-20,CMT-MX-60,Cement Mix 60lb Bag,Concrete,4,0
2025-08-21,CMT-MX-60,Cement Mix 60lb Bag,Concrete,1,0
2025-08-22,CMT-MX-60,Cement Mix 60lb Bag,Concrete,0,0
2025-08-23,CMT-MX-60,Cement Mix 60lb Bag,Concrete,2,0
2025-08-24,CMT-MX-60,Cement Mix 60lb Bag,Concrete,2,0
2025-08-25,CMT-MX-60,Cement Mix 60lb Bag,Concrete,2,0
2025-08-26,CMT-MX-60,Cement Mix 60lb Bag,Concrete,5,1
2025-08-27,CMT-MX-60,Cement Mix 60lb Bag,Concrete,1,0
2025-08-28,CMT-MX-60,Cement Mix 60lb Bag,Concrete,7,0
2025-08-29,CMT-MX-60,Cement Mix 60lb Bag,Concrete,4,0
2025-08-30,CMT-MX-60,Cement Mix 60lb Bag,Concrete,4,0
2025-08-31,CMT-MX-60,Cement Mix 60lb Bag,Concrete,2,0
2025-09-01,CMT-MX-60,Cement Mix 60lb Bag,Concrete,3,0
2025-09-02,CMT-MX-60,Cement Mix 60lb Bag,Concrete,2,0
2025-09-03,CMT-MX-60,Cement Mix 60lb Bag,Concrete,1,0
2025-09-04,CMT-MX-60,Cement Mix 60lb Bag,Concrete,1,0
2025-09-05,CMT-MX-60,Cement Mix 60lb Bag,Concrete,4,0
2025-09-06,CMT-MX-60,Cement Mix 60lb Bag,Concrete,2,0
2025-09-07,CMT-MX-60,Cement Mix 60lb Bag,Concrete,2,0
2025-09-08,CMT-MX-60,Cement Mix 60lb Bag,Concrete,2,0
2025-09-09,CMT-MX-60,Cement Mix 60lb Bag,Concrete,2,0
2025-09-10,CMT-MX-60,Cement Mix 60lb Bag,Concrete,0,0
2025-09-11,CMT-MX-60,Cement Mix 60lb Bag,Concrete,0,0
2025-09-12,CMT-MX-60,Cement Mix 60lb Bag,Concrete,4,1
2025-09-13,CMT-MX-60,Cement Mix 60lb Bag,Concrete,0,0
2025-09-14,CMT-MX-60,Cement Mix 60lb Bag,Concrete,2,0
2025-09-15,CMT-MX-60,Cement Mix 60lb Bag,Concrete,1,0
2025-09-16,CMT-MX-60,Cement Mix 60lb Bag,Concrete,4,0
2025-09-17,CMT-MX-60,Cement Mix 60lb Bag,Concrete,1,0
2025-09-18,CMT-MX-60,Cement Mix 60lb Bag,Concrete,0,0
2025-09-19,CMT-MX-60,Cement Mix 60lb Bag,Concrete,0,0
2025-09-20,CMT-MX-60,Cement Mix 60lb Bag,Concrete,3,0
2025-09-21,CMT-MX-60,Cement Mix 60lb Bag,Concrete,3,0
2025-09-22,CMT-MX-60,Cement Mix 60lb Bag,Concrete,3,0
2025-09-23,CMT-MX-60,Cement Mix 60lb Bag,Concrete,3,0
2025-09-24,CMT-MX-60,Cement Mix 60lb Bag,Concrete,4,0
2025-09-25,CMT-MX-60,Cement Mix 60lb Bag,Concrete,1,0
2025-09-26,CMT-MX-60,Cement Mix 60lb Bag,Concrete,1,0
2025-09-27,CMT-MX-60,Cement Mix 60lb Bag,Concrete,2,0
2025-09-28,CMT-MX-60,Cement Mix 60lb Bag,Concrete,4,0
2025-09-29,CMT-MX-60,Cement Mix 60lb Bag,Concrete,2,0
2025-09-30,CMT-MX-60,Cement Mix 60lb Bag,Concrete,0,0
2025-10-01,CMT-MX-60,Cement Mix 60lb Bag,Concrete,1,0
2025-10-02,CMT-MX-60,Cement Mix 60lb Bag,Concrete,0,0
2025-10-03,CMT-MX-60,Cement Mix 60lb Bag,Concrete,0,0
2025-10-04,CMT-MX-60,Cement Mix 60lb Bag,Concrete,0,0
2025-10-05,CMT-MX-60,Cement Mix 60lb Bag,Concrete,2,0
2025-10-06,CMT-MX-60,Cement Mix 60lb Bag,Concrete,0,0
2025-10-07,CMT-MX-60,Cement Mix 60lb Bag,Concrete,4,0
2025-10-08,CMT-MX-60,Cement Mix 60lb Bag,Concrete,3,0
2025-10-09,CMT-MX-60,Cement Mix 60lb Bag,Concrete,3,0
2025-10-10,CMT-MX-60,Cement Mix 60lb Bag,Concrete,2,0
2025-10-11,CMT-MX-60,Cement Mix 60lb Bag,Concrete,3,0
2025-10-12,CMT-MX-60,Cement Mix 60lb Bag,Concrete,3,0
2025-10-13,CMT-MX-60,Cement Mix 60lb Bag,Concrete,4,0
2025-10-14,CMT-MX-60,Cement Mix 60lb Bag,Concrete,0,0
2025-10-15,CMT-MX-60,Cement Mix 60lb Bag,Concrete,4,0
2025-10-16,CMT-MX-60,Cement Mix 60lb Bag,Concrete,2,0
2025-10-17,CMT-MX-60,Cement Mix 60lb Bag,Concrete,0,0
2025-10-18,CMT-MX-60,Cement Mix 60lb Bag,Concrete,2,0
2025-10-19,CMT-MX-60,Cement Mix 60lb Bag,Concrete,4,0
2025-10-20,CMT-MX-60,Cement Mix 60lb Bag,Concrete,1,0
2025-10-21,CMT-MX-60,Cement Mix 60lb Bag,Concrete,3,0
2025-10-22,CMT-MX-60,Cement Mix 60lb Bag,Concrete,4,0
2025-10-23,CMT-MX-60,Cement Mix 60lb Bag,Concrete,1,0
2025-10-24,CMT-MX-60,Cement Mix 60lb Bag,Concrete,1,0
2025-10-25,CMT-MX-60,Cement Mix 60lb Bag,Concrete,0,0
2025-10-26,CMT-MX-60,Cement Mix 60lb Bag,Concrete,3,0
2025-10-27,CMT-MX-60,Cement Mix 60lb Bag,Concrete,3,0
2025-10-28,CMT-MX-60,Cement Mix 60lb Bag,Concrete,0,0
2025-10-29,CMT-MX-60,Cement Mix 60lb Bag,Concrete,2,0
2025-10-30,CMT-MX-60,Cement Mix 60lb Bag,Concrete,0,0
2025-10-31,CMT-MX-60,Cement Mix 60lb Bag,Concrete,2,0
2025-11-01,CMT-MX-60,Cement Mix 60lb Bag,Concrete,6,0
2025-11-02,CMT-MX-60,Cement Mix 60lb Bag,Concrete,2,0
2025-11-03,CMT-MX-60,Cement Mix 60lb Bag,Concrete,2,0
2025-11-04,CMT-MX-60,Cement Mix 60lb Bag,Concrete,0,0
2025-11-05,CMT-MX-60,Cement Mix 60lb Bag,Concrete,1,0
2025-11-06,CMT-MX-60,Cement Mix 60lb Bag,Concrete,4,0
2025-11-07,CMT-MX-60,Cement Mix 60lb Bag,Concrete,0,0
2025-11-08,CMT-MX-60,Cement Mix 60lb Bag,Concrete,2,0
2025-11-09,CMT-MX-60,Cement Mix 60lb Bag,Concrete,4,0
2025-11-10,CMT-MX-60,Cement Mix 60lb Bag,Concrete,0,0
2025-11-11,CMT-MX-60,Cement Mix 60lb Bag,Concrete,0,0
2025-11-12,CMT-MX-60,Cement Mix 60lb Bag,Concrete,1,0
2025-11-13,CMT-MX-60,Cement Mix 60lb Bag,Concrete,2,0
2025-11-14,CMT-MX-60,Cement Mix 60lb Bag,Concrete,0,0
2025-11-15,CMT-MX-60,Cement Mix 60lb Bag,Concrete,2,0
2025-11-16,CMT-MX-60,Cement Mix 60lb Bag,Concrete,4,0
2025-11-17,CMT-MX-60,Cement Mix 60lb Bag,Concrete,1,0
2025-11-18,CMT-MX-60,Cement Mix 60lb Bag,Concrete,2,0
2025-11-19,CMT-MX-60,Cement Mix 60lb Bag,Concrete,1,0
2025-11-20,CMT-MX-60,Cement Mix 60lb Bag,Concrete,1,0
2025-11-21,CMT-MX-60,Cement Mix 60lb Bag,Concrete,2,0
2025-11-22,CMT-MX-60,Cement Mix 60lb Bag,Concrete,2,0
2025-11-23,CMT-MX-60,Cement Mix 60lb Bag,Concrete,2,0
2025-11-24,CMT-MX-60,Cement Mix 60lb Bag,Concrete,0,0
2025-11-25,CMT-MX-60,Cement Mix 60lb Bag,Concrete,2,0
2025-11-26,CMT-MX-60,Cement Mix 60lb Bag,Concrete,2,0
2025-11-27,CMT-MX-60,Cement Mix 60lb Bag,Concrete,1,0
2025-11-28,CMT-MX-60,Cement Mix 60lb Bag,Concrete,5,0
2025-11-29,CMT-MX-60,Cement Mix 60lb Bag,Concrete,3,0
2025-11-30,CMT-MX-60,Cement Mix 60lb Bag,Concrete,2,0
2025-12-01,CMT-MX-60,Cement Mix 60lb Bag,Concrete,1,0
2025-12-02,CMT-MX-60,Cement Mix 60lb Bag,Concrete,0,0
2025-12-03,CMT-MX-60,Cement Mix 60lb Bag,Concrete,2,0
2025-12-04,CMT-MX-60,Cement Mix 60lb Bag,Concrete,4,0
2025-12-05,CMT-MX-60,Cement Mix 60lb Bag,Concrete,2,0
2025-12-06,CMT-MX-60,Cement Mix 60lb Bag,Concrete,2,0
2025-12-07,CMT-MX-60,Cement Mix 60lb Bag,Concrete,4,0
2025-12-08,CMT-MX-60,Cement Mix 60lb Bag,Concrete,0,0
2025-12-09,CMT-MX-60,Cement Mix 60lb Bag,Concrete,1,0
2025-12-10,CMT-MX-60,Cement Mix 60lb Bag,Concrete,1,0
2025-12-11,CMT-MX-60,Cement Mix 60lb Bag,Concrete,3,0
2025-12-12,CMT-MX-60,Cement Mix 60lb Bag,Concrete,6,0
2025-12-13,CMT-MX-60,Cement Mix 60lb Bag,Concrete,1,0
2025-12-14,CMT-MX-60,Cement Mix 60lb Bag,Concrete,3,0
2025-12-15,CMT-MX-60,Cement Mix 60lb Bag,Concrete,5,0
2025-12-16,CMT-MX-60,Cement Mix 60lb Bag,Concrete,6,0
2025-12-17,CMT-MX-60,Cement Mix 60lb Bag,Concrete,2,0
2025-12-18,CMT-MX-60,Cement Mix 60lb Bag,Concrete,0,0
2025-12-19,CMT-MX-60,Cement Mix 60lb Bag,Concrete,3,0
2025-12-20,CMT-MX-60,Cement Mix 60lb Bag,Concrete,3,0
2025-12-21,CMT-MX-60,Cement Mix 60lb Bag,Concrete,4,0
2025-12-22,CMT-MX-60,Cement Mix 60lb Bag,Concrete,3,0
2025-12-23,CMT-MX-60,Cement Mix 60lb Bag,Concrete,6,0
2025-12-24,CMT-MX-60,Cement Mix 60lb Bag,Concrete,2,0
2025-12-25,CMT-MX-60,Cement Mix 60lb Bag,Concrete,3,0
2025-12-26,CMT-MX-60,Cement Mix 60lb Bag,Concrete,2,0
2025-12-27,CMT-MX-60,Cement Mix 60lb Bag,Concrete,3,0
2025-12-28,CMT-MX-60,Cement Mix 60lb Bag,Concrete,2,0
2025-12-29,CMT-MX-60,Cement Mix 60lb Bag,Concrete,1,0
2025-12-30,CMT-MX-60,Cement Mix 60lb Bag,Concrete,4,0
2025-12-31,CMT-MX-60,Cement Mix 60lb Bag,Concrete,4,1
2026-01-01,CMT-MX-60,Cement Mix 60lb Bag,Concrete,0,0
2026-01-02,CMT-MX-60,Cement Mix 60lb Bag,Concrete,5,0
2026-01-03,CMT-MX-60,Cement Mix 60lb Bag,Concrete,4,0
2026-01-04,CMT-MX-60,Cement Mix 60lb Bag,Concrete,0,0
2026-01-05,CMT-MX-60,Cement Mix 60lb Bag,Concrete,1,0
2026-01-06,CMT-MX-60,Cement Mix 60lb Bag,Concrete,0,0
2026-01-07,CMT-MX-60,Cement Mix 60lb Bag,Concrete,2,0
2026-01-08,CMT-MX-60,Cement Mix 60lb Bag,Concrete,0,0
2026-01-09,CMT-MX-60,Cement Mix 60lb Bag,Concrete,1,0
2026-01-10,CMT-MX-60,Cement Mix 60lb Bag,Concrete,9,0
2026-01-11,CMT-MX-60,Cement Mix 60lb Bag,Concrete,1,0
2026-01-12,CMT-MX-60,Cement Mix 60lb Bag,Concrete,0,0
2026-01-13,CMT-MX-60,Cement Mix 60lb Bag,Concrete,6,0
2026-01-14,CMT-MX-60,Cement Mix 60lb Bag,Concrete,1,0
2026-01-15,CMT-MX-60,Cement Mix 60lb Bag,Concrete,3,0
2026-01-16,CMT-MX-60,Cement Mix 60lb Bag,Concrete,3,0
2026-01-17,CMT-MX-60,Cement Mix 60lb Bag,Concrete,1,0
2026-01-18,CMT-MX-60,Cement Mix 60lb Bag,Concrete,4,0
2026-01-19,CMT-MX-60,Cement Mix 60lb Bag,Concrete,2,0
2026-01-20,CMT-MX-60,Cement Mix 60lb Bag,Concrete,2,0
2026-01-21,CMT-MX-60,Cement Mix 60lb Bag,Concrete,2,0
2026-01-22,CMT-MX-60,Cement Mix 60lb Bag,Concrete,0,0
2026-01-23,CMT-MX-60,Cement Mix 60lb Bag,Concrete,1,0
2026-01-24,CMT-MX-60,Cement Mix 60lb Bag,Concrete,5,0
2026-01-25,CMT-MX-60,Cement Mix 60lb Bag,Concrete,2,0
2026-01-26,CMT-MX-60,Cement Mix 60lb Bag,Concrete,2,0
2026-01-27,CMT-MX-60,Cement Mix 60lb Bag,Concrete,4,0
2026-01-28,CMT-MX-60,Cement Mix 60lb Bag,Concrete,1,0
2026-01-29,CMT-MX-60,Cement Mix 60lb Bag,Concrete,1,0
2026-01-30,CMT-MX-60,Cement Mix 60lb Bag,Concrete,1,0
2026-01-31,CMT-MX-60,Cement Mix 60lb Bag,Concrete,4,0
2026-02-01,CMT-MX-60,Cement Mix 60lb Bag,Concrete,3,0
2026-02-02,CMT-MX-60,Cement Mix 60lb Bag,Concrete,3,0
2026-02-03,CMT-MX-60,Cement Mix 60lb Bag,Concrete,0,0
2026-02-04,CMT-MX-60,Cement Mix 60lb Bag,Concrete,0,0
2026-02-05,CMT-MX-60,Cement Mix 60lb Bag,Concrete,0,0
2026-02-06,CMT-MX-60,Cement Mix 60lb Bag,Concrete,3,0
2026-02-07,CMT-MX-60,Cement Mix 60lb Bag,Concrete,4,0
2026-02-08,CMT-MX-60,Cement Mix 60lb Bag,Concrete,2,0
2026-02-09,CMT-MX-60,Cement Mix 60lb Bag,Concrete,5,0
2026-02-10,CMT-MX-60,Cement Mix 60lb Bag,Concrete,4,1
2026-02-11,CMT-MX-60,Cement Mix 60lb Bag,Concrete,1,0
2026-02-12,CMT-MX-60,Cement Mix 60lb Bag,Concrete,1,0
2026-02-13,CMT-MX-60,Cement Mix 60lb Bag,Concrete,0,0
2026-02-14,CMT-MX-60,Cement Mix 60lb Bag,Concrete,3,0
2026-02-15,CMT-MX-60,Cement Mix 60lb Bag,Concrete,4,0
2026-02-16,CMT-MX-60,Cement Mix 60lb Bag,Concrete,3,0
2026-02-17,CMT-MX-60,Cement Mix 60lb Bag,Concrete,2,0
2026-02-18,CMT-MX-60,Cement Mix 60lb Bag,Concrete,2,0
2026-02-19,CMT-MX-60,Cement Mix 60lb Bag,Concrete,2,0
2026-02-20,CMT-MX-60,Cement Mix 60lb Bag,Concrete,0,0
2026-02-21,CMT-MX-60,Cement Mix 60lb Bag,Concrete,3,0
2026-02-22,CMT-MX-60,Cement Mix 60lb Bag,Concrete,4,0
2026-02-23,CMT-MX-60,Cement Mix 60lb Bag,Concrete,3,0
2026-02-24,CMT-MX-60,Cement Mix 60lb Bag,Concrete,2,0
2026-02-25,CMT-MX-60,Cement Mix 60lb Bag,Concrete,3,0
2026-02-26,CMT-MX-60,Cement Mix 60lb Bag,Concrete,1,0
2026-02-27,CMT-MX-60,Cement Mix 60lb Bag,Concrete,3,0
2026-02-28,CMT-MX-60,Cement Mix 60lb Bag,Concrete,0,0
2026-03-01,CMT-MX-60,Cement Mix 60lb Bag,Concrete,0,0
2026-03-02,CMT-MX-60,Cement Mix 60lb Bag,Concrete,3,0
2026-03-03,CMT-MX-60,Cement Mix 60lb Bag,Concrete,0,0
2026-03-04,CMT-MX-60,Cement Mix 60lb Bag,Concrete,3,0
2026-03-05,CMT-MX-60,Cement Mix 60lb Bag,Concrete,2,0
2026-03-06,CMT-MX-60,Cement Mix 60lb Bag,Concrete,0,0
2026-03-07,CMT-MX-60,Cement Mix 60lb Bag,Concrete,4,0
2026-03-08,CMT-MX-60,Cement Mix 60lb Bag,Concrete,3,0
2026-03-09,CMT-MX-60,Cement Mix 60lb Bag,Concrete,4,0
2026-03-10,CMT-MX-60,Cement Mix 60lb Bag,Concrete,3,0
2026-03-11,CMT-MX-60,Cement Mix 60lb Bag,Concrete,2,0
2026-03-12,CMT-MX-60,Cement Mix 60lb Bag,Concrete,1,0
2026-03-13,CMT-MX-60,Cement Mix 60lb Bag,Concrete,0,0
2026-03-14,CMT-MX-60,Cement Mix 60lb Bag,Concrete,5,0
2026-03-15,CMT-MX-60,Cement Mix 60lb Bag,Concrete,1,0
2026-03-16,CMT-MX-60,Cement Mix 60lb Bag,Concrete,7,0
2026-03-17,CMT-MX-60,Cement Mix 60lb Bag,Concrete,2,0
2026-03-18,CMT-MX-60,Cement Mix 60lb Bag,Concrete,1,0
2026-03-19,CMT-MX-60,Cement Mix 60lb Bag,Concrete,3,0
2026-03-20,CMT-MX-60,Cement Mix 60lb Bag,Concrete,2,0
2026-03-21,CMT-MX-60,Cement Mix 60lb Bag,Concrete,3,0
2026-03-22,CMT-MX-60,Cement Mix 60lb Bag,Concrete,3,0
2026-03-23,CMT-MX-60,Cement Mix 60lb Bag,Concrete,2,0
2026-03-24,CMT-MX-60,Cement Mix 60lb Bag,Concrete,3,0
2026-03-25,CMT-MX-60,Cement Mix 60lb Bag,Concrete,2,0
2026-03-26,CMT-MX-60,Cement Mix 60lb Bag,Concrete,2,0
2026-03-27,CMT-MX-60,Cement Mix 60lb Bag,Concrete,1,0
2026-03-28,CMT-MX-60,Cement Mix 60lb Bag,Concrete,3,0
2026-03-29,CMT-MX-60,Cement Mix 60lb Bag,Concrete,6,0
2026-03-30,CMT-MX-60,Cement Mix 60lb Bag,Concrete,0,0
2026-03-31,CMT-MX-60,Cement Mix 60lb Bag,Concrete,0,0
2026-04-01,CMT-MX-60,Cement Mix 60lb Bag,Concrete,1,0
2026-04-02,CMT-MX-60,Cement Mix 60lb Bag,Concrete,1,0
2026-04-03,CMT-MX-60,Cement Mix 60lb Bag,Concrete,4,0
2026-04-04,CMT-MX-60,Cement Mix 60lb Bag,Concrete,2,0
2026-04-05,CMT-MX-60,Cement Mix 60lb Bag,Concrete,3,0
2026-04-06,CMT-MX-60,Cement Mix 60lb Bag,Concrete,1,0
2026-04-07,CMT-MX-60,Cement Mix 60lb Bag,Concrete,3,0
2026-04-08,CMT-MX-60,Cement Mix 60lb Bag,Concrete,0,0
2026-04-09,CMT-MX-60,Cement Mix 60lb Bag,Concrete,3,0
2026-04-10,CMT-MX-60,Cement Mix 60lb Bag,Concrete,0,0
2026-04-11,CMT-MX-60,Cement Mix 60lb Bag,Concrete,2,0
2026-04-12,CMT-MX-60,Cement Mix 60lb Bag,Concrete,3,0
2026-04-13,CMT-MX-60,Cement Mix 60lb Bag,Concrete,2,0
2026-04-14,CMT-MX-60,Cement Mix 60lb Bag,Concrete,1,0
2026-04-15,CMT-MX-60,Cement Mix 60lb Bag,Concrete,1,0
2026-04-16,CMT-MX-60,Cement Mix 60lb Bag,Concrete,0,0
2026-04-17,CMT-MX-60,Cement Mix 60lb Bag,Concrete,0,0
2026-04-18,CMT-MX-60,Cement Mix 60lb Bag,Concrete,5,0
2026-04-19,CMT-MX-60,Cement Mix 60lb Bag,Concrete,3,0
2026-04-20,CMT-MX-60,Cement Mix 60lb Bag,Concrete,4,0
2026-04-21,CMT-MX-60,Cement Mix 60lb Bag,Concrete,3,0
2026-04-22,CMT-MX-60,Cement Mix 60lb Bag,Concrete,2,0
2026-04-23,CMT-MX-60,Cement Mix 60lb Bag,Concrete,5,0
2026-04-24,CMT-MX-60,Cement Mix 60lb Bag,Concrete,2,0
2026-04-25,CMT-MX-60,Cement Mix 60lb Bag,Concrete,5,0
2026-04-26,CMT-MX-60,Cement Mix 60lb Bag,Concrete,2,0
2026-04-27,CMT-MX-60,Cement Mix 60lb Bag,Concrete,0,0
2026-04-28,CMT-MX-60,Cement Mix 60lb Bag,Concrete,4,0
2026-04-29,CMT-MX-60,Cement Mix 60lb Bag,Concrete,1,0
2026-04-30,CMT-MX-60,Cement Mix 60lb Bag,Concrete,0,0
2026-05-01,CMT-MX-60,Cement Mix 60lb Bag,Concrete,2,0
2026-05-02,CMT-MX-60,Cement Mix 60lb Bag,Concrete,9,1
2026-05-03,CMT-MX-60,Cement Mix 60lb Bag,Concrete,2,0
2026-05-04,CMT-MX-60,Cement Mix 60lb Bag,Concrete,2,0
2026-05-05,CMT-MX-60,Cement Mix 60lb Bag,Concrete,1,0
2026-05-06,CMT-MX-60,Cement Mix 60lb Bag,Concrete,3,0
2026-05-07,CMT-MX-60,Cement Mix 60lb Bag,Concrete,1,0
2026-05-08,CMT-MX-60,Cement Mix 60lb Bag,Concrete,2,0
2026-05-09,CMT-MX-60,Cement Mix 60lb Bag,Concrete,6,0
2026-05-10,CMT-MX-60,Cement Mix 60lb Bag,Concrete,5,0
2026-05-11,CMT-MX-60,Cement Mix 60lb Bag,Concrete,2,0
2026-05-12,CMT-MX-60,Cement Mix 60lb Bag,Concrete,0,0
2026-05-13,CMT-MX-60,Cement Mix 60lb Bag,Concrete,4,0
2026-05-14,CMT-MX-60,Cement Mix 60lb Bag,Concrete,0,0
2026-05-15,CMT-MX-60,Cement Mix 60lb Bag,Concrete,3,0
2024-11-22,BLK-CN-888,Concrete Block 8x8x16,Concrete,4,0
2024-11-23,BLK-CN-888,Concrete Block 8x8x16,Concrete,2,0
2024-11-24,BLK-CN-888,Concrete Block 8x8x16,Concrete,0,0
2024-11-25,BLK-CN-888,Concrete Block 8x8x16,Concrete,1,0
2024-11-26,BLK-CN-888,Concrete Block 8x8x16,Concrete,3,0
2024-11-27,BLK-CN-888,Concrete Block 8x8x16,Concrete,4,0
2024-11-28,BLK-CN-888,Concrete Block 8x8x16,Concrete,0,0
2024-11-29,BLK-CN-888,Concrete Block 8x8x16,Concrete,5,0
2024-11-30,BLK-CN-888,Concrete Block 8x8x16,Concrete,4,0
2024-12-01,BLK-CN-888,Concrete Block 8x8x16,Concrete,2,0
2024-12-02,BLK-CN-888,Concrete Block 8x8x16,Concrete,5,0
2024-12-03,BLK-CN-888,Concrete Block 8x8x16,Concrete,2,0
2024-12-04,BLK-CN-888,Concrete Block 8x8x16,Concrete,2,0
2024-12-05,BLK-CN-888,Concrete Block 8x8x16,Concrete,2,0
2024-12-06,BLK-CN-888,Concrete Block 8x8x16,Concrete,4,1
2024-12-07,BLK-CN-888,Concrete Block 8x8x16,Concrete,0,0
2024-12-08,BLK-CN-888,Concrete Block 8x8x16,Concrete,0,0
2024-12-09,BLK-CN-888,Concrete Block 8x8x16,Concrete,3,0
2024-12-10,BLK-CN-888,Concrete Block 8x8x16,Concrete,2,0
2024-12-11,BLK-CN-888,Concrete Block 8x8x16,Concrete,0,0
2024-12-12,BLK-CN-888,Concrete Block 8x8x16,Concrete,4,0
2024-12-13,BLK-CN-888,Concrete Block 8x8x16,Concrete,6,0
2024-12-14,BLK-CN-888,Concrete Block 8x8x16,Concrete,2,0
2024-12-15,BLK-CN-888,Concrete Block 8x8x16,Concrete,0,0
2024-12-16,BLK-CN-888,Concrete Block 8x8x16,Concrete,3,0
2024-12-17,BLK-CN-888,Concrete Block 8x8x16,Concrete,2,0
2024-12-18,BLK-CN-888,Concrete Block 8x8x16,Concrete,3,0
2024-12-19,BLK-CN-888,Concrete Block 8x8x16,Concrete,1,0
2024-12-20,BLK-CN-888,Concrete Block 8x8x16,Concrete,3,0
2024-12-21,BLK-CN-888,Concrete Block 8x8x16,Concrete,2,0
2024-12-22,BLK-CN-888,Concrete Block 8x8x16,Concrete,0,0
2024-12-23,BLK-CN-888,Concrete Block 8x8x16,Concrete,4,0
2024-12-24,BLK-CN-888,Concrete Block 8x8x16,Concrete,0,0
2024-12-25,BLK-CN-888,Concrete Block 8x8x16,Concrete,4,0
2024-12-26,BLK-CN-888,Concrete Block 8x8x16,Concrete,1,0
2024-12-27,BLK-CN-888,Concrete Block 8x8x16,Concrete,1,0
2024-12-28,BLK-CN-888,Concrete Block 8x8x16,Concrete,2,0
2024-12-29,BLK-CN-888,Concrete Block 8x8x16,Concrete,1,0
2024-12-30,BLK-CN-888,Concrete Block 8x8x16,Concrete,2,0
2024-12-31,BLK-CN-888,Concrete Block 8x8x16,Concrete,4,0
2025-01-01,BLK-CN-888,Concrete Block 8x8x16,Concrete,2,0
2025-01-02,BLK-CN-888,Concrete Block 8x8x16,Concrete,1,0
2025-01-03,BLK-CN-888,Concrete Block 8x8x16,Concrete,2,0
2025-01-04,BLK-CN-888,Concrete Block 8x8x16,Concrete,4,0
2025-01-05,BLK-CN-888,Concrete Block 8x8x16,Concrete,2,0
2025-01-06,BLK-CN-888,Concrete Block 8x8x16,Concrete,1,0
2025-01-07,BLK-CN-888,Concrete Block 8x8x16,Concrete,5,0
2025-01-08,BLK-CN-888,Concrete Block 8x8x16,Concrete,1,0
2025-01-09,BLK-CN-888,Concrete Block 8x8x16,Concrete,2,0
2025-01-10,BLK-CN-888,Concrete Block 8x8x16,Concrete,3,0
2025-01-11,BLK-CN-888,Concrete Block 8x8x16,Concrete,3,0
2025-01-12,BLK-CN-888,Concrete Block 8x8x16,Concrete,5,0
2025-01-13,BLK-CN-888,Concrete Block 8x8x16,Concrete,4,0
2025-01-14,BLK-CN-888,Concrete Block 8x8x16,Concrete,2,0
2025-01-15,BLK-CN-888,Concrete Block 8x8x16,Concrete,4,0
2025-01-16,BLK-CN-888,Concrete Block 8x8x16,Concrete,4,0
2025-01-17,BLK-CN-888,Concrete Block 8x8x16,Concrete,1,0
2025-01-18,BLK-CN-888,Concrete Block 8x8x16,Concrete,0,0
2025-01-19,BLK-CN-888,Concrete Block 8x8x16,Concrete,3,0
2025-01-20,BLK-CN-888,Concrete Block 8x8x16,Concrete,0,0
2025-01-21,BLK-CN-888,Concrete Block 8x8x16,Concrete,2,0
2025-01-22,BLK-CN-888,Concrete Block 8x8x16,Concrete,3,0
2025-01-23,BLK-CN-888,Concrete Block 8x8x16,Concrete,3,0
2025-01-24,BLK-CN-888,Concrete Block 8x8x16,Concrete,0,0
2025-01-25,BLK-CN-888,Concrete Block 8x8x16,Concrete,5,0
2025-01-26,BLK-CN-888,Concrete Block 8x8x16,Concrete,1,0
2025-01-27,BLK-CN-888,Concrete Block 8x8x16,Concrete,2,0
2025-01-28,BLK-CN-888,Concrete Block 8x8x16,Concrete,0,0
2025-01-29,BLK-CN-888,Concrete Block 8x8x16,Concrete,1,0
2025-01-30,BLK-CN-888,Concrete Block 8x8x16,Concrete,2,0
2025-01-31,BLK-CN-888,Concrete Block 8x8x16,Concrete,3,0
2025-02-01,BLK-CN-888,Concrete Block 8x8x16,Concrete,6,0
2025-02-02,BLK-CN-888,Concrete Block 8x8x16,Concrete,0,0
2025-02-03,BLK-CN-888,Concrete Block 8x8x16,Concrete,3,0
2025-02-04,BLK-CN-888,Concrete Block 8x8x16,Concrete,1,0
2025-02-05,BLK-CN-888,Concrete Block 8x8x16,Concrete,3,0
2025-02-06,BLK-CN-888,Concrete Block 8x8x16,Concrete,2,0
2025-02-07,BLK-CN-888,Concrete Block 8x8x16,Concrete,2,0
2025-02-08,BLK-CN-888,Concrete Block 8x8x16,Concrete,1,0
2025-02-09,BLK-CN-888,Concrete Block 8x8x16,Concrete,3,0
2025-02-10,BLK-CN-888,Concrete Block 8x8x16,Concrete,0,0
2025-02-11,BLK-CN-888,Concrete Block 8x8x16,Concrete,1,0
2025-02-12,BLK-CN-888,Concrete Block 8x8x16,Concrete,1,0
2025-02-13,BLK-CN-888,Concrete Block 8x8x16,Concrete,0,0
2025-02-14,BLK-CN-888,Concrete Block 8x8x16,Concrete,3,0
2025-02-15,BLK-CN-888,Concrete Block 8x8x16,Concrete,1,0
2025-02-16,BLK-CN-888,Concrete Block 8x8x16,Concrete,5,0
2025-02-17,BLK-CN-888,Concrete Block 8x8x16,Concrete,1,0
2025-02-18,BLK-CN-888,Concrete Block 8x8x16,Concrete,3,0
2025-02-19,BLK-CN-888,Concrete Block 8x8x16,Concrete,3,0
2025-02-20,BLK-CN-888,Concrete Block 8x8x16,Concrete,1,0
2025-02-21,BLK-CN-888,Concrete Block 8x8x16,Concrete,2,0
2025-02-22,BLK-CN-888,Concrete Block 8x8x16,Concrete,1,0
2025-02-23,BLK-CN-888,Concrete Block 8x8x16,Concrete,4,0
2025-02-24,BLK-CN-888,Concrete Block 8x8x16,Concrete,0,0
2025-02-25,BLK-CN-888,Concrete Block 8x8x16,Concrete,1,0
2025-02-26,BLK-CN-888,Concrete Block 8x8x16,Concrete,1,0
2025-02-27,BLK-CN-888,Concrete Block 8x8x16,Concrete,1,0
2025-02-28,BLK-CN-888,Concrete Block 8x8x16,Concrete,2,0
2025-03-01,BLK-CN-888,Concrete Block 8x8x16,Concrete,4,0
2025-03-02,BLK-CN-888,Concrete Block 8x8x16,Concrete,2,0
2025-03-03,BLK-CN-888,Concrete Block 8x8x16,Concrete,1,0
2025-03-04,BLK-CN-888,Concrete Block 8x8x16,Concrete,1,0
2025-03-05,BLK-CN-888,Concrete Block 8x8x16,Concrete,3,0
2025-03-06,BLK-CN-888,Concrete Block 8x8x16,Concrete,2,0
2025-03-07,BLK-CN-888,Concrete Block 8x8x16,Concrete,2,0
2025-03-08,BLK-CN-888,Concrete Block 8x8x16,Concrete,3,0
2025-03-09,BLK-CN-888,Concrete Block 8x8x16,Concrete,1,0
2025-03-10,BLK-CN-888,Concrete Block 8x8x16,Concrete,6,0
2025-03-11,BLK-CN-888,Concrete Block 8x8x16,Concrete,1,0
2025-03-12,BLK-CN-888,Concrete Block 8x8x16,Concrete,1,0
2025-03-13,BLK-CN-888,Concrete Block 8x8x16,Concrete,1,0
2025-03-14,BLK-CN-888,Concrete Block 8x8x16,Concrete,4,0
2025-03-15,BLK-CN-888,Concrete Block 8x8x16,Concrete,7,0
2025-03-16,BLK-CN-888,Concrete Block 8x8x16,Concrete,2,0
2025-03-17,BLK-CN-888,Concrete Block 8x8x16,Concrete,3,0
2025-03-18,BLK-CN-888,Concrete Block 8x8x16,Concrete,8,0
2025-03-19,BLK-CN-888,Concrete Block 8x8x16,Concrete,1,0
2025-03-20,BLK-CN-888,Concrete Block 8x8x16,Concrete,3,0
2025-03-21,BLK-CN-888,Concrete Block 8x8x16,Concrete,0,0
2025-03-22,BLK-CN-888,Concrete Block 8x8x16,Concrete,0,0
2025-03-23,BLK-CN-888,Concrete Block 8x8x16,Concrete,3,0
2025-03-24,BLK-CN-888,Concrete Block 8x8x16,Concrete,2,0
2025-03-25,BLK-CN-888,Concrete Block 8x8x16,Concrete,1,0
2025-03-26,BLK-CN-888,Concrete Block 8x8x16,Concrete,4,0
2025-03-27,BLK-CN-888,Concrete Block 8x8x16,Concrete,0,0
2025-03-28,BLK-CN-888,Concrete Block 8x8x16,Concrete,1,0
2025-03-29,BLK-CN-888,Concrete Block 8x8x16,Concrete,7,0
2025-03-30,BLK-CN-888,Concrete Block 8x8x16,Concrete,4,0
2025-03-31,BLK-CN-888,Concrete Block 8x8x16,Concrete,1,0
2025-04-01,BLK-CN-888,Concrete Block 8x8x16,Concrete,4,0
2025-04-02,BLK-CN-888,Concrete Block 8x8x16,Concrete,6,0
2025-04-03,BLK-CN-888,Concrete Block 8x8x16,Concrete,0,0
2025-04-04,BLK-CN-888,Concrete Block 8x8x16,Concrete,2,0
2025-04-05,BLK-CN-888,Concrete Block 8x8x16,Concrete,0,0
2025-04-06,BLK-CN-888,Concrete Block 8x8x16,Concrete,2,0
2025-04-07,BLK-CN-888,Concrete Block 8x8x16,Concrete,2,0
2025-04-08,BLK-CN-888,Concrete Block 8x8x16,Concrete,4,0
2025-04-09,BLK-CN-888,Concrete Block 8x8x16,Concrete,0,0
2025-04-10,BLK-CN-888,Concrete Block 8x8x16,Concrete,1,0
2025-04-11,BLK-CN-888,Concrete Block 8x8x16,Concrete,0,0
2025-04-12,BLK-CN-888,Concrete Block 8x8x16,Concrete,4,0
2025-04-13,BLK-CN-888,Concrete Block 8x8x16,Concrete,2,0
2025-04-14,BLK-CN-888,Concrete Block 8x8x16,Concrete,0,0
2025-04-15,BLK-CN-888,Concrete Block 8x8x16,Concrete,4,0
2025-04-16,BLK-CN-888,Concrete Block 8x8x16,Concrete,0,0
2025-04-17,BLK-CN-888,Concrete Block 8x8x16,Concrete,0,0
2025-04-18,BLK-CN-888,Concrete Block 8x8x16,Concrete,3,0
2025-04-19,BLK-CN-888,Concrete Block 8x8x16,Concrete,4,0
2025-04-20,BLK-CN-888,Concrete Block 8x8x16,Concrete,6,1
2025-04-21,BLK-CN-888,Concrete Block 8x8x16,Concrete,4,0
2025-04-22,BLK-CN-888,Concrete Block 8x8x16,Concrete,0,0
2025-04-23,BLK-CN-888,Concrete Block 8x8x16,Concrete,1,0
2025-04-24,BLK-CN-888,Concrete Block 8x8x16,Concrete,4,0
2025-04-25,BLK-CN-888,Concrete Block 8x8x16,Concrete,3,0
2025-04-26,BLK-CN-888,Concrete Block 8x8x16,Concrete,2,0
2025-04-27,BLK-CN-888,Concrete Block 8x8x16,Concrete,7,0
2025-04-28,BLK-CN-888,Concrete Block 8x8x16,Concrete,4,0
2025-04-29,BLK-CN-888,Concrete Block 8x8x16,Concrete,6,0
2025-04-30,BLK-CN-888,Concrete Block 8x8x16,Concrete,2,0
2025-05-01,BLK-CN-888,Concrete Block 8x8x16,Concrete,0,0
2025-05-02,BLK-CN-888,Concrete Block 8x8x16,Concrete,2,0
2025-05-03,BLK-CN-888,Concrete Block 8x8x16,Concrete,1,0
2025-05-04,BLK-CN-888,Concrete Block 8x8x16,Concrete,6,0
2025-05-05,BLK-CN-888,Concrete Block 8x8x16,Concrete,1,0
2025-05-06,BLK-CN-888,Concrete Block 8x8x16,Concrete,2,0
2025-05-07,BLK-CN-888,Concrete Block 8x8x16,Concrete,5,0
2025-05-08,BLK-CN-888,Concrete Block 8x8x16,Concrete,2,0
2025-05-09,BLK-CN-888,Concrete Block 8x8x16,Concrete,4,0
2025-05-10,BLK-CN-888,Concrete Block 8x8x16,Concrete,1,0
2025-05-11,BLK-CN-888,Concrete Block 8x8x16,Concrete,7,0
2025-05-12,BLK-CN-888,Concrete Block 8x8x16,Concrete,5,0
2025-05-13,BLK-CN-888,Concrete Block 8x8x16,Concrete,3,0
2025-05-14,BLK-CN-888,Concrete Block 8x8x16,Concrete,2,0
2025-05-15,BLK-CN-888,Concrete Block 8x8x16,Concrete,0,0
2025-05-16,BLK-CN-888,Concrete Block 8x8x16,Concrete,3,0
2025-05-17,BLK-CN-888,Concrete Block 8x8x16,Concrete,0,0
2025-05-18,BLK-CN-888,Concrete Block 8x8x16,Concrete,1,0
2025-05-19,BLK-CN-888,Concrete Block 8x8x16,Concrete,0,0
2025-05-20,BLK-CN-888,Concrete Block 8x8x16,Concrete,1,0
2025-05-21,BLK-CN-888,Concrete Block 8x8x16,Concrete,3,0
2025-05-22,BLK-CN-888,Concrete Block 8x8x16,Concrete,4,0
2025-05-23,BLK-CN-888,Concrete Block 8x8x16,Concrete,3,0
2025-05-24,BLK-CN-888,Concrete Block 8x8x16,Concrete,4,0
2025-05-25,BLK-CN-888,Concrete Block 8x8x16,Concrete,5,0
2025-05-26,BLK-CN-888,Concrete Block 8x8x16,Concrete,2,0
2025-05-27,BLK-CN-888,Concrete Block 8x8x16,Concrete,0,0
2025-05-28,BLK-CN-888,Concrete Block 8x8x16,Concrete,2,0
2025-05-29,BLK-CN-888,Concrete Block 8x8x16,Concrete,1,0
2025-05-30,BLK-CN-888,Concrete Block 8x8x16,Concrete,5,0
2025-05-31,BLK-CN-888,Concrete Block 8x8x16,Concrete,0,0
2025-06-01,BLK-CN-888,Concrete Block 8x8x16,Concrete,1,0
2025-06-02,BLK-CN-888,Concrete Block 8x8x16,Concrete,4,0
2025-06-03,BLK-CN-888,Concrete Block 8x8x16,Concrete,6,0
2025-06-04,BLK-CN-888,Concrete Block 8x8x16,Concrete,5,1
2025-06-05,BLK-CN-888,Concrete Block 8x8x16,Concrete,4,0
2025-06-06,BLK-CN-888,Concrete Block 8x8x16,Concrete,2,0
2025-06-07,BLK-CN-888,Concrete Block 8x8x16,Concrete,4,0
2025-06-08,BLK-CN-888,Concrete Block 8x8x16,Concrete,0,0
2025-06-09,BLK-CN-888,Concrete Block 8x8x16,Concrete,4,0
2025-06-10,BLK-CN-888,Concrete Block 8x8x16,Concrete,3,0
2025-06-11,BLK-CN-888,Concrete Block 8x8x16,Concrete,4,0
2025-06-12,BLK-CN-888,Concrete Block 8x8x16,Concrete,3,0
2025-06-13,BLK-CN-888,Concrete Block 8x8x16,Concrete,4,0
2025-06-14,BLK-CN-888,Concrete Block 8x8x16,Concrete,6,0
2025-06-15,BLK-CN-888,Concrete Block 8x8x16,Concrete,4,0
2025-06-16,BLK-CN-888,Concrete Block 8x8x16,Concrete,3,0
2025-06-17,BLK-CN-888,Concrete Block 8x8x16,Concrete,2,0
2025-06-18,BLK-CN-888,Concrete Block 8x8x16,Concrete,4,0
2025-06-19,BLK-CN-888,Concrete Block 8x8x16,Concrete,1,0
2025-06-20,BLK-CN-888,Concrete Block 8x8x16,Concrete,0,0
2025-06-21,BLK-CN-888,Concrete Block 8x8x16,Concrete,2,0
2025-06-22,BLK-CN-888,Concrete Block 8x8x16,Concrete,11,1
2025-06-23,BLK-CN-888,Concrete Block 8x8x16,Concrete,6,0
2025-06-24,BLK-CN-888,Concrete Block 8x8x16,Concrete,4,0
2025-06-25,BLK-CN-888,Concrete Block 8x8x16,Concrete,1,0
2025-06-26,BLK-CN-888,Concrete Block 8x8x16,Concrete,3,0
2025-06-27,BLK-CN-888,Concrete Block 8x8x16,Concrete,4,0
2025-06-28,BLK-CN-888,Concrete Block 8x8x16,Concrete,3,0
2025-06-29,BLK-CN-888,Concrete Block 8x8x16,Concrete,3,0
2025-06-30,BLK-CN-888,Concrete Block 8x8x16,Concrete,2,0
2025-07-01,BLK-CN-888,Concrete Block 8x8x16,Concrete,2,0
2025-07-02,BLK-CN-888,Concrete Block 8x8x16,Concrete,0,0
2025-07-03,BLK-CN-888,Concrete Block 8x8x16,Concrete,2,0
2025-07-04,BLK-CN-888,Concrete Block 8x8x16,Concrete,2,0
2025-07-05,BLK-CN-888,Concrete Block 8x8x16,Concrete,4,0
2025-07-06,BLK-CN-888,Concrete Block 8x8x16,Concrete,6,0
2025-07-07,BLK-CN-888,Concrete Block 8x8x16,Concrete,1,0
2025-07-08,BLK-CN-888,Concrete Block 8x8x16,Concrete,2,0
2025-07-09,BLK-CN-888,Concrete Block 8x8x16,Concrete,4,0
2025-07-10,BLK-CN-888,Concrete Block 8x8x16,Concrete,5,0
2025-07-11,BLK-CN-888,Concrete Block 8x8x16,Concrete,3,0
2025-07-12,BLK-CN-888,Concrete Block 8x8x16,Concrete,6,0
2025-07-13,BLK-CN-888,Concrete Block 8x8x16,Concrete,5,0
2025-07-14,BLK-CN-888,Concrete Block 8x8x16,Concrete,2,0
2025-07-15,BLK-CN-888,Concrete Block 8x8x16,Concrete,5,0
2025-07-16,BLK-CN-888,Concrete Block 8x8x16,Concrete,4,0
2025-07-17,BLK-CN-888,Concrete Block 8x8x16,Concrete,2,0
2025-07-18,BLK-CN-888,Concrete Block 8x8x16,Concrete,5,0
2025-07-19,BLK-CN-888,Concrete Block 8x8x16,Concrete,4,0
2025-07-20,BLK-CN-888,Concrete Block 8x8x16,Concrete,0,0
2025-07-21,BLK-CN-888,Concrete Block 8x8x16,Concrete,3,0
2025-07-22,BLK-CN-888,Concrete Block 8x8x16,Concrete,3,0
2025-07-23,BLK-CN-888,Concrete Block 8x8x16,Concrete,3,0
2025-07-24,BLK-CN-888,Concrete Block 8x8x16,Concrete,1,0
2025-07-25,BLK-CN-888,Concrete Block 8x8x16,Concrete,4,0
2025-07-26,BLK-CN-888,Concrete Block 8x8x16,Concrete,7,0
2025-07-27,BLK-CN-888,Concrete Block 8x8x16,Concrete,2,0
2025-07-28,BLK-CN-888,Concrete Block 8x8x16,Concrete,3,0
2025-07-29,BLK-CN-888,Concrete Block 8x8x16,Concrete,1,0
2025-07-30,BLK-CN-888,Concrete Block 8x8x16,Concrete,4,1
2025-07-31,BLK-CN-888,Concrete Block 8x8x16,Concrete,4,0
2025-08-01,BLK-CN-888,Concrete Block 8x8x16,Concrete,2,0
2025-08-02,BLK-CN-888,Concrete Block 8x8x16,Concrete,3,0
2025-08-03,BLK-CN-888,Concrete Block 8x8x16,Concrete,2,0
2025-08-04,BLK-CN-888,Concrete Block 8x8x16,Concrete,0,0
2025-08-05,BLK-CN-888,Concrete Block 8x8x16,Concrete,0,0
2025-08-06,BLK-CN-888,Concrete Block 8x8x16,Concrete,4,0
2025-08-07,BLK-CN-888,Concrete Block 8x8x16,Concrete,1,0
2025-08-08,BLK-CN-888,Concrete Block 8x8x16,Concrete,5,0
2025-08-09,BLK-CN-888,Concrete Block 8x8x16,Concrete,3,0
2025-08-10,BLK-CN-888,Concrete Block 8x8x16,Concrete,6,0
2025-08-11,BLK-CN-888,Concrete Block 8x8x16,Concrete,5,0
2025-08-12,BLK-CN-888,Concrete Block 8x8x16,Concrete,1,0
2025-08-13,BLK-CN-888,Concrete Block 8x8x16,Concrete,1,0
2025-08-14,BLK-CN-888,Concrete Block 8x8x16,Concrete,0,0
2025-08-15,BLK-CN-888,Concrete Block 8x8x16,Concrete,0,0
2025-08-16,BLK-CN-888,Concrete Block 8x8x16,Concrete,4,0
2025-08-17,BLK-CN-888,Concrete Block 8x8x16,Concrete,1,0
2025-08-18,BLK-CN-888,Concrete Block 8x8x16,Concrete,1,0
2025-08-19,BLK-CN-888,Concrete Block 8x8x16,Concrete,3,0
2025-08-20,BLK-CN-888,Concrete Block 8x8x16,Concrete,0,0
2025-08-21,BLK-CN-888,Concrete Block 8x8x16,Concrete,3,0
2025-08-22,BLK-CN-888,Concrete Block 8x8x16,Concrete,0,0
2025-08-23,BLK-CN-888,Concrete Block 8x8x16,Concrete,5,0
2025-08-24,BLK-CN-888,Concrete Block 8x8x16,Concrete,3,0
2025-08-25,BLK-CN-888,Concrete Block 8x8x16,Concrete,1,0
2025-08-26,BLK-CN-888,Concrete Block 8x8x16,Concrete,6,0
2025-08-27,BLK-CN-888,Concrete Block 8x8x16,Concrete,0,0
2025-08-28,BLK-CN-888,Concrete Block 8x8x16,Concrete,2,0
2025-08-29,BLK-CN-888,Concrete Block 8x8x16,Concrete,1,0
2025-08-30,BLK-CN-888,Concrete Block 8x8x16,Concrete,0,0
2025-08-31,BLK-CN-888,Concrete Block 8x8x16,Concrete,3,0
2025-09-01,BLK-CN-888,Concrete Block 8x8x16,Concrete,8,0
2025-09-02,BLK-CN-888,Concrete Block 8x8x16,Concrete,0,0
2025-09-03,BLK-CN-888,Concrete Block 8x8x16,Concrete,3,0
2025-09-04,BLK-CN-888,Concrete Block 8x8x16,Concrete,1,0
2025-09-05,BLK-CN-888,Concrete Block 8x8x16,Concrete,8,0
2025-09-06,BLK-CN-888,Concrete Block 8x8x16,Concrete,3,0
2025-09-07,BLK-CN-888,Concrete Block 8x8x16,Concrete,4,0
2025-09-08,BLK-CN-888,Concrete Block 8x8x16,Concrete,0,0
2025-09-09,BLK-CN-888,Concrete Block 8x8x16,Concrete,3,0
2025-09-10,BLK-CN-888,Concrete Block 8x8x16,Concrete,4,0
2025-09-11,BLK-CN-888,Concrete Block 8x8x16,Concrete,0,0
2025-09-12,BLK-CN-888,Concrete Block 8x8x16,Concrete,4,0
2025-09-13,BLK-CN-888,Concrete Block 8x8x16,Concrete,3,0
2025-09-14,BLK-CN-888,Concrete Block 8x8x16,Concrete,3,0
2025-09-15,BLK-CN-888,Concrete Block 8x8x16,Concrete,2,0
2025-09-16,BLK-CN-888,Concrete Block 8x8x16,Concrete,3,0
2025-09-17,BLK-CN-888,Concrete Block 8x8x16,Concrete,6,0
2025-09-18,BLK-CN-888,Concrete Block 8x8x16,Concrete,1,0
2025-09-19,BLK-CN-888,Concrete Block 8x8x16,Concrete,2,0
2025-09-20,BLK-CN-888,Concrete Block 8x8x16,Concrete,4,0
2025-09-21,BLK-CN-888,Concrete Block 8x8x16,Concrete,1,0
2025-09-22,BLK-CN-888,Concrete Block 8x8x16,Concrete,0,0
2025-09-23,BLK-CN-888,Concrete Block 8x8x16,Concrete,1,0
2025-09-24,BLK-CN-888,Concrete Block 8x8x16,Concrete,0,0
2025-09-25,BLK-CN-888,Concrete Block 8x8x16,Concrete,3,0
2025-09-26,BLK-CN-888,Concrete Block 8x8x16,Concrete,0,0
2025-09-27,BLK-CN-888,Concrete Block 8x8x16,Concrete,2,0
2025-09-28,BLK-CN-888,Concrete Block 8x8x16,Concrete,2,0
2025-09-29,BLK-CN-888,Concrete Block 8x8x16,Concrete,1,0
2025-09-30,BLK-CN-888,Concrete Block 8x8x16,Concrete,4,1
2025-10-01,BLK-CN-888,Concrete Block 8x8x16,Concrete,0,0
2025-10-02,BLK-CN-888,Concrete Block 8x8x16,Concrete,2,0
2025-10-03,BLK-CN-888,Concrete Block 8x8x16,Concrete,4,0
2025-10-04,BLK-CN-888,Concrete Block 8x8x16,Concrete,2,0
2025-10-05,BLK-CN-888,Concrete Block 8x8x16,Concrete,4,0
2025-10-06,BLK-CN-888,Concrete Block 8x8x16,Concrete,5,0
2025-10-07,BLK-CN-888,Concrete Block 8x8x16,Concrete,1,0
2025-10-08,BLK-CN-888,Concrete Block 8x8x16,Concrete,3,0
2025-10-09,BLK-CN-888,Concrete Block 8x8x16,Concrete,1,0
2025-10-10,BLK-CN-888,Concrete Block 8x8x16,Concrete,1,0
2025-10-11,BLK-CN-888,Concrete Block 8x8x16,Concrete,5,0
2025-10-12,BLK-CN-888,Concrete Block 8x8x16,Concrete,3,0
2025-10-13,BLK-CN-888,Concrete Block 8x8x16,Concrete,1,0
2025-10-14,BLK-CN-888,Concrete Block 8x8x16,Concrete,4,0
2025-10-15,BLK-CN-888,Concrete Block 8x8x16,Concrete,5,1
2025-10-16,BLK-CN-888,Concrete Block 8x8x16,Concrete,3,0
2025-10-17,BLK-CN-888,Concrete Block 8x8x16,Concrete,1,0
2025-10-18,BLK-CN-888,Concrete Block 8x8x16,Concrete,5,0
2025-10-19,BLK-CN-888,Concrete Block 8x8x16,Concrete,2,0
2025-10-20,BLK-CN-888,Concrete Block 8x8x16,Concrete,1,0
2025-10-21,BLK-CN-888,Concrete Block 8x8x16,Concrete,0,0
2025-10-22,BLK-CN-888,Concrete Block 8x8x16,Concrete,1,0
2025-10-23,BLK-CN-888,Concrete Block 8x8x16,Concrete,1,0
2025-10-24,BLK-CN-888,Concrete Block 8x8x16,Concrete,1,0
2025-10-25,BLK-CN-888,Concrete Block 8x8x16,Concrete,0,0
2025-10-26,BLK-CN-888,Concrete Block 8x8x16,Concrete,2,0
2025-10-27,BLK-CN-888,Concrete Block 8x8x16,Concrete,1,0
2025-10-28,BLK-CN-888,Concrete Block 8x8x16,Concrete,1,0
2025-10-29,BLK-CN-888,Concrete Block 8x8x16,Concrete,1,0
2025-10-30,BLK-CN-888,Concrete Block 8x8x16,Concrete,0,0
2025-10-31,BLK-CN-888,Concrete Block 8x8x16,Concrete,0,0
2025-11-01,BLK-CN-888,Concrete Block 8x8x16,Concrete,7,0
2025-11-02,BLK-CN-888,Concrete Block 8x8x16,Concrete,9,0
2025-11-03,BLK-CN-888,Concrete Block 8x8x16,Concrete,2,0
2025-11-04,BLK-CN-888,Concrete Block 8x8x16,Concrete,1,0
2025-11-05,BLK-CN-888,Concrete Block 8x8x16,Concrete,6,0
2025-11-06,BLK-CN-888,Concrete Block 8x8x16,Concrete,2,0
2025-11-07,BLK-CN-888,Concrete Block 8x8x16,Concrete,0,0
2025-11-08,BLK-CN-888,Concrete Block 8x8x16,Concrete,3,0
2025-11-09,BLK-CN-888,Concrete Block 8x8x16,Concrete,5,0
2025-11-10,BLK-CN-888,Concrete Block 8x8x16,Concrete,4,0
2025-11-11,BLK-CN-888,Concrete Block 8x8x16,Concrete,2,0
2025-11-12,BLK-CN-888,Concrete Block 8x8x16,Concrete,2,0
2025-11-13,BLK-CN-888,Concrete Block 8x8x16,Concrete,1,0
2025-11-14,BLK-CN-888,Concrete Block 8x8x16,Concrete,1,0
2025-11-15,BLK-CN-888,Concrete Block 8x8x16,Concrete,3,0
2025-11-16,BLK-CN-888,Concrete Block 8x8x16,Concrete,2,0
2025-11-17,BLK-CN-888,Concrete Block 8x8x16,Concrete,1,0
2025-11-18,BLK-CN-888,Concrete Block 8x8x16,Concrete,2,0
2025-11-19,BLK-CN-888,Concrete Block 8x8x16,Concrete,2,0
2025-11-20,BLK-CN-888,Concrete Block 8x8x16,Concrete,1,0
2025-11-21,BLK-CN-888,Concrete Block 8x8x16,Concrete,2,0
2025-11-22,BLK-CN-888,Concrete Block 8x8x16,Concrete,4,0
2025-11-23,BLK-CN-888,Concrete Block 8x8x16,Concrete,0,0
2025-11-24,BLK-CN-888,Concrete Block 8x8x16,Concrete,1,0
2025-11-25,BLK-CN-888,Concrete Block 8x8x16,Concrete,1,0
2025-11-26,BLK-CN-888,Concrete Block 8x8x16,Concrete,3,0
2025-11-27,BLK-CN-888,Concrete Block 8x8x16,Concrete,2,0
2025-11-28,BLK-CN-888,Concrete Block 8x8x16,Concrete,4,0
2025-11-29,BLK-CN-888,Concrete Block 8x8x16,Concrete,3,0
2025-11-30,BLK-CN-888,Concrete Block 8x8x16,Concrete,2,0
2025-12-01,BLK-CN-888,Concrete Block 8x8x16,Concrete,0,0
2025-12-02,BLK-CN-888,Concrete Block 8x8x16,Concrete,1,0
2025-12-03,BLK-CN-888,Concrete Block 8x8x16,Concrete,2,0
2025-12-04,BLK-CN-888,Concrete Block 8x8x16,Concrete,5,0
2025-12-05,BLK-CN-888,Concrete Block 8x8x16,Concrete,4,0
2025-12-06,BLK-CN-888,Concrete Block 8x8x16,Concrete,2,0
2025-12-07,BLK-CN-888,Concrete Block 8x8x16,Concrete,3,0
2025-12-08,BLK-CN-888,Concrete Block 8x8x16,Concrete,1,0
2025-12-09,BLK-CN-888,Concrete Block 8x8x16,Concrete,0,0
2025-12-10,BLK-CN-888,Concrete Block 8x8x16,Concrete,3,0
2025-12-11,BLK-CN-888,Concrete Block 8x8x16,Concrete,1,0
2025-12-12,BLK-CN-888,Concrete Block 8x8x16,Concrete,3,0
2025-12-13,BLK-CN-888,Concrete Block 8x8x16,Concrete,3,0
2025-12-14,BLK-CN-888,Concrete Block 8x8x16,Concrete,4,0
2025-12-15,BLK-CN-888,Concrete Block 8x8x16,Concrete,0,0
2025-12-16,BLK-CN-888,Concrete Block 8x8x16,Concrete,4,0
2025-12-17,BLK-CN-888,Concrete Block 8x8x16,Concrete,6,0
2025-12-18,BLK-CN-888,Concrete Block 8x8x16,Concrete,3,0
2025-12-19,BLK-CN-888,Concrete Block 8x8x16,Concrete,0,0
2025-12-20,BLK-CN-888,Concrete Block 8x8x16,Concrete,2,0
2025-12-21,BLK-CN-888,Concrete Block 8x8x16,Concrete,5,0
2025-12-22,BLK-CN-888,Concrete Block 8x8x16,Concrete,1,0
2025-12-23,BLK-CN-888,Concrete Block 8x8x16,Concrete,2,0
2025-12-24,BLK-CN-888,Concrete Block 8x8x16,Concrete,0,0
2025-12-25,BLK-CN-888,Concrete Block 8x8x16,Concrete,1,0
2025-12-26,BLK-CN-888,Concrete Block 8x8x16,Concrete,1,0
2025-12-27,BLK-CN-888,Concrete Block 8x8x16,Concrete,5,0
2025-12-28,BLK-CN-888,Concrete Block 8x8x16,Concrete,2,0
2025-12-29,BLK-CN-888,Concrete Block 8x8x16,Concrete,1,0
2025-12-30,BLK-CN-888,Concrete Block 8x8x16,Concrete,1,0
2025-12-31,BLK-CN-888,Concrete Block 8x8x16,Concrete,1,0
2026-01-01,BLK-CN-888,Concrete Block 8x8x16,Concrete,2,0
2026-01-02,BLK-CN-888,Concrete Block 8x8x16,Concrete,3,0
2026-01-03,BLK-CN-888,Concrete Block 8x8x16,Concrete,5,0
2026-01-04,BLK-CN-888,Concrete Block 8x8x16,Concrete,2,0
2026-01-05,BLK-CN-888,Concrete Block 8x8x16,Concrete,3,0
2026-01-06,BLK-CN-888,Concrete Block 8x8x16,Concrete,2,0
2026-01-07,BLK-CN-888,Concrete Block 8x8x16,Concrete,2,0
2026-01-08,BLK-CN-888,Concrete Block 8x8x16,Concrete,3,0
2026-01-09,BLK-CN-888,Concrete Block 8x8x16,Concrete,0,0
2026-01-10,BLK-CN-888,Concrete Block 8x8x16,Concrete,5,0
2026-01-11,BLK-CN-888,Concrete Block 8x8x16,Concrete,3,0
2026-01-12,BLK-CN-888,Concrete Block 8x8x16,Concrete,2,0
2026-01-13,BLK-CN-888,Concrete Block 8x8x16,Concrete,2,0
2026-01-14,BLK-CN-888,Concrete Block 8x8x16,Concrete,3,0
2026-01-15,BLK-CN-888,Concrete Block 8x8x16,Concrete,0,0
2026-01-16,BLK-CN-888,Concrete Block 8x8x16,Concrete,0,0
2026-01-17,BLK-CN-888,Concrete Block 8x8x16,Concrete,1,0
2026-01-18,BLK-CN-888,Concrete Block 8x8x16,Concrete,3,0
2026-01-19,BLK-CN-888,Concrete Block 8x8x16,Concrete,1,0
2026-01-20,BLK-CN-888,Concrete Block 8x8x16,Concrete,2,0
2026-01-21,BLK-CN-888,Concrete Block 8x8x16,Concrete,3,0
2026-01-22,BLK-CN-888,Concrete Block 8x8x16,Concrete,1,0
2026-01-23,BLK-CN-888,Concrete Block 8x8x16,Concrete,1,0
2026-01-24,BLK-CN-888,Concrete Block 8x8x16,Concrete,1,0
2026-01-25,BLK-CN-888,Concrete Block 8x8x16,Concrete,2,0
2026-01-26,BLK-CN-888,Concrete Block 8x8x16,Concrete,2,0
2026-01-27,BLK-CN-888,Concrete Block 8x8x16,Concrete,7,0
2026-01-28,BLK-CN-888,Concrete Block 8x8x16,Concrete,1,0
2026-01-29,BLK-CN-888,Concrete Block 8x8x16,Concrete,2,0
2026-01-30,BLK-CN-888,Concrete Block 8x8x16,Concrete,2,0
2026-01-31,BLK-CN-888,Concrete Block 8x8x16,Concrete,2,0
2026-02-01,BLK-CN-888,Concrete Block 8x8x16,Concrete,4,0
2026-02-02,BLK-CN-888,Concrete Block 8x8x16,Concrete,3,0
2026-02-03,BLK-CN-888,Concrete Block 8x8x16,Concrete,4,0
2026-02-04,BLK-CN-888,Concrete Block 8x8x16,Concrete,7,0
2026-02-05,BLK-CN-888,Concrete Block 8x8x16,Concrete,3,0
2026-02-06,BLK-CN-888,Concrete Block 8x8x16,Concrete,1,0
2026-02-07,BLK-CN-888,Concrete Block 8x8x16,Concrete,1,0
2026-02-08,BLK-CN-888,Concrete Block 8x8x16,Concrete,1,0
2026-02-09,BLK-CN-888,Concrete Block 8x8x16,Concrete,4,0
2026-02-10,BLK-CN-888,Concrete Block 8x8x16,Concrete,1,0
2026-02-11,BLK-CN-888,Concrete Block 8x8x16,Concrete,1,0
2026-02-12,BLK-CN-888,Concrete Block 8x8x16,Concrete,1,0
2026-02-13,BLK-CN-888,Concrete Block 8x8x16,Concrete,1,0
2026-02-14,BLK-CN-888,Concrete Block 8x8x16,Concrete,4,0
2026-02-15,BLK-CN-888,Concrete Block 8x8x16,Concrete,2,0
2026-02-16,BLK-CN-888,Concrete Block 8x8x16,Concrete,3,0
2026-02-17,BLK-CN-888,Concrete Block 8x8x16,Concrete,2,0
2026-02-18,BLK-CN-888,Concrete Block 8x8x16,Concrete,5,1
2026-02-19,BLK-CN-888,Concrete Block 8x8x16,Concrete,2,0
2026-02-20,BLK-CN-888,Concrete Block 8x8x16,Concrete,1,0
2026-02-21,BLK-CN-888,Concrete Block 8x8x16,Concrete,1,0
2026-02-22,BLK-CN-888,Concrete Block 8x8x16,Concrete,3,0
2026-02-23,BLK-CN-888,Concrete Block 8x8x16,Concrete,1,0
2026-02-24,BLK-CN-888,Concrete Block 8x8x16,Concrete,3,0
2026-02-25,BLK-CN-888,Concrete Block 8x8x16,Concrete,0,0
2026-02-26,BLK-CN-888,Concrete Block 8x8x16,Concrete,3,0
2026-02-27,BLK-CN-888,Concrete Block 8x8x16,Concrete,0,0
2026-02-28,BLK-CN-888,Concrete Block 8x8x16,Concrete,1,0
2026-03-01,BLK-CN-888,Concrete Block 8x8x16,Concrete,0,0
2026-03-02,BLK-CN-888,Concrete Block 8x8x16,Concrete,4,0
2026-03-03,BLK-CN-888,Concrete Block 8x8x16,Concrete,2,0
2026-03-04,BLK-CN-888,Concrete Block 8x8x16,Concrete,2,0
2026-03-05,BLK-CN-888,Concrete Block 8x8x16,Concrete,3,0
2026-03-06,BLK-CN-888,Concrete Block 8x8x16,Concrete,3,0
2026-03-07,BLK-CN-888,Concrete Block 8x8x16,Concrete,3,0
2026-03-08,BLK-CN-888,Concrete Block 8x8x16,Concrete,2,0
2026-03-09,BLK-CN-888,Concrete Block 8x8x16,Concrete,2,0
2026-03-10,BLK-CN-888,Concrete Block 8x8x16,Concrete,2,0
2026-03-11,BLK-CN-888,Concrete Block 8x8x16,Concrete,1,0
2026-03-12,BLK-CN-888,Concrete Block 8x8x16,Concrete,0,0
2026-03-13,BLK-CN-888,Concrete Block 8x8x16,Concrete,0,0
2026-03-14,BLK-CN-888,Concrete Block 8x8x16,Concrete,4,0
2026-03-15,BLK-CN-888,Concrete Block 8x8x16,Concrete,3,0
2026-03-16,BLK-CN-888,Concrete Block 8x8x16,Concrete,6,0
2026-03-17,BLK-CN-888,Concrete Block 8x8x16,Concrete,4,0
2026-03-18,BLK-CN-888,Concrete Block 8x8x16,Concrete,3,0
2026-03-19,BLK-CN-888,Concrete Block 8x8x16,Concrete,1,0
2026-03-20,BLK-CN-888,Concrete Block 8x8x16,Concrete,0,0
2026-03-21,BLK-CN-888,Concrete Block 8x8x16,Concrete,5,0
2026-03-22,BLK-CN-888,Concrete Block 8x8x16,Concrete,4,0
2026-03-23,BLK-CN-888,Concrete Block 8x8x16,Concrete,1,0
2026-03-24,BLK-CN-888,Concrete Block 8x8x16,Concrete,1,0
2026-03-25,BLK-CN-888,Concrete Block 8x8x16,Concrete,0,0
2026-03-26,BLK-CN-888,Concrete Block 8x8x16,Concrete,3,0
2026-03-27,BLK-CN-888,Concrete Block 8x8x16,Concrete,5,0
2026-03-28,BLK-CN-888,Concrete Block 8x8x16,Concrete,5,0
2026-03-29,BLK-CN-888,Concrete Block 8x8x16,Concrete,3,0
2026-03-30,BLK-CN-888,Concrete Block 8x8x16,Concrete,1,0
2026-03-31,BLK-CN-888,Concrete Block 8x8x16,Concrete,0,0
2026-04-01,BLK-CN-888,Concrete Block 8x8x16,Concrete,1,0
2026-04-02,BLK-CN-888,Concrete Block 8x8x16,Concrete,1,0
2026-04-03,BLK-CN-888,Concrete Block 8x8x16,Concrete,0,0
2026-04-04,BLK-CN-888,Concrete Block 8x8x16,Concrete,1,0
2026-04-05,BLK-CN-888,Concrete Block 8x8x16,Concrete,0,0
2026-04-06,BLK-CN-888,Concrete Block 8x8x16,Concrete,4,0
2026-04-07,BLK-CN-888,Concrete Block 8x8x16,Concrete,2,0
2026-04-08,BLK-CN-888,Concrete Block 8x8x16,Concrete,3,0
2026-04-09,BLK-CN-888,Concrete Block 8x8x16,Concrete,0,0
2026-04-10,BLK-CN-888,Concrete Block 8x8x16,Concrete,0,0
2026-04-11,BLK-CN-888,Concrete Block 8x8x16,Concrete,1,0
2026-04-12,BLK-CN-888,Concrete Block 8x8x16,Concrete,3,0
2026-04-13,BLK-CN-888,Concrete Block 8x8x16,Concrete,0,0
2026-04-14,BLK-CN-888,Concrete Block 8x8x16,Concrete,0,0
2026-04-15,BLK-CN-888,Concrete Block 8x8x16,Concrete,3,0
2026-04-16,BLK-CN-888,Concrete Block 8x8x16,Concrete,3,0
2026-04-17,BLK-CN-888,Concrete Block 8x8x16,Concrete,1,0
2026-04-18,BLK-CN-888,Concrete Block 8x8x16,Concrete,4,0
2026-04-19,BLK-CN-888,Concrete Block 8x8x16,Concrete,6,0
2026-04-20,BLK-CN-888,Concrete Block 8x8x16,Concrete,4,0
2026-04-21,BLK-CN-888,Concrete Block 8x8x16,Concrete,3,0
2026-04-22,BLK-CN-888,Concrete Block 8x8x16,Concrete,2,0
2026-04-23,BLK-CN-888,Concrete Block 8x8x16,Concrete,3,0
2026-04-24,BLK-CN-888,Concrete Block 8x8x16,Concrete,0,0
2026-04-25,BLK-CN-888,Concrete Block 8x8x16,Concrete,2,0
2026-04-26,BLK-CN-888,Concrete Block 8x8x16,Concrete,2,0
2026-04-27,BLK-CN-888,Concrete Block 8x8x16,Concrete,2,0
2026-04-28,BLK-CN-888,Concrete Block 8x8x16,Concrete,7,0
2026-04-29,BLK-CN-888,Concrete Block 8x8x16,Concrete,0,0
2026-04-30,BLK-CN-888,Concrete Block 8x8x16,Concrete,3,0
2026-05-01,BLK-CN-888,Concrete Block 8x8x16,Concrete,6,0
2026-05-02,BLK-CN-888,Concrete Block 8x8x16,Concrete,1,0
2026-05-03,BLK-CN-888,Concrete Block 8x8x16,Concrete,0,0
2026-05-04,BLK-CN-888,Concrete Block 8x8x16,Concrete,2,0
2026-05-05,BLK-CN-888,Concrete Block 8x8x16,Concrete,1,0
2026-05-06,BLK-CN-888,Concrete Block 8x8x16,Concrete,2,0
2026-05-07,BLK-CN-888,Concrete Block 8x8x16,Concrete,6,0
2026-05-08,BLK-CN-888,Concrete Block 8x8x16,Concrete,2,0
2026-05-09,BLK-CN-888,Concrete Block 8x8x16,Concrete,3,0
2026-05-10,BLK-CN-888,Concrete Block 8x8x16,Concrete,1,0
2026-05-11,BLK-CN-888,Concrete Block 8x8x16,Concrete,1,0
2026-05-12,BLK-CN-888,Concrete Block 8x8x16,Concrete,5,0
2026-05-13,BLK-CN-888,Concrete Block 8x8x16,Concrete,1,0
2026-05-14,BLK-CN-888,Concrete Block 8x8x16,Concrete,8,1
2026-05-15,BLK-CN-888,Concrete Block 8x8x16,Concrete,1,0
2024-11-22,WIR-EL-12,Electrical Wire 12AWG 100ft,Electrical,3,0
2024-11-23,WIR-EL-12,Electrical Wire 12AWG 100ft,Electrical,2,0
2024-11-24,WIR-EL-12,Electrical Wire 12AWG 100ft,Electrical,3,0
2024-11-25,WIR-EL-12,Electrical Wire 12AWG 100ft,Electrical,1,0
2024-11-26,WIR-EL-12,Electrical Wire 12AWG 100ft,Electrical,1,0
2024-11-27,WIR-EL-12,Electrical Wire 12AWG 100ft,Electrical,2,0
2024-11-28,WIR-EL-12,Electrical Wire 12AWG 100ft,Electrical,4,0
2024-11-29,WIR-EL-12,Electrical Wire 12AWG 100ft,Electrical,1,0
2024-11-30,WIR-EL-12,Electrical Wire 12AWG 100ft,Electrical,1,0
2024-12-01,WIR-EL-12,Electrical Wire 12AWG 100ft,Electrical,1,0
2024-12-02,WIR-EL-12,Electrical Wire 12AWG 100ft,Electrical,2,0
2024-12-03,WIR-EL-12,Electrical Wire 12AWG 100ft,Electrical,0,0
2024-12-04,WIR-EL-12,Electrical Wire 12AWG 100ft,Electrical,0,0
2024-12-05,WIR-EL-12,Electrical Wire 12AWG 100ft,Electrical,2,0
2024-12-06,WIR-EL-12,Electrical Wire 12AWG 100ft,Electrical,3,1
2024-12-07,WIR-EL-12,Electrical Wire 12AWG 100ft,Electrical,0,0
2024-12-08,WIR-EL-12,Electrical Wire 12AWG 100ft,Electrical,0,0
2024-12-09,WIR-EL-12,Electrical Wire 12AWG 100ft,Electrical,1,0
2024-12-10,WIR-EL-12,Electrical Wire 12AWG 100ft,Electrical,0,0
2024-12-11,WIR-EL-12,Electrical Wire 12AWG 100ft,Electrical,1,0
2024-12-12,WIR-EL-12,Electrical Wire 12AWG 100ft,Electrical,2,0
2024-12-13,WIR-EL-12,Electrical Wire 12AWG 100ft,Electrical,4,0
2024-12-14,WIR-EL-12,Electrical Wire 12AWG 100ft,Electrical,2,0
2024-12-15,WIR-EL-12,Electrical Wire 12AWG 100ft,Electrical,2,0
2024-12-16,WIR-EL-12,Electrical Wire 12AWG 100ft,Electrical,2,0
2024-12-17,WIR-EL-12,Electrical Wire 12AWG 100ft,Electrical,2,0
2024-12-18,WIR-EL-12,Electrical Wire 12AWG 100ft,Electrical,1,0
2024-12-19,WIR-EL-12,Electrical Wire 12AWG 100ft,Electrical,3,0
2024-12-20,WIR-EL-12,Electrical Wire 12AWG 100ft,Electrical,0,0
2024-12-21,WIR-EL-12,Electrical Wire 12AWG 100ft,Electrical,2,0
2024-12-22,WIR-EL-12,Electrical Wire 12AWG 100ft,Electrical,5,1
2024-12-23,WIR-EL-12,Electrical Wire 12AWG 100ft,Electrical,1,0
2024-12-24,WIR-EL-12,Electrical Wire 12AWG 100ft,Electrical,2,0
2024-12-25,WIR-EL-12,Electrical Wire 12AWG 100ft,Electrical,0,0
2024-12-26,WIR-EL-12,Electrical Wire 12AWG 100ft,Electrical,1,0
2024-12-27,WIR-EL-12,Electrical Wire 12AWG 100ft,Electrical,0,0
2024-12-28,WIR-EL-12,Electrical Wire 12AWG 100ft,Electrical,2,0
2024-12-29,WIR-EL-12,Electrical Wire 12AWG 100ft,Electrical,3,0
2024-12-30,WIR-EL-12,Electrical Wire 12AWG 100ft,Electrical,2,0
2024-12-31,WIR-EL-12,Electrical Wire 12AWG 100ft,Electrical,2,0
2025-01-01,WIR-EL-12,Electrical Wire 12AWG 100ft,Electrical,2,0
2025-01-02,WIR-EL-12,Electrical Wire 12AWG 100ft,Electrical,0,0
2025-01-03,WIR-EL-12,Electrical Wire 12AWG 100ft,Electrical,1,0
2025-01-04,WIR-EL-12,Electrical Wire 12AWG 100ft,Electrical,1,0
2025-01-05,WIR-EL-12,Electrical Wire 12AWG 100ft,Electrical,2,0
2025-01-06,WIR-EL-12,Electrical Wire 12AWG 100ft,Electrical,1,0
2025-01-07,WIR-EL-12,Electrical Wire 12AWG 100ft,Electrical,0,0
2025-01-08,WIR-EL-12,Electrical Wire 12AWG 100ft,Electrical,0,0
2025-01-09,WIR-EL-12,Electrical Wire 12AWG 100ft,Electrical,0,0
2025-01-10,WIR-EL-12,Electrical Wire 12AWG 100ft,Electrical,0,0
2025-01-11,WIR-EL-12,Electrical Wire 12AWG 100ft,Electrical,3,0
2025-01-12,WIR-EL-12,Electrical Wire 12AWG 100ft,Electrical,3,0
2025-01-13,WIR-EL-12,Electrical Wire 12AWG 100ft,Electrical,0,0
2025-01-14,WIR-EL-12,Electrical Wire 12AWG 100ft,Electrical,0,0
2025-01-15,WIR-EL-12,Electrical Wire 12AWG 100ft,Electrical,0,0
2025-01-16,WIR-EL-12,Electrical Wire 12AWG 100ft,Electrical,2,0
2025-01-17,WIR-EL-12,Electrical Wire 12AWG 100ft,Electrical,2,0
2025-01-18,WIR-EL-12,Electrical Wire 12AWG 100ft,Electrical,1,0
2025-01-19,WIR-EL-12,Electrical Wire 12AWG 100ft,Electrical,1,0
2025-01-20,WIR-EL-12,Electrical Wire 12AWG 100ft,Electrical,2,0
2025-01-21,WIR-EL-12,Electrical Wire 12AWG 100ft,Electrical,0,0
2025-01-22,WIR-EL-12,Electrical Wire 12AWG 100ft,Electrical,4,0
2025-01-23,WIR-EL-12,Electrical Wire 12AWG 100ft,Electrical,2,0
2025-01-24,WIR-EL-12,Electrical Wire 12AWG 100ft,Electrical,2,0
2025-01-25,WIR-EL-12,Electrical Wire 12AWG 100ft,Electrical,4,0
2025-01-26,WIR-EL-12,Electrical Wire 12AWG 100ft,Electrical,1,0
2025-01-27,WIR-EL-12,Electrical Wire 12AWG 100ft,Electrical,1,0
2025-01-28,WIR-EL-12,Electrical Wire 12AWG 100ft,Electrical,3,0
2025-01-29,WIR-EL-12,Electrical Wire 12AWG 100ft,Electrical,3,0
2025-01-30,WIR-EL-12,Electrical Wire 12AWG 100ft,Electrical,2,1
2025-01-31,WIR-EL-12,Electrical Wire 12AWG 100ft,Electrical,1,0
2025-02-01,WIR-EL-12,Electrical Wire 12AWG 100ft,Electrical,1,0
2025-02-02,WIR-EL-12,Electrical Wire 12AWG 100ft,Electrical,4,0
2025-02-03,WIR-EL-12,Electrical Wire 12AWG 100ft,Electrical,2,0
2025-02-04,WIR-EL-12,Electrical Wire 12AWG 100ft,Electrical,1,0
2025-02-05,WIR-EL-12,Electrical Wire 12AWG 100ft,Electrical,2,0
2025-02-06,WIR-EL-12,Electrical Wire 12AWG 100ft,Electrical,3,0
2025-02-07,WIR-EL-12,Electrical Wire 12AWG 100ft,Electrical,3,0
2025-02-08,WIR-EL-12,Electrical Wire 12AWG 100ft,Electrical,3,0
2025-02-09,WIR-EL-12,Electrical Wire 12AWG 100ft,Electrical,0,0
2025-02-10,WIR-EL-12,Electrical Wire 12AWG 100ft,Electrical,2,0
2025-02-11,WIR-EL-12,Electrical Wire 12AWG 100ft,Electrical,2,1
2025-02-12,WIR-EL-12,Electrical Wire 12AWG 100ft,Electrical,1,0
2025-02-13,WIR-EL-12,Electrical Wire 12AWG 100ft,Electrical,1,0
2025-02-14,WIR-EL-12,Electrical Wire 12AWG 100ft,Electrical,1,0
2025-02-15,WIR-EL-12,Electrical Wire 12AWG 100ft,Electrical,1,0
2025-02-16,WIR-EL-12,Electrical Wire 12AWG 100ft,Electrical,0,0
2025-02-17,WIR-EL-12,Electrical Wire 12AWG 100ft,Electrical,0,0
2025-02-18,WIR-EL-12,Electrical Wire 12AWG 100ft,Electrical,2,0
2025-02-19,WIR-EL-12,Electrical Wire 12AWG 100ft,Electrical,2,0
2025-02-20,WIR-EL-12,Electrical Wire 12AWG 100ft,Electrical,1,0
2025-02-21,WIR-EL-12,Electrical Wire 12AWG 100ft,Electrical,3,0
2025-02-22,WIR-EL-12,Electrical Wire 12AWG 100ft,Electrical,5,0
2025-02-23,WIR-EL-12,Electrical Wire 12AWG 100ft,Electrical,6,0
2025-02-24,WIR-EL-12,Electrical Wire 12AWG 100ft,Electrical,2,0
2025-02-25,WIR-EL-12,Electrical Wire 12AWG 100ft,Electrical,1,0
2025-02-26,WIR-EL-12,Electrical Wire 12AWG 100ft,Electrical,3,0
2025-02-27,WIR-EL-12,Electrical Wire 12AWG 100ft,Electrical,2,0
2025-02-28,WIR-EL-12,Electrical Wire 12AWG 100ft,Electrical,1,0
2025-03-01,WIR-EL-12,Electrical Wire 12AWG 100ft,Electrical,1,0
2025-03-02,WIR-EL-12,Electrical Wire 12AWG 100ft,Electrical,3,0
2025-03-03,WIR-EL-12,Electrical Wire 12AWG 100ft,Electrical,1,0
2025-03-04,WIR-EL-12,Electrical Wire 12AWG 100ft,Electrical,1,0
2025-03-05,WIR-EL-12,Electrical Wire 12AWG 100ft,Electrical,0,0
2025-03-06,WIR-EL-12,Electrical Wire 12AWG 100ft,Electrical,1,0
2025-03-07,WIR-EL-12,Electrical Wire 12AWG 100ft,Electrical,0,0
2025-03-08,WIR-EL-12,Electrical Wire 12AWG 100ft,Electrical,4,0
2025-03-09,WIR-EL-12,Electrical Wire 12AWG 100ft,Electrical,2,0
2025-03-10,WIR-EL-12,Electrical Wire 12AWG 100ft,Electrical,4,0
2025-03-11,WIR-EL-12,Electrical Wire 12AWG 100ft,Electrical,2,0
2025-03-12,WIR-EL-12,Electrical Wire 12AWG 100ft,Electrical,1,0
2025-03-13,WIR-EL-12,Electrical Wire 12AWG 100ft,Electrical,1,0
2025-03-14,WIR-EL-12,Electrical Wire 12AWG 100ft,Electrical,1,0
2025-03-15,WIR-EL-12,Electrical Wire 12AWG 100ft,Electrical,6,0
2025-03-16,WIR-EL-12,Electrical Wire 12AWG 100ft,Electrical,1,0
2025-03-17,WIR-EL-12,Electrical Wire 12AWG 100ft,Electrical,3,0
2025-03-18,WIR-EL-12,Electrical Wire 12AWG 100ft,Electrical,1,0
2025-03-19,WIR-EL-12,Electrical Wire 12AWG 100ft,Electrical,0,0
2025-03-20,WIR-EL-12,Electrical Wire 12AWG 100ft,Electrical,0,0
2025-03-21,WIR-EL-12,Electrical Wire 12AWG 100ft,Electrical,2,0
2025-03-22,WIR-EL-12,Electrical Wire 12AWG 100ft,Electrical,2,0
2025-03-23,WIR-EL-12,Electrical Wire 12AWG 100ft,Electrical,0,0
2025-03-24,WIR-EL-12,Electrical Wire 12AWG 100ft,Electrical,2,0
2025-03-25,WIR-EL-12,Electrical Wire 12AWG 100ft,Electrical,0,0
2025-03-26,WIR-EL-12,Electrical Wire 12AWG 100ft,Electrical,0,0
2025-03-27,WIR-EL-12,Electrical Wire 12AWG 100ft,Electrical,0,0
2025-03-28,WIR-EL-12,Electrical Wire 12AWG 100ft,Electrical,3,0
2025-03-29,WIR-EL-12,Electrical Wire 12AWG 100ft,Electrical,3,0
2025-03-30,WIR-EL-12,Electrical Wire 12AWG 100ft,Electrical,3,0
2025-03-31,WIR-EL-12,Electrical Wire 12AWG 100ft,Electrical,2,0
2025-04-01,WIR-EL-12,Electrical Wire 12AWG 100ft,Electrical,0,0
2025-04-02,WIR-EL-12,Electrical Wire 12AWG 100ft,Electrical,5,0
2025-04-03,WIR-EL-12,Electrical Wire 12AWG 100ft,Electrical,2,0
2025-04-04,WIR-EL-12,Electrical Wire 12AWG 100ft,Electrical,1,0
2025-04-05,WIR-EL-12,Electrical Wire 12AWG 100ft,Electrical,1,0
2025-04-06,WIR-EL-12,Electrical Wire 12AWG 100ft,Electrical,2,0
2025-04-07,WIR-EL-12,Electrical Wire 12AWG 100ft,Electrical,4,0
2025-04-08,WIR-EL-12,Electrical Wire 12AWG 100ft,Electrical,1,0
2025-04-09,WIR-EL-12,Electrical Wire 12AWG 100ft,Electrical,0,0
2025-04-10,WIR-EL-12,Electrical Wire 12AWG 100ft,Electrical,1,0
2025-04-11,WIR-EL-12,Electrical Wire 12AWG 100ft,Electrical,2,0
2025-04-12,WIR-EL-12,Electrical Wire 12AWG 100ft,Electrical,3,0
2025-04-13,WIR-EL-12,Electrical Wire 12AWG 100ft,Electrical,3,0
2025-04-14,WIR-EL-12,Electrical Wire 12AWG 100ft,Electrical,1,0
2025-04-15,WIR-EL-12,Electrical Wire 12AWG 100ft,Electrical,2,0
2025-04-16,WIR-EL-12,Electrical Wire 12AWG 100ft,Electrical,1,0
2025-04-17,WIR-EL-12,Electrical Wire 12AWG 100ft,Electrical,1,0
2025-04-18,WIR-EL-12,Electrical Wire 12AWG 100ft,Electrical,2,0
2025-04-19,WIR-EL-12,Electrical Wire 12AWG 100ft,Electrical,0,0
2025-04-20,WIR-EL-12,Electrical Wire 12AWG 100ft,Electrical,2,0
2025-04-21,WIR-EL-12,Electrical Wire 12AWG 100ft,Electrical,0,0
2025-04-22,WIR-EL-12,Electrical Wire 12AWG 100ft,Electrical,0,0
2025-04-23,WIR-EL-12,Electrical Wire 12AWG 100ft,Electrical,1,0
2025-04-24,WIR-EL-12,Electrical Wire 12AWG 100ft,Electrical,1,0
2025-04-25,WIR-EL-12,Electrical Wire 12AWG 100ft,Electrical,2,0
2025-04-26,WIR-EL-12,Electrical Wire 12AWG 100ft,Electrical,0,0
2025-04-27,WIR-EL-12,Electrical Wire 12AWG 100ft,Electrical,3,0
2025-04-28,WIR-EL-12,Electrical Wire 12AWG 100ft,Electrical,0,0
2025-04-29,WIR-EL-12,Electrical Wire 12AWG 100ft,Electrical,1,0
2025-04-30,WIR-EL-12,Electrical Wire 12AWG 100ft,Electrical,0,0
2025-05-01,WIR-EL-12,Electrical Wire 12AWG 100ft,Electrical,2,0
2025-05-02,WIR-EL-12,Electrical Wire 12AWG 100ft,Electrical,0,0
2025-05-03,WIR-EL-12,Electrical Wire 12AWG 100ft,Electrical,3,0
2025-05-04,WIR-EL-12,Electrical Wire 12AWG 100ft,Electrical,1,0
2025-05-05,WIR-EL-12,Electrical Wire 12AWG 100ft,Electrical,1,0
2025-05-06,WIR-EL-12,Electrical Wire 12AWG 100ft,Electrical,0,0
2025-05-07,WIR-EL-12,Electrical Wire 12AWG 100ft,Electrical,1,0
2025-05-08,WIR-EL-12,Electrical Wire 12AWG 100ft,Electrical,2,0
2025-05-09,WIR-EL-12,Electrical Wire 12AWG 100ft,Electrical,2,0
2025-05-10,WIR-EL-12,Electrical Wire 12AWG 100ft,Electrical,2,0
2025-05-11,WIR-EL-12,Electrical Wire 12AWG 100ft,Electrical,3,0
2025-05-12,WIR-EL-12,Electrical Wire 12AWG 100ft,Electrical,3,0
2025-05-13,WIR-EL-12,Electrical Wire 12AWG 100ft,Electrical,2,0
2025-05-14,WIR-EL-12,Electrical Wire 12AWG 100ft,Electrical,4,0
2025-05-15,WIR-EL-12,Electrical Wire 12AWG 100ft,Electrical,2,0
2025-05-16,WIR-EL-12,Electrical Wire 12AWG 100ft,Electrical,5,0
2025-05-17,WIR-EL-12,Electrical Wire 12AWG 100ft,Electrical,1,0
2025-05-18,WIR-EL-12,Electrical Wire 12AWG 100ft,Electrical,3,0
2025-05-19,WIR-EL-12,Electrical Wire 12AWG 100ft,Electrical,2,0
2025-05-20,WIR-EL-12,Electrical Wire 12AWG 100ft,Electrical,4,0
2025-05-21,WIR-EL-12,Electrical Wire 12AWG 100ft,Electrical,4,0
2025-05-22,WIR-EL-12,Electrical Wire 12AWG 100ft,Electrical,0,0
2025-05-23,WIR-EL-12,Electrical Wire 12AWG 100ft,Electrical,1,0
2025-05-24,WIR-EL-12,Electrical Wire 12AWG 100ft,Electrical,3,0
2025-05-25,WIR-EL-12,Electrical Wire 12AWG 100ft,Electrical,3,0
2025-05-26,WIR-EL-12,Electrical Wire 12AWG 100ft,Electrical,4,0
2025-05-27,WIR-EL-12,Electrical Wire 12AWG 100ft,Electrical,2,0
2025-05-28,WIR-EL-12,Electrical Wire 12AWG 100ft,Electrical,2,0
2025-05-29,WIR-EL-12,Electrical Wire 12AWG 100ft,Electrical,1,0
2025-05-30,WIR-EL-12,Electrical Wire 12AWG 100ft,Electrical,2,0
2025-05-31,WIR-EL-12,Electrical Wire 12AWG 100ft,Electrical,0,0
2025-06-01,WIR-EL-12,Electrical Wire 12AWG 100ft,Electrical,0,0
2025-06-02,WIR-EL-12,Electrical Wire 12AWG 100ft,Electrical,1,0
2025-06-03,WIR-EL-12,Electrical Wire 12AWG 100ft,Electrical,2,0
2025-06-04,WIR-EL-12,Electrical Wire 12AWG 100ft,Electrical,1,0
2025-06-05,WIR-EL-12,Electrical Wire 12AWG 100ft,Electrical,2,0
2025-06-06,WIR-EL-12,Electrical Wire 12AWG 100ft,Electrical,4,0
2025-06-07,WIR-EL-12,Electrical Wire 12AWG 100ft,Electrical,3,0
2025-06-08,WIR-EL-12,Electrical Wire 12AWG 100ft,Electrical,1,0
2025-06-09,WIR-EL-12,Electrical Wire 12AWG 100ft,Electrical,0,0
2025-06-10,WIR-EL-12,Electrical Wire 12AWG 100ft,Electrical,0,0
2025-06-11,WIR-EL-12,Electrical Wire 12AWG 100ft,Electrical,4,0
2025-06-12,WIR-EL-12,Electrical Wire 12AWG 100ft,Electrical,0,0
2025-06-13,WIR-EL-12,Electrical Wire 12AWG 100ft,Electrical,1,0
2025-06-14,WIR-EL-12,Electrical Wire 12AWG 100ft,Electrical,2,0
2025-06-15,WIR-EL-12,Electrical Wire 12AWG 100ft,Electrical,0,0
2025-06-16,WIR-EL-12,Electrical Wire 12AWG 100ft,Electrical,3,0
2025-06-17,WIR-EL-12,Electrical Wire 12AWG 100ft,Electrical,1,0
2025-06-18,WIR-EL-12,Electrical Wire 12AWG 100ft,Electrical,0,0
2025-06-19,WIR-EL-12,Electrical Wire 12AWG 100ft,Electrical,2,0
2025-06-20,WIR-EL-12,Electrical Wire 12AWG 100ft,Electrical,4,0
2025-06-21,WIR-EL-12,Electrical Wire 12AWG 100ft,Electrical,2,0
2025-06-22,WIR-EL-12,Electrical Wire 12AWG 100ft,Electrical,3,0
2025-06-23,WIR-EL-12,Electrical Wire 12AWG 100ft,Electrical,5,0
2025-06-24,WIR-EL-12,Electrical Wire 12AWG 100ft,Electrical,1,0
2025-06-25,WIR-EL-12,Electrical Wire 12AWG 100ft,Electrical,2,0
2025-06-26,WIR-EL-12,Electrical Wire 12AWG 100ft,Electrical,2,0
2025-06-27,WIR-EL-12,Electrical Wire 12AWG 100ft,Electrical,5,0
2025-06-28,WIR-EL-12,Electrical Wire 12AWG 100ft,Electrical,1,0
2025-06-29,WIR-EL-12,Electrical Wire 12AWG 100ft,Electrical,0,0
2025-06-30,WIR-EL-12,Electrical Wire 12AWG 100ft,Electrical,3,0
2025-07-01,WIR-EL-12,Electrical Wire 12AWG 100ft,Electrical,3,0
2025-07-02,WIR-EL-12,Electrical Wire 12AWG 100ft,Electrical,2,0
2025-07-03,WIR-EL-12,Electrical Wire 12AWG 100ft,Electrical,2,0
2025-07-04,WIR-EL-12,Electrical Wire 12AWG 100ft,Electrical,0,0
2025-07-05,WIR-EL-12,Electrical Wire 12AWG 100ft,Electrical,3,0
2025-07-06,WIR-EL-12,Electrical Wire 12AWG 100ft,Electrical,3,0
2025-07-07,WIR-EL-12,Electrical Wire 12AWG 100ft,Electrical,3,0
2025-07-08,WIR-EL-12,Electrical Wire 12AWG 100ft,Electrical,1,0
2025-07-09,WIR-EL-12,Electrical Wire 12AWG 100ft,Electrical,2,0
2025-07-10,WIR-EL-12,Electrical Wire 12AWG 100ft,Electrical,1,0
2025-07-11,WIR-EL-12,Electrical Wire 12AWG 100ft,Electrical,2,0
2025-07-12,WIR-EL-12,Electrical Wire 12AWG 100ft,Electrical,0,0
2025-07-13,WIR-EL-12,Electrical Wire 12AWG 100ft,Electrical,6,0
2025-07-14,WIR-EL-12,Electrical Wire 12AWG 100ft,Electrical,3,0
2025-07-15,WIR-EL-12,Electrical Wire 12AWG 100ft,Electrical,2,0
2025-07-16,WIR-EL-12,Electrical Wire 12AWG 100ft,Electrical,2,0
2025-07-17,WIR-EL-12,Electrical Wire 12AWG 100ft,Electrical,4,0
2025-07-18,WIR-EL-12,Electrical Wire 12AWG 100ft,Electrical,0,0
2025-07-19,WIR-EL-12,Electrical Wire 12AWG 100ft,Electrical,2,0
2025-07-20,WIR-EL-12,Electrical Wire 12AWG 100ft,Electrical,0,0
2025-07-21,WIR-EL-12,Electrical Wire 12AWG 100ft,Electrical,4,0
2025-07-22,WIR-EL-12,Electrical Wire 12AWG 100ft,Electrical,2,0
2025-07-23,WIR-EL-12,Electrical Wire 12AWG 100ft,Electrical,0,0
2025-07-24,WIR-EL-12,Electrical Wire 12AWG 100ft,Electrical,5,0
2025-07-25,WIR-EL-12,Electrical Wire 12AWG 100ft,Electrical,0,0
2025-07-26,WIR-EL-12,Electrical Wire 12AWG 100ft,Electrical,2,0
2025-07-27,WIR-EL-12,Electrical Wire 12AWG 100ft,Electrical,5,0
2025-07-28,WIR-EL-12,Electrical Wire 12AWG 100ft,Electrical,2,0
2025-07-29,WIR-EL-12,Electrical Wire 12AWG 100ft,Electrical,0,0
2025-07-30,WIR-EL-12,Electrical Wire 12AWG 100ft,Electrical,0,0
2025-07-31,WIR-EL-12,Electrical Wire 12AWG 100ft,Electrical,2,0
2025-08-01,WIR-EL-12,Electrical Wire 12AWG 100ft,Electrical,3,0
2025-08-02,WIR-EL-12,Electrical Wire 12AWG 100ft,Electrical,4,0
2025-08-03,WIR-EL-12,Electrical Wire 12AWG 100ft,Electrical,1,0
2025-08-04,WIR-EL-12,Electrical Wire 12AWG 100ft,Electrical,2,0
2025-08-05,WIR-EL-12,Electrical Wire 12AWG 100ft,Electrical,3,0
2025-08-06,WIR-EL-12,Electrical Wire 12AWG 100ft,Electrical,1,0
2025-08-07,WIR-EL-12,Electrical Wire 12AWG 100ft,Electrical,2,0
2025-08-08,WIR-EL-12,Electrical Wire 12AWG 100ft,Electrical,0,0
2025-08-09,WIR-EL-12,Electrical Wire 12AWG 100ft,Electrical,0,0
2025-08-10,WIR-EL-12,Electrical Wire 12AWG 100ft,Electrical,0,0
2025-08-11,WIR-EL-12,Electrical Wire 12AWG 100ft,Electrical,0,0
2025-08-12,WIR-EL-12,Electrical Wire 12AWG 100ft,Electrical,4,0
2025-08-13,WIR-EL-12,Electrical Wire 12AWG 100ft,Electrical,0,0
2025-08-14,WIR-EL-12,Electrical Wire 12AWG 100ft,Electrical,3,0
2025-08-15,WIR-EL-12,Electrical Wire 12AWG 100ft,Electrical,3,0
2025-08-16,WIR-EL-12,Electrical Wire 12AWG 100ft,Electrical,2,0
2025-08-17,WIR-EL-12,Electrical Wire 12AWG 100ft,Electrical,5,0
2025-08-18,WIR-EL-12,Electrical Wire 12AWG 100ft,Electrical,1,0
2025-08-19,WIR-EL-12,Electrical Wire 12AWG 100ft,Electrical,0,0
2025-08-20,WIR-EL-12,Electrical Wire 12AWG 100ft,Electrical,0,0
2025-08-21,WIR-EL-12,Electrical Wire 12AWG 100ft,Electrical,3,0
2025-08-22,WIR-EL-12,Electrical Wire 12AWG 100ft,Electrical,4,0
2025-08-23,WIR-EL-12,Electrical Wire 12AWG 100ft,Electrical,6,0
2025-08-24,WIR-EL-12,Electrical Wire 12AWG 100ft,Electrical,2,0
2025-08-25,WIR-EL-12,Electrical Wire 12AWG 100ft,Electrical,1,0
2025-08-26,WIR-EL-12,Electrical Wire 12AWG 100ft,Electrical,3,0
2025-08-27,WIR-EL-12,Electrical Wire 12AWG 100ft,Electrical,1,0
2025-08-28,WIR-EL-12,Electrical Wire 12AWG 100ft,Electrical,1,0
2025-08-29,WIR-EL-12,Electrical Wire 12AWG 100ft,Electrical,2,0
2025-08-30,WIR-EL-12,Electrical Wire 12AWG 100ft,Electrical,1,0
2025-08-31,WIR-EL-12,Electrical Wire 12AWG 100ft,Electrical,1,0
2025-09-01,WIR-EL-12,Electrical Wire 12AWG 100ft,Electrical,2,0
2025-09-02,WIR-EL-12,Electrical Wire 12AWG 100ft,Electrical,2,0
2025-09-03,WIR-EL-12,Electrical Wire 12AWG 100ft,Electrical,2,0
2025-09-04,WIR-EL-12,Electrical Wire 12AWG 100ft,Electrical,2,0
2025-09-05,WIR-EL-12,Electrical Wire 12AWG 100ft,Electrical,1,0
2025-09-06,WIR-EL-12,Electrical Wire 12AWG 100ft,Electrical,1,0
2025-09-07,WIR-EL-12,Electrical Wire 12AWG 100ft,Electrical,0,0
2025-09-08,WIR-EL-12,Electrical Wire 12AWG 100ft,Electrical,2,0
2025-09-09,WIR-EL-12,Electrical Wire 12AWG 100ft,Electrical,1,0
2025-09-10,WIR-EL-12,Electrical Wire 12AWG 100ft,Electrical,3,0
2025-09-11,WIR-EL-12,Electrical Wire 12AWG 100ft,Electrical,4,0
2025-09-12,WIR-EL-12,Electrical Wire 12AWG 100ft,Electrical,4,0
2025-09-13,WIR-EL-12,Electrical Wire 12AWG 100ft,Electrical,5,0
2025-09-14,WIR-EL-12,Electrical Wire 12AWG 100ft,Electrical,2,0
2025-09-15,WIR-EL-12,Electrical Wire 12AWG 100ft,Electrical,4,0
2025-09-16,WIR-EL-12,Electrical Wire 12AWG 100ft,Electrical,3,0
2025-09-17,WIR-EL-12,Electrical Wire 12AWG 100ft,Electrical,2,0
2025-09-18,WIR-EL-12,Electrical Wire 12AWG 100ft,Electrical,2,0
2025-09-19,WIR-EL-12,Electrical Wire 12AWG 100ft,Electrical,1,0
2025-09-20,WIR-EL-12,Electrical Wire 12AWG 100ft,Electrical,2,0
2025-09-21,WIR-EL-12,Electrical Wire 12AWG 100ft,Electrical,4,0
2025-09-22,WIR-EL-12,Electrical Wire 12AWG 100ft,Electrical,1,0
2025-09-23,WIR-EL-12,Electrical Wire 12AWG 100ft,Electrical,0,0
2025-09-24,WIR-EL-12,Electrical Wire 12AWG 100ft,Electrical,2,0
2025-09-25,WIR-EL-12,Electrical Wire 12AWG 100ft,Electrical,5,0
2025-09-26,WIR-EL-12,Electrical Wire 12AWG 100ft,Electrical,1,0
2025-09-27,WIR-EL-12,Electrical Wire 12AWG 100ft,Electrical,3,0
2025-09-28,WIR-EL-12,Electrical Wire 12AWG 100ft,Electrical,4,0
2025-09-29,WIR-EL-12,Electrical Wire 12AWG 100ft,Electrical,3,0
2025-09-30,WIR-EL-12,Electrical Wire 12AWG 100ft,Electrical,4,0
2025-10-01,WIR-EL-12,Electrical Wire 12AWG 100ft,Electrical,4,0
2025-10-02,WIR-EL-12,Electrical Wire 12AWG 100ft,Electrical,1,0
2025-10-03,WIR-EL-12,Electrical Wire 12AWG 100ft,Electrical,3,1
2025-10-04,WIR-EL-12,Electrical Wire 12AWG 100ft,Electrical,5,0
2025-10-05,WIR-EL-12,Electrical Wire 12AWG 100ft,Electrical,0,0
2025-10-06,WIR-EL-12,Electrical Wire 12AWG 100ft,Electrical,2,0
2025-10-07,WIR-EL-12,Electrical Wire 12AWG 100ft,Electrical,2,0
2025-10-08,WIR-EL-12,Electrical Wire 12AWG 100ft,Electrical,1,0
2025-10-09,WIR-EL-12,Electrical Wire 12AWG 100ft,Electrical,1,0
2025-10-10,WIR-EL-12,Electrical Wire 12AWG 100ft,Electrical,2,0
2025-10-11,WIR-EL-12,Electrical Wire 12AWG 100ft,Electrical,2,0
2025-10-12,WIR-EL-12,Electrical Wire 12AWG 100ft,Electrical,2,0
2025-10-13,WIR-EL-12,Electrical Wire 12AWG 100ft,Electrical,2,0
2025-10-14,WIR-EL-12,Electrical Wire 12AWG 100ft,Electrical,4,0
2025-10-15,WIR-EL-12,Electrical Wire 12AWG 100ft,Electrical,2,0
2025-10-16,WIR-EL-12,Electrical Wire 12AWG 100ft,Electrical,2,0
2025-10-17,WIR-EL-12,Electrical Wire 12AWG 100ft,Electrical,1,0
2025-10-18,WIR-EL-12,Electrical Wire 12AWG 100ft,Electrical,2,0
2025-10-19,WIR-EL-12,Electrical Wire 12AWG 100ft,Electrical,2,0
2025-10-20,WIR-EL-12,Electrical Wire 12AWG 100ft,Electrical,0,0
2025-10-21,WIR-EL-12,Electrical Wire 12AWG 100ft,Electrical,4,0
2025-10-22,WIR-EL-12,Electrical Wire 12AWG 100ft,Electrical,5,0
2025-10-23,WIR-EL-12,Electrical Wire 12AWG 100ft,Electrical,2,0
2025-10-24,WIR-EL-12,Electrical Wire 12AWG 100ft,Electrical,0,0
2025-10-25,WIR-EL-12,Electrical Wire 12AWG 100ft,Electrical,4,0
2025-10-26,WIR-EL-12,Electrical Wire 12AWG 100ft,Electrical,4,0
2025-10-27,WIR-EL-12,Electrical Wire 12AWG 100ft,Electrical,3,0
2025-10-28,WIR-EL-12,Electrical Wire 12AWG 100ft,Electrical,1,0
2025-10-29,WIR-EL-12,Electrical Wire 12AWG 100ft,Electrical,1,0
2025-10-30,WIR-EL-12,Electrical Wire 12AWG 100ft,Electrical,5,0
2025-10-31,WIR-EL-12,Electrical Wire 12AWG 100ft,Electrical,1,0
2025-11-01,WIR-EL-12,Electrical Wire 12AWG 100ft,Electrical,9,0
2025-11-02,WIR-EL-12,Electrical Wire 12AWG 100ft,Electrical,2,0
2025-11-03,WIR-EL-12,Electrical Wire 12AWG 100ft,Electrical,2,0
2025-11-04,WIR-EL-12,Electrical Wire 12AWG 100ft,Electrical,0,0
2025-11-05,WIR-EL-12,Electrical Wire 12AWG 100ft,Electrical,0,0
2025-11-06,WIR-EL-12,Electrical Wire 12AWG 100ft,Electrical,1,0
2025-11-07,WIR-EL-12,Electrical Wire 12AWG 100ft,Electrical,3,0
2025-11-08,WIR-EL-12,Electrical Wire 12AWG 100ft,Electrical,3,0
2025-11-09,WIR-EL-12,Electrical Wire 12AWG 100ft,Electrical,0,0
2025-11-10,WIR-EL-12,Electrical Wire 12AWG 100ft,Electrical,1,0
2025-11-11,WIR-EL-12,Electrical Wire 12AWG 100ft,Electrical,2,0
2025-11-12,WIR-EL-12,Electrical Wire 12AWG 100ft,Electrical,1,0
2025-11-13,WIR-EL-12,Electrical Wire 12AWG 100ft,Electrical,4,0
2025-11-14,WIR-EL-12,Electrical Wire 12AWG 100ft,Electrical,1,0
2025-11-15,WIR-EL-12,Electrical Wire 12AWG 100ft,Electrical,3,0
2025-11-16,WIR-EL-12,Electrical Wire 12AWG 100ft,Electrical,1,0
2025-11-17,WIR-EL-12,Electrical Wire 12AWG 100ft,Electrical,1,0
2025-11-18,WIR-EL-12,Electrical Wire 12AWG 100ft,Electrical,2,0
2025-11-19,WIR-EL-12,Electrical Wire 12AWG 100ft,Electrical,0,0
2025-11-20,WIR-EL-12,Electrical Wire 12AWG 100ft,Electrical,3,0
2025-11-21,WIR-EL-12,Electrical Wire 12AWG 100ft,Electrical,3,0
2025-11-22,WIR-EL-12,Electrical Wire 12AWG 100ft,Electrical,0,0
2025-11-23,WIR-EL-12,Electrical Wire 12AWG 100ft,Electrical,3,0
2025-11-24,WIR-EL-12,Electrical Wire 12AWG 100ft,Electrical,0,0
2025-11-25,WIR-EL-12,Electrical Wire 12AWG 100ft,Electrical,1,0
2025-11-26,WIR-EL-12,Electrical Wire 12AWG 100ft,Electrical,1,0
2025-11-27,WIR-EL-12,Electrical Wire 12AWG 100ft,Electrical,0,0
2025-11-28,WIR-EL-12,Electrical Wire 12AWG 100ft,Electrical,2,0
2025-11-29,WIR-EL-12,Electrical Wire 12AWG 100ft,Electrical,2,0
2025-11-30,WIR-EL-12,Electrical Wire 12AWG 100ft,Electrical,3,0
2025-12-01,WIR-EL-12,Electrical Wire 12AWG 100ft,Electrical,2,0
2025-12-02,WIR-EL-12,Electrical Wire 12AWG 100ft,Electrical,2,0
2025-12-03,WIR-EL-12,Electrical Wire 12AWG 100ft,Electrical,1,0
2025-12-04,WIR-EL-12,Electrical Wire 12AWG 100ft,Electrical,1,0
2025-12-05,WIR-EL-12,Electrical Wire 12AWG 100ft,Electrical,2,0
2025-12-06,WIR-EL-12,Electrical Wire 12AWG 100ft,Electrical,2,0
2025-12-07,WIR-EL-12,Electrical Wire 12AWG 100ft,Electrical,0,0
2025-12-08,WIR-EL-12,Electrical Wire 12AWG 100ft,Electrical,3,0
2025-12-09,WIR-EL-12,Electrical Wire 12AWG 100ft,Electrical,1,0
2025-12-10,WIR-EL-12,Electrical Wire 12AWG 100ft,Electrical,1,0
2025-12-11,WIR-EL-12,Electrical Wire 12AWG 100ft,Electrical,1,0
2025-12-12,WIR-EL-12,Electrical Wire 12AWG 100ft,Electrical,2,0
2025-12-13,WIR-EL-12,Electrical Wire 12AWG 100ft,Electrical,0,0
2025-12-14,WIR-EL-12,Electrical Wire 12AWG 100ft,Electrical,0,0
2025-12-15,WIR-EL-12,Electrical Wire 12AWG 100ft,Electrical,1,0
2025-12-16,WIR-EL-12,Electrical Wire 12AWG 100ft,Electrical,1,0
2025-12-17,WIR-EL-12,Electrical Wire 12AWG 100ft,Electrical,3,0
2025-12-18,WIR-EL-12,Electrical Wire 12AWG 100ft,Electrical,4,0
2025-12-19,WIR-EL-12,Electrical Wire 12AWG 100ft,Electrical,1,0
2025-12-20,WIR-EL-12,Electrical Wire 12AWG 100ft,Electrical,5,0
2025-12-21,WIR-EL-12,Electrical Wire 12AWG 100ft,Electrical,2,0
2025-12-22,WIR-EL-12,Electrical Wire 12AWG 100ft,Electrical,5,0
2025-12-23,WIR-EL-12,Electrical Wire 12AWG 100ft,Electrical,2,0
2025-12-24,WIR-EL-12,Electrical Wire 12AWG 100ft,Electrical,1,0
2025-12-25,WIR-EL-12,Electrical Wire 12AWG 100ft,Electrical,4,0
2025-12-26,WIR-EL-12,Electrical Wire 12AWG 100ft,Electrical,0,0
2025-12-27,WIR-EL-12,Electrical Wire 12AWG 100ft,Electrical,1,0
2025-12-28,WIR-EL-12,Electrical Wire 12AWG 100ft,Electrical,2,0
2025-12-29,WIR-EL-12,Electrical Wire 12AWG 100ft,Electrical,1,0
2025-12-30,WIR-EL-12,Electrical Wire 12AWG 100ft,Electrical,1,0
2025-12-31,WIR-EL-12,Electrical Wire 12AWG 100ft,Electrical,1,0
2026-01-01,WIR-EL-12,Electrical Wire 12AWG 100ft,Electrical,3,0
2026-01-02,WIR-EL-12,Electrical Wire 12AWG 100ft,Electrical,3,0
2026-01-03,WIR-EL-12,Electrical Wire 12AWG 100ft,Electrical,4,0
2026-01-04,WIR-EL-12,Electrical Wire 12AWG 100ft,Electrical,1,0
2026-01-05,WIR-EL-12,Electrical Wire 12AWG 100ft,Electrical,1,0
2026-01-06,WIR-EL-12,Electrical Wire 12AWG 100ft,Electrical,1,0
2026-01-07,WIR-EL-12,Electrical Wire 12AWG 100ft,Electrical,1,0
2026-01-08,WIR-EL-12,Electrical Wire 12AWG 100ft,Electrical,3,0
2026-01-09,WIR-EL-12,Electrical Wire 12AWG 100ft,Electrical,2,0
2026-01-10,WIR-EL-12,Electrical Wire 12AWG 100ft,Electrical,2,1
2026-01-11,WIR-EL-12,Electrical Wire 12AWG 100ft,Electrical,2,0
2026-01-12,WIR-EL-12,Electrical Wire 12AWG 100ft,Electrical,1,0
2026-01-13,WIR-EL-12,Electrical Wire 12AWG 100ft,Electrical,1,0
2026-01-14,WIR-EL-12,Electrical Wire 12AWG 100ft,Electrical,5,0
2026-01-15,WIR-EL-12,Electrical Wire 12AWG 100ft,Electrical,0,0
2026-01-16,WIR-EL-12,Electrical Wire 12AWG 100ft,Electrical,2,0
2026-01-17,WIR-EL-12,Electrical Wire 12AWG 100ft,Electrical,5,0
2026-01-18,WIR-EL-12,Electrical Wire 12AWG 100ft,Electrical,0,0
2026-01-19,WIR-EL-12,Electrical Wire 12AWG 100ft,Electrical,0,0
2026-01-20,WIR-EL-12,Electrical Wire 12AWG 100ft,Electrical,1,0
2026-01-21,WIR-EL-12,Electrical Wire 12AWG 100ft,Electrical,0,0
2026-01-22,WIR-EL-12,Electrical Wire 12AWG 100ft,Electrical,1,0
2026-01-23,WIR-EL-12,Electrical Wire 12AWG 100ft,Electrical,0,0
2026-01-24,WIR-EL-12,Electrical Wire 12AWG 100ft,Electrical,5,0
2026-01-25,WIR-EL-12,Electrical Wire 12AWG 100ft,Electrical,2,0
2026-01-26,WIR-EL-12,Electrical Wire 12AWG 100ft,Electrical,0,0
2026-01-27,WIR-EL-12,Electrical Wire 12AWG 100ft,Electrical,1,0
2026-01-28,WIR-EL-12,Electrical Wire 12AWG 100ft,Electrical,4,0
2026-01-29,WIR-EL-12,Electrical Wire 12AWG 100ft,Electrical,3,0
2026-01-30,WIR-EL-12,Electrical Wire 12AWG 100ft,Electrical,4,0
2026-01-31,WIR-EL-12,Electrical Wire 12AWG 100ft,Electrical,5,0
2026-02-01,WIR-EL-12,Electrical Wire 12AWG 100ft,Electrical,3,1
2026-02-02,WIR-EL-12,Electrical Wire 12AWG 100ft,Electrical,2,0
2026-02-03,WIR-EL-12,Electrical Wire 12AWG 100ft,Electrical,1,0
2026-02-04,WIR-EL-12,Electrical Wire 12AWG 100ft,Electrical,2,0
2026-02-05,WIR-EL-12,Electrical Wire 12AWG 100ft,Electrical,2,0
2026-02-06,WIR-EL-12,Electrical Wire 12AWG 100ft,Electrical,0,0
2026-02-07,WIR-EL-12,Electrical Wire 12AWG 100ft,Electrical,2,0
2026-02-08,WIR-EL-12,Electrical Wire 12AWG 100ft,Electrical,4,1
2026-02-09,WIR-EL-12,Electrical Wire 12AWG 100ft,Electrical,3,0
2026-02-10,WIR-EL-12,Electrical Wire 12AWG 100ft,Electrical,2,0
2026-02-11,WIR-EL-12,Electrical Wire 12AWG 100ft,Electrical,0,0
2026-02-12,WIR-EL-12,Electrical Wire 12AWG 100ft,Electrical,2,0
2026-02-13,WIR-EL-12,Electrical Wire 12AWG 100ft,Electrical,3,0
2026-02-14,WIR-EL-12,Electrical Wire 12AWG 100ft,Electrical,2,0
2026-02-15,WIR-EL-12,Electrical Wire 12AWG 100ft,Electrical,5,0
2026-02-16,WIR-EL-12,Electrical Wire 12AWG 100ft,Electrical,1,0
2026-02-17,WIR-EL-12,Electrical Wire 12AWG 100ft,Electrical,0,0
2026-02-18,WIR-EL-12,Electrical Wire 12AWG 100ft,Electrical,3,0
2026-02-19,WIR-EL-12,Electrical Wire 12AWG 100ft,Electrical,0,0
2026-02-20,WIR-EL-12,Electrical Wire 12AWG 100ft,Electrical,1,0
2026-02-21,WIR-EL-12,Electrical Wire 12AWG 100ft,Electrical,0,0
2026-02-22,WIR-EL-12,Electrical Wire 12AWG 100ft,Electrical,1,0
2026-02-23,WIR-EL-12,Electrical Wire 12AWG 100ft,Electrical,1,0
2026-02-24,WIR-EL-12,Electrical Wire 12AWG 100ft,Electrical,1,0
2026-02-25,WIR-EL-12,Electrical Wire 12AWG 100ft,Electrical,5,0
2026-02-26,WIR-EL-12,Electrical Wire 12AWG 100ft,Electrical,2,0
2026-02-27,WIR-EL-12,Electrical Wire 12AWG 100ft,Electrical,1,0
2026-02-28,WIR-EL-12,Electrical Wire 12AWG 100ft,Electrical,3,0
2026-03-01,WIR-EL-12,Electrical Wire 12AWG 100ft,Electrical,4,0
2026-03-02,WIR-EL-12,Electrical Wire 12AWG 100ft,Electrical,1,0
2026-03-03,WIR-EL-12,Electrical Wire 12AWG 100ft,Electrical,1,0
2026-03-04,WIR-EL-12,Electrical Wire 12AWG 100ft,Electrical,2,0
2026-03-05,WIR-EL-12,Electrical Wire 12AWG 100ft,Electrical,2,0
2026-03-06,WIR-EL-12,Electrical Wire 12AWG 100ft,Electrical,1,0
2026-03-07,WIR-EL-12,Electrical Wire 12AWG 100ft,Electrical,5,0
2026-03-08,WIR-EL-12,Electrical Wire 12AWG 100ft,Electrical,1,0
2026-03-09,WIR-EL-12,Electrical Wire 12AWG 100ft,Electrical,1,0
2026-03-10,WIR-EL-12,Electrical Wire 12AWG 100ft,Electrical,1,0
2026-03-11,WIR-EL-12,Electrical Wire 12AWG 100ft,Electrical,3,0
2026-03-12,WIR-EL-12,Electrical Wire 12AWG 100ft,Electrical,1,0
2026-03-13,WIR-EL-12,Electrical Wire 12AWG 100ft,Electrical,4,0
2026-03-14,WIR-EL-12,Electrical Wire 12AWG 100ft,Electrical,1,0
2026-03-15,WIR-EL-12,Electrical Wire 12AWG 100ft,Electrical,2,0
2026-03-16,WIR-EL-12,Electrical Wire 12AWG 100ft,Electrical,0,0
2026-03-17,WIR-EL-12,Electrical Wire 12AWG 100ft,Electrical,1,0
2026-03-18,WIR-EL-12,Electrical Wire 12AWG 100ft,Electrical,1,0
2026-03-19,WIR-EL-12,Electrical Wire 12AWG 100ft,Electrical,3,0
2026-03-20,WIR-EL-12,Electrical Wire 12AWG 100ft,Electrical,0,1
2026-03-21,WIR-EL-12,Electrical Wire 12AWG 100ft,Electrical,2,0
2026-03-22,WIR-EL-12,Electrical Wire 12AWG 100ft,Electrical,5,0
2026-03-23,WIR-EL-12,Electrical Wire 12AWG 100ft,Electrical,0,0
2026-03-24,WIR-EL-12,Electrical Wire 12AWG 100ft,Electrical,2,0
2026-03-25,WIR-EL-12,Electrical Wire 12AWG 100ft,Electrical,0,0
2026-03-26,WIR-EL-12,Electrical Wire 12AWG 100ft,Electrical,0,0
2026-03-27,WIR-EL-12,Electrical Wire 12AWG 100ft,Electrical,3,0
2026-03-28,WIR-EL-12,Electrical Wire 12AWG 100ft,Electrical,0,0
2026-03-29,WIR-EL-12,Electrical Wire 12AWG 100ft,Electrical,2,0
2026-03-30,WIR-EL-12,Electrical Wire 12AWG 100ft,Electrical,0,0
2026-03-31,WIR-EL-12,Electrical Wire 12AWG 100ft,Electrical,2,0
2026-04-01,WIR-EL-12,Electrical Wire 12AWG 100ft,Electrical,3,0
2026-04-02,WIR-EL-12,Electrical Wire 12AWG 100ft,Electrical,2,0
2026-04-03,WIR-EL-12,Electrical Wire 12AWG 100ft,Electrical,4,0
2026-04-04,WIR-EL-12,Electrical Wire 12AWG 100ft,Electrical,3,0
2026-04-05,WIR-EL-12,Electrical Wire 12AWG 100ft,Electrical,0,0
2026-04-06,WIR-EL-12,Electrical Wire 12AWG 100ft,Electrical,0,0
2026-04-07,WIR-EL-12,Electrical Wire 12AWG 100ft,Electrical,1,0
2026-04-08,WIR-EL-12,Electrical Wire 12AWG 100ft,Electrical,2,0
2026-04-09,WIR-EL-12,Electrical Wire 12AWG 100ft,Electrical,1,0
2026-04-10,WIR-EL-12,Electrical Wire 12AWG 100ft,Electrical,4,0
2026-04-11,WIR-EL-12,Electrical Wire 12AWG 100ft,Electrical,2,0
2026-04-12,WIR-EL-12,Electrical Wire 12AWG 100ft,Electrical,3,0
2026-04-13,WIR-EL-12,Electrical Wire 12AWG 100ft,Electrical,3,0
2026-04-14,WIR-EL-12,Electrical Wire 12AWG 100ft,Electrical,3,0
2026-04-15,WIR-EL-12,Electrical Wire 12AWG 100ft,Electrical,1,0
2026-04-16,WIR-EL-12,Electrical Wire 12AWG 100ft,Electrical,3,0
2026-04-17,WIR-EL-12,Electrical Wire 12AWG 100ft,Electrical,3,0
2026-04-18,WIR-EL-12,Electrical Wire 12AWG 100ft,Electrical,3,0
2026-04-19,WIR-EL-12,Electrical Wire 12AWG 100ft,Electrical,3,0
2026-04-20,WIR-EL-12,Electrical Wire 12AWG 100ft,Electrical,0,0
2026-04-21,WIR-EL-12,Electrical Wire 12AWG 100ft,Electrical,0,0
2026-04-22,WIR-EL-12,Electrical Wire 12AWG 100ft,Electrical,0,0
2026-04-23,WIR-EL-12,Electrical Wire 12AWG 100ft,Electrical,0,0
2026-04-24,WIR-EL-12,Electrical Wire 12AWG 100ft,Electrical,4,0
2026-04-25,WIR-EL-12,Electrical Wire 12AWG 100ft,Electrical,0,1
2026-04-26,WIR-EL-12,Electrical Wire 12AWG 100ft,Electrical,5,1
2026-04-27,WIR-EL-12,Electrical Wire 12AWG 100ft,Electrical,2,0
2026-04-28,WIR-EL-12,Electrical Wire 12AWG 100ft,Electrical,0,0
2026-04-29,WIR-EL-12,Electrical Wire 12AWG 100ft,Electrical,2,0
2026-04-30,WIR-EL-12,Electrical Wire 12AWG 100ft,Electrical,2,0
2026-05-01,WIR-EL-12,Electrical Wire 12AWG 100ft,Electrical,4,0
2026-05-02,WIR-EL-12,Electrical Wire 12AWG 100ft,Electrical,3,0
2026-05-03,WIR-EL-12,Electrical Wire 12AWG 100ft,Electrical,1,0
2026-05-04,WIR-EL-12,Electrical Wire 12AWG 100ft,Electrical,2,0
2026-05-05,WIR-EL-12,Electrical Wire 12AWG 100ft,Electrical,6,0
2026-05-06,WIR-EL-12,Electrical Wire 12AWG 100ft,Electrical,4,0
2026-05-07,WIR-EL-12,Electrical Wire 12AWG 100ft,Electrical,2,0
2026-05-08,WIR-EL-12,Electrical Wire 12AWG 100ft,Electrical,1,0
2026-05-09,WIR-EL-12,Electrical Wire 12AWG 100ft,Electrical,1,0
2026-05-10,WIR-EL-12,Electrical Wire 12AWG 100ft,Electrical,0,0
2026-05-11,WIR-EL-12,Electrical Wire 12AWG 100ft,Electrical,1,0
2026-05-12,WIR-EL-12,Electrical Wire 12AWG 100ft,Electrical,6,0
2026-05-13,WIR-EL-12,Electrical Wire 12AWG 100ft,Electrical,4,0
2026-05-14,WIR-EL-12,Electrical Wire 12AWG 100ft,Electrical,0,0
2026-05-15,WIR-EL-12,Electrical Wire 12AWG 100ft,Electrical,0,0
2024-11-22,BRK-CB-20A,Circuit Breaker 20A,Electrical,0,0
2024-11-23,BRK-CB-20A,Circuit Breaker 20A,Electrical,2,0
2024-11-24,BRK-CB-20A,Circuit Breaker 20A,Electrical,0,0
2024-11-25,BRK-CB-20A,Circuit Breaker 20A,Electrical,3,0
2024-11-26,BRK-CB-20A,Circuit Breaker 20A,Electrical,0,0
2024-11-27,BRK-CB-20A,Circuit Breaker 20A,Electrical,3,0
2024-11-28,BRK-CB-20A,Circuit Breaker 20A,Electrical,1,0
2024-11-29,BRK-CB-20A,Circuit Breaker 20A,Electrical,3,0
2024-11-30,BRK-CB-20A,Circuit Breaker 20A,Electrical,2,0
2024-12-01,BRK-CB-20A,Circuit Breaker 20A,Electrical,1,0
2024-12-02,BRK-CB-20A,Circuit Breaker 20A,Electrical,0,0
2024-12-03,BRK-CB-20A,Circuit Breaker 20A,Electrical,1,0
2024-12-04,BRK-CB-20A,Circuit Breaker 20A,Electrical,0,0
2024-12-05,BRK-CB-20A,Circuit Breaker 20A,Electrical,4,0
2024-12-06,BRK-CB-20A,Circuit Breaker 20A,Electrical,2,0
2024-12-07,BRK-CB-20A,Circuit Breaker 20A,Electrical,1,0
2024-12-08,BRK-CB-20A,Circuit Breaker 20A,Electrical,1,0
2024-12-09,BRK-CB-20A,Circuit Breaker 20A,Electrical,1,0
2024-12-10,BRK-CB-20A,Circuit Breaker 20A,Electrical,0,0
2024-12-11,BRK-CB-20A,Circuit Breaker 20A,Electrical,2,0
2024-12-12,BRK-CB-20A,Circuit Breaker 20A,Electrical,2,0
2024-12-13,BRK-CB-20A,Circuit Breaker 20A,Electrical,0,0
2024-12-14,BRK-CB-20A,Circuit Breaker 20A,Electrical,2,0
2024-12-15,BRK-CB-20A,Circuit Breaker 20A,Electrical,1,0
2024-12-16,BRK-CB-20A,Circuit Breaker 20A,Electrical,0,0
2024-12-17,BRK-CB-20A,Circuit Breaker 20A,Electrical,1,0
2024-12-18,BRK-CB-20A,Circuit Breaker 20A,Electrical,1,0
2024-12-19,BRK-CB-20A,Circuit Breaker 20A,Electrical,2,0
2024-12-20,BRK-CB-20A,Circuit Breaker 20A,Electrical,0,0
2024-12-21,BRK-CB-20A,Circuit Breaker 20A,Electrical,1,0
2024-12-22,BRK-CB-20A,Circuit Breaker 20A,Electrical,0,0
2024-12-23,BRK-CB-20A,Circuit Breaker 20A,Electrical,0,0
2024-12-24,BRK-CB-20A,Circuit Breaker 20A,Electrical,0,0
2024-12-25,BRK-CB-20A,Circuit Breaker 20A,Electrical,0,0
2024-12-26,BRK-CB-20A,Circuit Breaker 20A,Electrical,2,0
2024-12-27,BRK-CB-20A,Circuit Breaker 20A,Electrical,1,0
2024-12-28,BRK-CB-20A,Circuit Breaker 20A,Electrical,0,0
2024-12-29,BRK-CB-20A,Circuit Breaker 20A,Electrical,4,0
2024-12-30,BRK-CB-20A,Circuit Breaker 20A,Electrical,1,0
2024-12-31,BRK-CB-20A,Circuit Breaker 20A,Electrical,1,0
2025-01-01,BRK-CB-20A,Circuit Breaker 20A,Electrical,1,0
2025-01-02,BRK-CB-20A,Circuit Breaker 20A,Electrical,2,0
2025-01-03,BRK-CB-20A,Circuit Breaker 20A,Electrical,1,0
2025-01-04,BRK-CB-20A,Circuit Breaker 20A,Electrical,3,0
2025-01-05,BRK-CB-20A,Circuit Breaker 20A,Electrical,1,0
2025-01-06,BRK-CB-20A,Circuit Breaker 20A,Electrical,1,0
2025-01-07,BRK-CB-20A,Circuit Breaker 20A,Electrical,0,0
2025-01-08,BRK-CB-20A,Circuit Breaker 20A,Electrical,1,0
2025-01-09,BRK-CB-20A,Circuit Breaker 20A,Electrical,2,0
2025-01-10,BRK-CB-20A,Circuit Breaker 20A,Electrical,1,0
2025-01-11,BRK-CB-20A,Circuit Breaker 20A,Electrical,0,0
2025-01-12,BRK-CB-20A,Circuit Breaker 20A,Electrical,0,0
2025-01-13,BRK-CB-20A,Circuit Breaker 20A,Electrical,0,0
2025-01-14,BRK-CB-20A,Circuit Breaker 20A,Electrical,1,0
2025-01-15,BRK-CB-20A,Circuit Breaker 20A,Electrical,2,0
2025-01-16,BRK-CB-20A,Circuit Breaker 20A,Electrical,1,0
2025-01-17,BRK-CB-20A,Circuit Breaker 20A,Electrical,0,0
2025-01-18,BRK-CB-20A,Circuit Breaker 20A,Electrical,0,0
2025-01-19,BRK-CB-20A,Circuit Breaker 20A,Electrical,2,0
2025-01-20,BRK-CB-20A,Circuit Breaker 20A,Electrical,0,0
2025-01-21,BRK-CB-20A,Circuit Breaker 20A,Electrical,2,0
2025-01-22,BRK-CB-20A,Circuit Breaker 20A,Electrical,0,0
2025-01-23,BRK-CB-20A,Circuit Breaker 20A,Electrical,1,0
2025-01-24,BRK-CB-20A,Circuit Breaker 20A,Electrical,0,0
2025-01-25,BRK-CB-20A,Circuit Breaker 20A,Electrical,1,0
2025-01-26,BRK-CB-20A,Circuit Breaker 20A,Electrical,0,0
2025-01-27,BRK-CB-20A,Circuit Breaker 20A,Electrical,0,0
2025-01-28,BRK-CB-20A,Circuit Breaker 20A,Electrical,0,0
2025-01-29,BRK-CB-20A,Circuit Breaker 20A,Electrical,1,0
2025-01-30,BRK-CB-20A,Circuit Breaker 20A,Electrical,2,0
2025-01-31,BRK-CB-20A,Circuit Breaker 20A,Electrical,2,0
2025-02-01,BRK-CB-20A,Circuit Breaker 20A,Electrical,2,0
2025-02-02,BRK-CB-20A,Circuit Breaker 20A,Electrical,1,0
2025-02-03,BRK-CB-20A,Circuit Breaker 20A,Electrical,0,0
2025-02-04,BRK-CB-20A,Circuit Breaker 20A,Electrical,2,1
2025-02-05,BRK-CB-20A,Circuit Breaker 20A,Electrical,1,0
2025-02-06,BRK-CB-20A,Circuit Breaker 20A,Electrical,0,0
2025-02-07,BRK-CB-20A,Circuit Breaker 20A,Electrical,1,0
2025-02-08,BRK-CB-20A,Circuit Breaker 20A,Electrical,3,0
2025-02-09,BRK-CB-20A,Circuit Breaker 20A,Electrical,0,0
2025-02-10,BRK-CB-20A,Circuit Breaker 20A,Electrical,2,0
2025-02-11,BRK-CB-20A,Circuit Breaker 20A,Electrical,0,0
2025-02-12,BRK-CB-20A,Circuit Breaker 20A,Electrical,0,0
2025-02-13,BRK-CB-20A,Circuit Breaker 20A,Electrical,0,1
2025-02-14,BRK-CB-20A,Circuit Breaker 20A,Electrical,0,0
2025-02-15,BRK-CB-20A,Circuit Breaker 20A,Electrical,5,1
2025-02-16,BRK-CB-20A,Circuit Breaker 20A,Electrical,2,0
2025-02-17,BRK-CB-20A,Circuit Breaker 20A,Electrical,2,0
2025-02-18,BRK-CB-20A,Circuit Breaker 20A,Electrical,3,0
2025-02-19,BRK-CB-20A,Circuit Breaker 20A,Electrical,0,0
2025-02-20,BRK-CB-20A,Circuit Breaker 20A,Electrical,1,0
2025-02-21,BRK-CB-20A,Circuit Breaker 20A,Electrical,0,0
2025-02-22,BRK-CB-20A,Circuit Breaker 20A,Electrical,3,0
2025-02-23,BRK-CB-20A,Circuit Breaker 20A,Electrical,2,0
2025-02-24,BRK-CB-20A,Circuit Breaker 20A,Electrical,2,0
2025-02-25,BRK-CB-20A,Circuit Breaker 20A,Electrical,2,0
2025-02-26,BRK-CB-20A,Circuit Breaker 20A,Electrical,3,0
2025-02-27,BRK-CB-20A,Circuit Breaker 20A,Electrical,0,0
2025-02-28,BRK-CB-20A,Circuit Breaker 20A,Electrical,2,0
2025-03-01,BRK-CB-20A,Circuit Breaker 20A,Electrical,0,0
2025-03-02,BRK-CB-20A,Circuit Breaker 20A,Electrical,2,0
2025-03-03,BRK-CB-20A,Circuit Breaker 20A,Electrical,0,0
2025-03-04,BRK-CB-20A,Circuit Breaker 20A,Electrical,1,0
2025-03-05,BRK-CB-20A,Circuit Breaker 20A,Electrical,0,0
2025-03-06,BRK-CB-20A,Circuit Breaker 20A,Electrical,0,0
2025-03-07,BRK-CB-20A,Circuit Breaker 20A,Electrical,1,0
2025-03-08,BRK-CB-20A,Circuit Breaker 20A,Electrical,1,0
2025-03-09,BRK-CB-20A,Circuit Breaker 20A,Electrical,0,0
2025-03-10,BRK-CB-20A,Circuit Breaker 20A,Electrical,0,0
2025-03-11,BRK-CB-20A,Circuit Breaker 20A,Electrical,1,0
2025-03-12,BRK-CB-20A,Circuit Breaker 20A,Electrical,3,0
2025-03-13,BRK-CB-20A,Circuit Breaker 20A,Electrical,2,0
2025-03-14,BRK-CB-20A,Circuit Breaker 20A,Electrical,1,0
2025-03-15,BRK-CB-20A,Circuit Breaker 20A,Electrical,4,0
2025-03-16,BRK-CB-20A,Circuit Breaker 20A,Electrical,0,0
2025-03-17,BRK-CB-20A,Circuit Breaker 20A,Electrical,1,0
2025-03-18,BRK-CB-20A,Circuit Breaker 20A,Electrical,0,0
2025-03-19,BRK-CB-20A,Circuit Breaker 20A,Electrical,1,0
2025-03-20,BRK-CB-20A,Circuit Breaker 20A,Electrical,1,0
2025-03-21,BRK-CB-20A,Circuit Breaker 20A,Electrical,1,0
2025-03-22,BRK-CB-20A,Circuit Breaker 20A,Electrical,0,0
2025-03-23,BRK-CB-20A,Circuit Breaker 20A,Electrical,0,0
2025-03-24,BRK-CB-20A,Circuit Breaker 20A,Electrical,0,0
2025-03-25,BRK-CB-20A,Circuit Breaker 20A,Electrical,2,0
2025-03-26,BRK-CB-20A,Circuit Breaker 20A,Electrical,1,0
2025-03-27,BRK-CB-20A,Circuit Breaker 20A,Electrical,1,0
2025-03-28,BRK-CB-20A,Circuit Breaker 20A,Electrical,1,0
2025-03-29,BRK-CB-20A,Circuit Breaker 20A,Electrical,0,0
2025-03-30,BRK-CB-20A,Circuit Breaker 20A,Electrical,0,0
2025-03-31,BRK-CB-20A,Circuit Breaker 20A,Electrical,3,0
2025-04-01,BRK-CB-20A,Circuit Breaker 20A,Electrical,2,0
2025-04-02,BRK-CB-20A,Circuit Breaker 20A,Electrical,1,0
2025-04-03,BRK-CB-20A,Circuit Breaker 20A,Electrical,2,0
2025-04-04,BRK-CB-20A,Circuit Breaker 20A,Electrical,2,0
2025-04-05,BRK-CB-20A,Circuit Breaker 20A,Electrical,1,0
2025-04-06,BRK-CB-20A,Circuit Breaker 20A,Electrical,0,0
2025-04-07,BRK-CB-20A,Circuit Breaker 20A,Electrical,1,0
2025-04-08,BRK-CB-20A,Circuit Breaker 20A,Electrical,0,0
2025-04-09,BRK-CB-20A,Circuit Breaker 20A,Electrical,1,0
2025-04-10,BRK-CB-20A,Circuit Breaker 20A,Electrical,0,0
2025-04-11,BRK-CB-20A,Circuit Breaker 20A,Electrical,2,0
2025-04-12,BRK-CB-20A,Circuit Breaker 20A,Electrical,2,0
2025-04-13,BRK-CB-20A,Circuit Breaker 20A,Electrical,4,0
2025-04-14,BRK-CB-20A,Circuit Breaker 20A,Electrical,1,0
2025-04-15,BRK-CB-20A,Circuit Breaker 20A,Electrical,1,0
2025-04-16,BRK-CB-20A,Circuit Breaker 20A,Electrical,3,0
2025-04-17,BRK-CB-20A,Circuit Breaker 20A,Electrical,0,0
2025-04-18,BRK-CB-20A,Circuit Breaker 20A,Electrical,1,0
2025-04-19,BRK-CB-20A,Circuit Breaker 20A,Electrical,0,0
2025-04-20,BRK-CB-20A,Circuit Breaker 20A,Electrical,3,0
2025-04-21,BRK-CB-20A,Circuit Breaker 20A,Electrical,0,0
2025-04-22,BRK-CB-20A,Circuit Breaker 20A,Electrical,3,1
2025-04-23,BRK-CB-20A,Circuit Breaker 20A,Electrical,1,0
2025-04-24,BRK-CB-20A,Circuit Breaker 20A,Electrical,0,0
2025-04-25,BRK-CB-20A,Circuit Breaker 20A,Electrical,0,0
2025-04-26,BRK-CB-20A,Circuit Breaker 20A,Electrical,2,0
2025-04-27,BRK-CB-20A,Circuit Breaker 20A,Electrical,2,0
2025-04-28,BRK-CB-20A,Circuit Breaker 20A,Electrical,1,0
2025-04-29,BRK-CB-20A,Circuit Breaker 20A,Electrical,0,0
2025-04-30,BRK-CB-20A,Circuit Breaker 20A,Electrical,0,0
2025-05-01,BRK-CB-20A,Circuit Breaker 20A,Electrical,2,0
2025-05-02,BRK-CB-20A,Circuit Breaker 20A,Electrical,2,0
2025-05-03,BRK-CB-20A,Circuit Breaker 20A,Electrical,2,0
2025-05-04,BRK-CB-20A,Circuit Breaker 20A,Electrical,1,0
2025-05-05,BRK-CB-20A,Circuit Breaker 20A,Electrical,2,0
2025-05-06,BRK-CB-20A,Circuit Breaker 20A,Electrical,1,0
2025-05-07,BRK-CB-20A,Circuit Breaker 20A,Electrical,1,0
2025-05-08,BRK-CB-20A,Circuit Breaker 20A,Electrical,0,0
2025-05-09,BRK-CB-20A,Circuit Breaker 20A,Electrical,1,0
2025-05-10,BRK-CB-20A,Circuit Breaker 20A,Electrical,1,0
2025-05-11,BRK-CB-20A,Circuit Breaker 20A,Electrical,0,0
2025-05-12,BRK-CB-20A,Circuit Breaker 20A,Electrical,3,0
2025-05-13,BRK-CB-20A,Circuit Breaker 20A,Electrical,1,0
2025-05-14,BRK-CB-20A,Circuit Breaker 20A,Electrical,0,1
2025-05-15,BRK-CB-20A,Circuit Breaker 20A,Electrical,1,0
2025-05-16,BRK-CB-20A,Circuit Breaker 20A,Electrical,2,0
2025-05-17,BRK-CB-20A,Circuit Breaker 20A,Electrical,2,0
2025-05-18,BRK-CB-20A,Circuit Breaker 20A,Electrical,2,0
2025-05-19,BRK-CB-20A,Circuit Breaker 20A,Electrical,0,0
2025-05-20,BRK-CB-20A,Circuit Breaker 20A,Electrical,2,0
2025-05-21,BRK-CB-20A,Circuit Breaker 20A,Electrical,0,0
2025-05-22,BRK-CB-20A,Circuit Breaker 20A,Electrical,2,0
2025-05-23,BRK-CB-20A,Circuit Breaker 20A,Electrical,0,0
2025-05-24,BRK-CB-20A,Circuit Breaker 20A,Electrical,0,0
2025-05-25,BRK-CB-20A,Circuit Breaker 20A,Electrical,1,0
2025-05-26,BRK-CB-20A,Circuit Breaker 20A,Electrical,0,0
2025-05-27,BRK-CB-20A,Circuit Breaker 20A,Electrical,1,0
2025-05-28,BRK-CB-20A,Circuit Breaker 20A,Electrical,1,0
2025-05-29,BRK-CB-20A,Circuit Breaker 20A,Electrical,2,0
2025-05-30,BRK-CB-20A,Circuit Breaker 20A,Electrical,1,0
2025-05-31,BRK-CB-20A,Circuit Breaker 20A,Electrical,1,0
2025-06-01,BRK-CB-20A,Circuit Breaker 20A,Electrical,2,0
2025-06-02,BRK-CB-20A,Circuit Breaker 20A,Electrical,2,0
2025-06-03,BRK-CB-20A,Circuit Breaker 20A,Electrical,0,0
2025-06-04,BRK-CB-20A,Circuit Breaker 20A,Electrical,2,0
2025-06-05,BRK-CB-20A,Circuit Breaker 20A,Electrical,2,0
2025-06-06,BRK-CB-20A,Circuit Breaker 20A,Electrical,2,0
2025-06-07,BRK-CB-20A,Circuit Breaker 20A,Electrical,4,0
2025-06-08,BRK-CB-20A,Circuit Breaker 20A,Electrical,3,0
2025-06-09,BRK-CB-20A,Circuit Breaker 20A,Electrical,2,0
2025-06-10,BRK-CB-20A,Circuit Breaker 20A,Electrical,2,0
2025-06-11,BRK-CB-20A,Circuit Breaker 20A,Electrical,0,0
2025-06-12,BRK-CB-20A,Circuit Breaker 20A,Electrical,1,0
2025-06-13,BRK-CB-20A,Circuit Breaker 20A,Electrical,3,0
2025-06-14,BRK-CB-20A,Circuit Breaker 20A,Electrical,0,0
2025-06-15,BRK-CB-20A,Circuit Breaker 20A,Electrical,5,0
2025-06-16,BRK-CB-20A,Circuit Breaker 20A,Electrical,3,0
2025-06-17,BRK-CB-20A,Circuit Breaker 20A,Electrical,1,0
2025-06-18,BRK-CB-20A,Circuit Breaker 20A,Electrical,0,0
2025-06-19,BRK-CB-20A,Circuit Breaker 20A,Electrical,2,0
2025-06-20,BRK-CB-20A,Circuit Breaker 20A,Electrical,1,0
2025-06-21,BRK-CB-20A,Circuit Breaker 20A,Electrical,1,0
2025-06-22,BRK-CB-20A,Circuit Breaker 20A,Electrical,0,0
2025-06-23,BRK-CB-20A,Circuit Breaker 20A,Electrical,0,0
2025-06-24,BRK-CB-20A,Circuit Breaker 20A,Electrical,1,0
2025-06-25,BRK-CB-20A,Circuit Breaker 20A,Electrical,1,0
2025-06-26,BRK-CB-20A,Circuit Breaker 20A,Electrical,1,0
2025-06-27,BRK-CB-20A,Circuit Breaker 20A,Electrical,0,0
2025-06-28,BRK-CB-20A,Circuit Breaker 20A,Electrical,4,0
2025-06-29,BRK-CB-20A,Circuit Breaker 20A,Electrical,0,0
2025-06-30,BRK-CB-20A,Circuit Breaker 20A,Electrical,1,0
2025-07-01,BRK-CB-20A,Circuit Breaker 20A,Electrical,4,0
2025-07-02,BRK-CB-20A,Circuit Breaker 20A,Electrical,4,0
2025-07-03,BRK-CB-20A,Circuit Breaker 20A,Electrical,3,0
2025-07-04,BRK-CB-20A,Circuit Breaker 20A,Electrical,1,0
2025-07-05,BRK-CB-20A,Circuit Breaker 20A,Electrical,2,0
2025-07-06,BRK-CB-20A,Circuit Breaker 20A,Electrical,2,0
2025-07-07,BRK-CB-20A,Circuit Breaker 20A,Electrical,2,0
2025-07-08,BRK-CB-20A,Circuit Breaker 20A,Electrical,1,0
2025-07-09,BRK-CB-20A,Circuit Breaker 20A,Electrical,2,0
2025-07-10,BRK-CB-20A,Circuit Breaker 20A,Electrical,3,0
2025-07-11,BRK-CB-20A,Circuit Breaker 20A,Electrical,3,0
2025-07-12,BRK-CB-20A,Circuit Breaker 20A,Electrical,3,0
2025-07-13,BRK-CB-20A,Circuit Breaker 20A,Electrical,1,0
2025-07-14,BRK-CB-20A,Circuit Breaker 20A,Electrical,5,0
2025-07-15,BRK-CB-20A,Circuit Breaker 20A,Electrical,1,0
2025-07-16,BRK-CB-20A,Circuit Breaker 20A,Electrical,0,0
2025-07-17,BRK-CB-20A,Circuit Breaker 20A,Electrical,4,0
2025-07-18,BRK-CB-20A,Circuit Breaker 20A,Electrical,2,0
2025-07-19,BRK-CB-20A,Circuit Breaker 20A,Electrical,5,0
2025-07-20,BRK-CB-20A,Circuit Breaker 20A,Electrical,2,0
2025-07-21,BRK-CB-20A,Circuit Breaker 20A,Electrical,1,0
2025-07-22,BRK-CB-20A,Circuit Breaker 20A,Electrical,2,0
2025-07-23,BRK-CB-20A,Circuit Breaker 20A,Electrical,0,0
2025-07-24,BRK-CB-20A,Circuit Breaker 20A,Electrical,0,0
2025-07-25,BRK-CB-20A,Circuit Breaker 20A,Electrical,0,0
2025-07-26,BRK-CB-20A,Circuit Breaker 20A,Electrical,1,0
2025-07-27,BRK-CB-20A,Circuit Breaker 20A,Electrical,5,0
2025-07-28,BRK-CB-20A,Circuit Breaker 20A,Electrical,2,0
2025-07-29,BRK-CB-20A,Circuit Breaker 20A,Electrical,1,0
2025-07-30,BRK-CB-20A,Circuit Breaker 20A,Electrical,0,0
2025-07-31,BRK-CB-20A,Circuit Breaker 20A,Electrical,1,0
2025-08-01,BRK-CB-20A,Circuit Breaker 20A,Electrical,4,0
2025-08-02,BRK-CB-20A,Circuit Breaker 20A,Electrical,2,0
2025-08-03,BRK-CB-20A,Circuit Breaker 20A,Electrical,2,0
2025-08-04,BRK-CB-20A,Circuit Breaker 20A,Electrical,1,0
2025-08-05,BRK-CB-20A,Circuit Breaker 20A,Electrical,1,0
2025-08-06,BRK-CB-20A,Circuit Breaker 20A,Electrical,0,0
2025-08-07,BRK-CB-20A,Circuit Breaker 20A,Electrical,1,0
2025-08-08,BRK-CB-20A,Circuit Breaker 20A,Electrical,3,0
2025-08-09,BRK-CB-20A,Circuit Breaker 20A,Electrical,0,0
2025-08-10,BRK-CB-20A,Circuit Breaker 20A,Electrical,5,1
2025-08-11,BRK-CB-20A,Circuit Breaker 20A,Electrical,1,0
2025-08-12,BRK-CB-20A,Circuit Breaker 20A,Electrical,2,0
2025-08-13,BRK-CB-20A,Circuit Breaker 20A,Electrical,0,0
2025-08-14,BRK-CB-20A,Circuit Breaker 20A,Electrical,0,0
2025-08-15,BRK-CB-20A,Circuit Breaker 20A,Electrical,3,0
2025-08-16,BRK-CB-20A,Circuit Breaker 20A,Electrical,0,0
2025-08-17,BRK-CB-20A,Circuit Breaker 20A,Electrical,0,0
2025-08-18,BRK-CB-20A,Circuit Breaker 20A,Electrical,2,0
2025-08-19,BRK-CB-20A,Circuit Breaker 20A,Electrical,2,0
2025-08-20,BRK-CB-20A,Circuit Breaker 20A,Electrical,0,0
2025-08-21,BRK-CB-20A,Circuit Breaker 20A,Electrical,2,0
2025-08-22,BRK-CB-20A,Circuit Breaker 20A,Electrical,1,0
2025-08-23,BRK-CB-20A,Circuit Breaker 20A,Electrical,5,0
2025-08-24,BRK-CB-20A,Circuit Breaker 20A,Electrical,1,0
2025-08-25,BRK-CB-20A,Circuit Breaker 20A,Electrical,0,1
2025-08-26,BRK-CB-20A,Circuit Breaker 20A,Electrical,1,0
2025-08-27,BRK-CB-20A,Circuit Breaker 20A,Electrical,3,0
2025-08-28,BRK-CB-20A,Circuit Breaker 20A,Electrical,0,0
2025-08-29,BRK-CB-20A,Circuit Breaker 20A,Electrical,2,0
2025-08-30,BRK-CB-20A,Circuit Breaker 20A,Electrical,1,0
2025-08-31,BRK-CB-20A,Circuit Breaker 20A,Electrical,2,0
2025-09-01,BRK-CB-20A,Circuit Breaker 20A,Electrical,3,0
2025-09-02,BRK-CB-20A,Circuit Breaker 20A,Electrical,0,0
2025-09-03,BRK-CB-20A,Circuit Breaker 20A,Electrical,3,0
2025-09-04,BRK-CB-20A,Circuit Breaker 20A,Electrical,0,0
2025-09-05,BRK-CB-20A,Circuit Breaker 20A,Electrical,3,0
2025-09-06,BRK-CB-20A,Circuit Breaker 20A,Electrical,1,0
2025-09-07,BRK-CB-20A,Circuit Breaker 20A,Electrical,2,0
2025-09-08,BRK-CB-20A,Circuit Breaker 20A,Electrical,2,0
2025-09-09,BRK-CB-20A,Circuit Breaker 20A,Electrical,0,0
2025-09-10,BRK-CB-20A,Circuit Breaker 20A,Electrical,1,1
2025-09-11,BRK-CB-20A,Circuit Breaker 20A,Electrical,1,0
2025-09-12,BRK-CB-20A,Circuit Breaker 20A,Electrical,0,0
2025-09-13,BRK-CB-20A,Circuit Breaker 20A,Electrical,1,0
2025-09-14,BRK-CB-20A,Circuit Breaker 20A,Electrical,1,0
2025-09-15,BRK-CB-20A,Circuit Breaker 20A,Electrical,1,0
2025-09-16,BRK-CB-20A,Circuit Breaker 20A,Electrical,0,0
2025-09-17,BRK-CB-20A,Circuit Breaker 20A,Electrical,0,0
2025-09-18,BRK-CB-20A,Circuit Breaker 20A,Electrical,0,0
2025-09-19,BRK-CB-20A,Circuit Breaker 20A,Electrical,0,0
2025-09-20,BRK-CB-20A,Circuit Breaker 20A,Electrical,3,0
2025-09-21,BRK-CB-20A,Circuit Breaker 20A,Electrical,2,0
2025-09-22,BRK-CB-20A,Circuit Breaker 20A,Electrical,2,0
2025-09-23,BRK-CB-20A,Circuit Breaker 20A,Electrical,1,0
2025-09-24,BRK-CB-20A,Circuit Breaker 20A,Electrical,3,0
2025-09-25,BRK-CB-20A,Circuit Breaker 20A,Electrical,1,0
2025-09-26,BRK-CB-20A,Circuit Breaker 20A,Electrical,0,0
2025-09-27,BRK-CB-20A,Circuit Breaker 20A,Electrical,3,0
2025-09-28,BRK-CB-20A,Circuit Breaker 20A,Electrical,1,0
2025-09-29,BRK-CB-20A,Circuit Breaker 20A,Electrical,1,0
2025-09-30,BRK-CB-20A,Circuit Breaker 20A,Electrical,1,0
2025-10-01,BRK-CB-20A,Circuit Breaker 20A,Electrical,1,0
2025-10-02,BRK-CB-20A,Circuit Breaker 20A,Electrical,1,0
2025-10-03,BRK-CB-20A,Circuit Breaker 20A,Electrical,2,0
2025-10-04,BRK-CB-20A,Circuit Breaker 20A,Electrical,2,0
2025-10-05,BRK-CB-20A,Circuit Breaker 20A,Electrical,0,0
2025-10-06,BRK-CB-20A,Circuit Breaker 20A,Electrical,0,0
2025-10-07,BRK-CB-20A,Circuit Breaker 20A,Electrical,1,0
2025-10-08,BRK-CB-20A,Circuit Breaker 20A,Electrical,1,0
2025-10-09,BRK-CB-20A,Circuit Breaker 20A,Electrical,2,0
2025-10-10,BRK-CB-20A,Circuit Breaker 20A,Electrical,1,0
2025-10-11,BRK-CB-20A,Circuit Breaker 20A,Electrical,1,0
2025-10-12,BRK-CB-20A,Circuit Breaker 20A,Electrical,0,0
2025-10-13,BRK-CB-20A,Circuit Breaker 20A,Electrical,0,0
2025-10-14,BRK-CB-20A,Circuit Breaker 20A,Electrical,1,0
2025-10-15,BRK-CB-20A,Circuit Breaker 20A,Electrical,1,0
2025-10-16,BRK-CB-20A,Circuit Breaker 20A,Electrical,0,0
2025-10-17,BRK-CB-20A,Circuit Breaker 20A,Electrical,3,0
2025-10-18,BRK-CB-20A,Circuit Breaker 20A,Electrical,5,0
2025-10-19,BRK-CB-20A,Circuit Breaker 20A,Electrical,1,0
2025-10-20,BRK-CB-20A,Circuit Breaker 20A,Electrical,1,0
2025-10-21,BRK-CB-20A,Circuit Breaker 20A,Electrical,0,0
2025-10-22,BRK-CB-20A,Circuit Breaker 20A,Electrical,0,0
2025-10-23,BRK-CB-20A,Circuit Breaker 20A,Electrical,2,0
2025-10-24,BRK-CB-20A,Circuit Breaker 20A,Electrical,1,0
2025-10-25,BRK-CB-20A,Circuit Breaker 20A,Electrical,3,0
2025-10-26,BRK-CB-20A,Circuit Breaker 20A,Electrical,2,0
2025-10-27,BRK-CB-20A,Circuit Breaker 20A,Electrical,0,0
2025-10-28,BRK-CB-20A,Circuit Breaker 20A,Electrical,1,0
2025-10-29,BRK-CB-20A,Circuit Breaker 20A,Electrical,2,0
2025-10-30,BRK-CB-20A,Circuit Breaker 20A,Electrical,0,0
2025-10-31,BRK-CB-20A,Circuit Breaker 20A,Electrical,1,0
2025-11-01,BRK-CB-20A,Circuit Breaker 20A,Electrical,3,0
2025-11-02,BRK-CB-20A,Circuit Breaker 20A,Electrical,3,0
2025-11-03,BRK-CB-20A,Circuit Breaker 20A,Electrical,0,0
2025-11-04,BRK-CB-20A,Circuit Breaker 20A,Electrical,0,0
2025-11-05,BRK-CB-20A,Circuit Breaker 20A,Electrical,1,0
2025-11-06,BRK-CB-20A,Circuit Breaker 20A,Electrical,0,0
2025-11-07,BRK-CB-20A,Circuit Breaker 20A,Electrical,0,1
2025-11-08,BRK-CB-20A,Circuit Breaker 20A,Electrical,1,0
2025-11-09,BRK-CB-20A,Circuit Breaker 20A,Electrical,3,0
2025-11-10,BRK-CB-20A,Circuit Breaker 20A,Electrical,1,0
2025-11-11,BRK-CB-20A,Circuit Breaker 20A,Electrical,1,0
2025-11-12,BRK-CB-20A,Circuit Breaker 20A,Electrical,0,0
2025-11-13,BRK-CB-20A,Circuit Breaker 20A,Electrical,1,0
2025-11-14,BRK-CB-20A,Circuit Breaker 20A,Electrical,3,0
2025-11-15,BRK-CB-20A,Circuit Breaker 20A,Electrical,2,0
2025-11-16,BRK-CB-20A,Circuit Breaker 20A,Electrical,3,1
2025-11-17,BRK-CB-20A,Circuit Breaker 20A,Electrical,0,0
2025-11-18,BRK-CB-20A,Circuit Breaker 20A,Electrical,3,0
2025-11-19,BRK-CB-20A,Circuit Breaker 20A,Electrical,2,0
2025-11-20,BRK-CB-20A,Circuit Breaker 20A,Electrical,1,0
2025-11-21,BRK-CB-20A,Circuit Breaker 20A,Electrical,2,0
2025-11-22,BRK-CB-20A,Circuit Breaker 20A,Electrical,0,0
2025-11-23,BRK-CB-20A,Circuit Breaker 20A,Electrical,1,0
2025-11-24,BRK-CB-20A,Circuit Breaker 20A,Electrical,0,0
2025-11-25,BRK-CB-20A,Circuit Breaker 20A,Electrical,3,0
2025-11-26,BRK-CB-20A,Circuit Breaker 20A,Electrical,0,0
2025-11-27,BRK-CB-20A,Circuit Breaker 20A,Electrical,3,0
2025-11-28,BRK-CB-20A,Circuit Breaker 20A,Electrical,0,0
2025-11-29,BRK-CB-20A,Circuit Breaker 20A,Electrical,4,0
2025-11-30,BRK-CB-20A,Circuit Breaker 20A,Electrical,1,0
2025-12-01,BRK-CB-20A,Circuit Breaker 20A,Electrical,0,0
2025-12-02,BRK-CB-20A,Circuit Breaker 20A,Electrical,2,0
2025-12-03,BRK-CB-20A,Circuit Breaker 20A,Electrical,0,0
2025-12-04,BRK-CB-20A,Circuit Breaker 20A,Electrical,1,0
2025-12-05,BRK-CB-20A,Circuit Breaker 20A,Electrical,0,0
2025-12-06,BRK-CB-20A,Circuit Breaker 20A,Electrical,0,0
2025-12-07,BRK-CB-20A,Circuit Breaker 20A,Electrical,1,0
2025-12-08,BRK-CB-20A,Circuit Breaker 20A,Electrical,0,0
2025-12-09,BRK-CB-20A,Circuit Breaker 20A,Electrical,3,0
2025-12-10,BRK-CB-20A,Circuit Breaker 20A,Electrical,1,0
2025-12-11,BRK-CB-20A,Circuit Breaker 20A,Electrical,1,0
2025-12-12,BRK-CB-20A,Circuit Breaker 20A,Electrical,1,0
2025-12-13,BRK-CB-20A,Circuit Breaker 20A,Electrical,0,0
2025-12-14,BRK-CB-20A,Circuit Breaker 20A,Electrical,0,0
2025-12-15,BRK-CB-20A,Circuit Breaker 20A,Electrical,4,0
2025-12-16,BRK-CB-20A,Circuit Breaker 20A,Electrical,2,0
2025-12-17,BRK-CB-20A,Circuit Breaker 20A,Electrical,1,0
2025-12-18,BRK-CB-20A,Circuit Breaker 20A,Electrical,0,0
2025-12-19,BRK-CB-20A,Circuit Breaker 20A,Electrical,2,0
2025-12-20,BRK-CB-20A,Circuit Breaker 20A,Electrical,5,0
2025-12-21,BRK-CB-20A,Circuit Breaker 20A,Electrical,1,0
2025-12-22,BRK-CB-20A,Circuit Breaker 20A,Electrical,2,0
2025-12-23,BRK-CB-20A,Circuit Breaker 20A,Electrical,3,0
2025-12-24,BRK-CB-20A,Circuit Breaker 20A,Electrical,1,0
2025-12-25,BRK-CB-20A,Circuit Breaker 20A,Electrical,0,0
2025-12-26,BRK-CB-20A,Circuit Breaker 20A,Electrical,0,0
2025-12-27,BRK-CB-20A,Circuit Breaker 20A,Electrical,2,0
2025-12-28,BRK-CB-20A,Circuit Breaker 20A,Electrical,3,0
2025-12-29,BRK-CB-20A,Circuit Breaker 20A,Electrical,0,0
2025-12-30,BRK-CB-20A,Circuit Breaker 20A,Electrical,0,0
2025-12-31,BRK-CB-20A,Circuit Breaker 20A,Electrical,0,0
2026-01-01,BRK-CB-20A,Circuit Breaker 20A,Electrical,1,0
2026-01-02,BRK-CB-20A,Circuit Breaker 20A,Electrical,3,0
2026-01-03,BRK-CB-20A,Circuit Breaker 20A,Electrical,2,0
2026-01-04,BRK-CB-20A,Circuit Breaker 20A,Electrical,2,0
2026-01-05,BRK-CB-20A,Circuit Breaker 20A,Electrical,1,0
2026-01-06,BRK-CB-20A,Circuit Breaker 20A,Electrical,2,0
2026-01-07,BRK-CB-20A,Circuit Breaker 20A,Electrical,1,0
2026-01-08,BRK-CB-20A,Circuit Breaker 20A,Electrical,2,0
2026-01-09,BRK-CB-20A,Circuit Breaker 20A,Electrical,0,0
2026-01-10,BRK-CB-20A,Circuit Breaker 20A,Electrical,3,0
2026-01-11,BRK-CB-20A,Circuit Breaker 20A,Electrical,1,0
2026-01-12,BRK-CB-20A,Circuit Breaker 20A,Electrical,1,0
2026-01-13,BRK-CB-20A,Circuit Breaker 20A,Electrical,2,0
2026-01-14,BRK-CB-20A,Circuit Breaker 20A,Electrical,2,0
2026-01-15,BRK-CB-20A,Circuit Breaker 20A,Electrical,1,0
2026-01-16,BRK-CB-20A,Circuit Breaker 20A,Electrical,1,0
2026-01-17,BRK-CB-20A,Circuit Breaker 20A,Electrical,0,0
2026-01-18,BRK-CB-20A,Circuit Breaker 20A,Electrical,2,0
2026-01-19,BRK-CB-20A,Circuit Breaker 20A,Electrical,1,0
2026-01-20,BRK-CB-20A,Circuit Breaker 20A,Electrical,0,0
2026-01-21,BRK-CB-20A,Circuit Breaker 20A,Electrical,3,0
2026-01-22,BRK-CB-20A,Circuit Breaker 20A,Electrical,1,0
2026-01-23,BRK-CB-20A,Circuit Breaker 20A,Electrical,2,0
2026-01-24,BRK-CB-20A,Circuit Breaker 20A,Electrical,1,0
2026-01-25,BRK-CB-20A,Circuit Breaker 20A,Electrical,1,0
2026-01-26,BRK-CB-20A,Circuit Breaker 20A,Electrical,5,0
2026-01-27,BRK-CB-20A,Circuit Breaker 20A,Electrical,0,0
2026-01-28,BRK-CB-20A,Circuit Breaker 20A,Electrical,2,0
2026-01-29,BRK-CB-20A,Circuit Breaker 20A,Electrical,2,0
2026-01-30,BRK-CB-20A,Circuit Breaker 20A,Electrical,5,0
2026-01-31,BRK-CB-20A,Circuit Breaker 20A,Electrical,0,0
2026-02-01,BRK-CB-20A,Circuit Breaker 20A,Electrical,3,0
2026-02-02,BRK-CB-20A,Circuit Breaker 20A,Electrical,1,0
2026-02-03,BRK-CB-20A,Circuit Breaker 20A,Electrical,0,0
2026-02-04,BRK-CB-20A,Circuit Breaker 20A,Electrical,0,0
2026-02-05,BRK-CB-20A,Circuit Breaker 20A,Electrical,0,0
2026-02-06,BRK-CB-20A,Circuit Breaker 20A,Electrical,0,0
2026-02-07,BRK-CB-20A,Circuit Breaker 20A,Electrical,3,0
2026-02-08,BRK-CB-20A,Circuit Breaker 20A,Electrical,1,0
2026-02-09,BRK-CB-20A,Circuit Breaker 20A,Electrical,2,0
2026-02-10,BRK-CB-20A,Circuit Breaker 20A,Electrical,1,0
2026-02-11,BRK-CB-20A,Circuit Breaker 20A,Electrical,2,0
2026-02-12,BRK-CB-20A,Circuit Breaker 20A,Electrical,1,0
2026-02-13,BRK-CB-20A,Circuit Breaker 20A,Electrical,1,0
2026-02-14,BRK-CB-20A,Circuit Breaker 20A,Electrical,3,0
2026-02-15,BRK-CB-20A,Circuit Breaker 20A,Electrical,3,0
2026-02-16,BRK-CB-20A,Circuit Breaker 20A,Electrical,2,0
2026-02-17,BRK-CB-20A,Circuit Breaker 20A,Electrical,2,0
2026-02-18,BRK-CB-20A,Circuit Breaker 20A,Electrical,0,0
2026-02-19,BRK-CB-20A,Circuit Breaker 20A,Electrical,3,0
2026-02-20,BRK-CB-20A,Circuit Breaker 20A,Electrical,4,0
2026-02-21,BRK-CB-20A,Circuit Breaker 20A,Electrical,1,0
2026-02-22,BRK-CB-20A,Circuit Breaker 20A,Electrical,2,0
2026-02-23,BRK-CB-20A,Circuit Breaker 20A,Electrical,2,0
2026-02-24,BRK-CB-20A,Circuit Breaker 20A,Electrical,2,0
2026-02-25,BRK-CB-20A,Circuit Breaker 20A,Electrical,1,0
2026-02-26,BRK-CB-20A,Circuit Breaker 20A,Electrical,0,0
2026-02-27,BRK-CB-20A,Circuit Breaker 20A,Electrical,1,0
2026-02-28,BRK-CB-20A,Circuit Breaker 20A,Electrical,0,0
2026-03-01,BRK-CB-20A,Circuit Breaker 20A,Electrical,1,0
2026-03-02,BRK-CB-20A,Circuit Breaker 20A,Electrical,0,0
2026-03-03,BRK-CB-20A,Circuit Breaker 20A,Electrical,1,0
2026-03-04,BRK-CB-20A,Circuit Breaker 20A,Electrical,0,0
2026-03-05,BRK-CB-20A,Circuit Breaker 20A,Electrical,2,0
2026-03-06,BRK-CB-20A,Circuit Breaker 20A,Electrical,2,0
2026-03-07,BRK-CB-20A,Circuit Breaker 20A,Electrical,3,0
2026-03-08,BRK-CB-20A,Circuit Breaker 20A,Electrical,0,0
2026-03-09,BRK-CB-20A,Circuit Breaker 20A,Electrical,1,0
2026-03-10,BRK-CB-20A,Circuit Breaker 20A,Electrical,2,0
2026-03-11,BRK-CB-20A,Circuit Breaker 20A,Electrical,1,0
2026-03-12,BRK-CB-20A,Circuit Breaker 20A,Electrical,0,0
2026-03-13,BRK-CB-20A,Circuit Breaker 20A,Electrical,1,0
2026-03-14,BRK-CB-20A,Circuit Breaker 20A,Electrical,0,0
2026-03-15,BRK-CB-20A,Circuit Breaker 20A,Electrical,2,0
2026-03-16,BRK-CB-20A,Circuit Breaker 20A,Electrical,2,0
2026-03-17,BRK-CB-20A,Circuit Breaker 20A,Electrical,0,0
2026-03-18,BRK-CB-20A,Circuit Breaker 20A,Electrical,0,0
2026-03-19,BRK-CB-20A,Circuit Breaker 20A,Electrical,1,0
2026-03-20,BRK-CB-20A,Circuit Breaker 20A,Electrical,1,0
2026-03-21,BRK-CB-20A,Circuit Breaker 20A,Electrical,2,0
2026-03-22,BRK-CB-20A,Circuit Breaker 20A,Electrical,2,0
2026-03-23,BRK-CB-20A,Circuit Breaker 20A,Electrical,2,0
2026-03-24,BRK-CB-20A,Circuit Breaker 20A,Electrical,0,0
2026-03-25,BRK-CB-20A,Circuit Breaker 20A,Electrical,1,0
2026-03-26,BRK-CB-20A,Circuit Breaker 20A,Electrical,0,0
2026-03-27,BRK-CB-20A,Circuit Breaker 20A,Electrical,2,0
2026-03-28,BRK-CB-20A,Circuit Breaker 20A,Electrical,0,0
2026-03-29,BRK-CB-20A,Circuit Breaker 20A,Electrical,3,0
2026-03-30,BRK-CB-20A,Circuit Breaker 20A,Electrical,3,0
2026-03-31,BRK-CB-20A,Circuit Breaker 20A,Electrical,0,0
2026-04-01,BRK-CB-20A,Circuit Breaker 20A,Electrical,0,0
2026-04-02,BRK-CB-20A,Circuit Breaker 20A,Electrical,2,0
2026-04-03,BRK-CB-20A,Circuit Breaker 20A,Electrical,2,0
2026-04-04,BRK-CB-20A,Circuit Breaker 20A,Electrical,3,0
2026-04-05,BRK-CB-20A,Circuit Breaker 20A,Electrical,1,0
2026-04-06,BRK-CB-20A,Circuit Breaker 20A,Electrical,4,0
2026-04-07,BRK-CB-20A,Circuit Breaker 20A,Electrical,2,0
2026-04-08,BRK-CB-20A,Circuit Breaker 20A,Electrical,1,0
2026-04-09,BRK-CB-20A,Circuit Breaker 20A,Electrical,1,0
2026-04-10,BRK-CB-20A,Circuit Breaker 20A,Electrical,0,0
2026-04-11,BRK-CB-20A,Circuit Breaker 20A,Electrical,2,0
2026-04-12,BRK-CB-20A,Circuit Breaker 20A,Electrical,1,0
2026-04-13,BRK-CB-20A,Circuit Breaker 20A,Electrical,0,0
2026-04-14,BRK-CB-20A,Circuit Breaker 20A,Electrical,1,0
2026-04-15,BRK-CB-20A,Circuit Breaker 20A,Electrical,2,0
2026-04-16,BRK-CB-20A,Circuit Breaker 20A,Electrical,0,0
2026-04-17,BRK-CB-20A,Circuit Breaker 20A,Electrical,0,0
2026-04-18,BRK-CB-20A,Circuit Breaker 20A,Electrical,1,0
2026-04-19,BRK-CB-20A,Circuit Breaker 20A,Electrical,1,0
2026-04-20,BRK-CB-20A,Circuit Breaker 20A,Electrical,0,0
2026-04-21,BRK-CB-20A,Circuit Breaker 20A,Electrical,1,0
2026-04-22,BRK-CB-20A,Circuit Breaker 20A,Electrical,0,0
2026-04-23,BRK-CB-20A,Circuit Breaker 20A,Electrical,2,0
2026-04-24,BRK-CB-20A,Circuit Breaker 20A,Electrical,3,0
2026-04-25,BRK-CB-20A,Circuit Breaker 20A,Electrical,0,0
2026-04-26,BRK-CB-20A,Circuit Breaker 20A,Electrical,0,0
2026-04-27,BRK-CB-20A,Circuit Breaker 20A,Electrical,1,0
2026-04-28,BRK-CB-20A,Circuit Breaker 20A,Electrical,0,0
2026-04-29,BRK-CB-20A,Circuit Breaker 20A,Electrical,1,0
2026-04-30,BRK-CB-20A,Circuit Breaker 20A,Electrical,1,0
2026-05-01,BRK-CB-20A,Circuit Breaker 20A,Electrical,2,0
2026-05-02,BRK-CB-20A,Circuit Breaker 20A,Electrical,1,0
2026-05-03,BRK-CB-20A,Circuit Breaker 20A,Electrical,1,0
2026-05-04,BRK-CB-20A,Circuit Breaker 20A,Electrical,0,0
2026-05-05,BRK-CB-20A,Circuit Breaker 20A,Electrical,2,0
2026-05-06,BRK-CB-20A,Circuit Breaker 20A,Electrical,2,0
2026-05-07,BRK-CB-20A,Circuit Breaker 20A,Electrical,1,0
2026-05-08,BRK-CB-20A,Circuit Breaker 20A,Electrical,4,0
2026-05-09,BRK-CB-20A,Circuit Breaker 20A,Electrical,1,1
2026-05-10,BRK-CB-20A,Circuit Breaker 20A,Electrical,3,0
2026-05-11,BRK-CB-20A,Circuit Breaker 20A,Electrical,4,0
2026-05-12,BRK-CB-20A,Circuit Breaker 20A,Electrical,3,0
2026-05-13,BRK-CB-20A,Circuit Breaker 20A,Electrical,2,0
2026-05-14,BRK-CB-20A,Circuit Breaker 20A,Electrical,2,0
2026-05-15,BRK-CB-20A,Circuit Breaker 20A,Electrical,0,0
2024-11-22,SAF-HM-STD,Safety Helmet (Hard Hat),Safety,1,0
2024-11-23,SAF-HM-STD,Safety Helmet (Hard Hat),Safety,3,0
2024-11-24,SAF-HM-STD,Safety Helmet (Hard Hat),Safety,0,0
2024-11-25,SAF-HM-STD,Safety Helmet (Hard Hat),Safety,0,0
2024-11-26,SAF-HM-STD,Safety Helmet (Hard Hat),Safety,1,0
2024-11-27,SAF-HM-STD,Safety Helmet (Hard Hat),Safety,1,0
2024-11-28,SAF-HM-STD,Safety Helmet (Hard Hat),Safety,2,0
2024-11-29,SAF-HM-STD,Safety Helmet (Hard Hat),Safety,3,0
2024-11-30,SAF-HM-STD,Safety Helmet (Hard Hat),Safety,3,0
2024-12-01,SAF-HM-STD,Safety Helmet (Hard Hat),Safety,1,0
2024-12-02,SAF-HM-STD,Safety Helmet (Hard Hat),Safety,1,0
2024-12-03,SAF-HM-STD,Safety Helmet (Hard Hat),Safety,0,0
2024-12-04,SAF-HM-STD,Safety Helmet (Hard Hat),Safety,1,0
2024-12-05,SAF-HM-STD,Safety Helmet (Hard Hat),Safety,0,0
2024-12-06,SAF-HM-STD,Safety Helmet (Hard Hat),Safety,0,0
2024-12-07,SAF-HM-STD,Safety Helmet (Hard Hat),Safety,0,0
2024-12-08,SAF-HM-STD,Safety Helmet (Hard Hat),Safety,0,0
2024-12-09,SAF-HM-STD,Safety Helmet (Hard Hat),Safety,0,0
2024-12-10,SAF-HM-STD,Safety Helmet (Hard Hat),Safety,0,0
2024-12-11,SAF-HM-STD,Safety Helmet (Hard Hat),Safety,0,1
2024-12-12,SAF-HM-STD,Safety Helmet (Hard Hat),Safety,0,0
2024-12-13,SAF-HM-STD,Safety Helmet (Hard Hat),Safety,0,0
2024-12-14,SAF-HM-STD,Safety Helmet (Hard Hat),Safety,5,0
2024-12-15,SAF-HM-STD,Safety Helmet (Hard Hat),Safety,2,0
2024-12-16,SAF-HM-STD,Safety Helmet (Hard Hat),Safety,0,0
2024-12-17,SAF-HM-STD,Safety Helmet (Hard Hat),Safety,1,0
2024-12-18,SAF-HM-STD,Safety Helmet (Hard Hat),Safety,1,0
2024-12-19,SAF-HM-STD,Safety Helmet (Hard Hat),Safety,2,0
2024-12-20,SAF-HM-STD,Safety Helmet (Hard Hat),Safety,3,0
2024-12-21,SAF-HM-STD,Safety Helmet (Hard Hat),Safety,2,0
2024-12-22,SAF-HM-STD,Safety Helmet (Hard Hat),Safety,2,0
2024-12-23,SAF-HM-STD,Safety Helmet (Hard Hat),Safety,3,0
2024-12-24,SAF-HM-STD,Safety Helmet (Hard Hat),Safety,2,0
2024-12-25,SAF-HM-STD,Safety Helmet (Hard Hat),Safety,0,0
2024-12-26,SAF-HM-STD,Safety Helmet (Hard Hat),Safety,1,0
2024-12-27,SAF-HM-STD,Safety Helmet (Hard Hat),Safety,0,0
2024-12-28,SAF-HM-STD,Safety Helmet (Hard Hat),Safety,3,0
2024-12-29,SAF-HM-STD,Safety Helmet (Hard Hat),Safety,0,0
2024-12-30,SAF-HM-STD,Safety Helmet (Hard Hat),Safety,0,0
2024-12-31,SAF-HM-STD,Safety Helmet (Hard Hat),Safety,0,0
2025-01-01,SAF-HM-STD,Safety Helmet (Hard Hat),Safety,0,0
2025-01-02,SAF-HM-STD,Safety Helmet (Hard Hat),Safety,7,0
2025-01-03,SAF-HM-STD,Safety Helmet (Hard Hat),Safety,0,0
2025-01-04,SAF-HM-STD,Safety Helmet (Hard Hat),Safety,0,0
2025-01-05,SAF-HM-STD,Safety Helmet (Hard Hat),Safety,3,0
2025-01-06,SAF-HM-STD,Safety Helmet (Hard Hat),Safety,2,0
2025-01-07,SAF-HM-STD,Safety Helmet (Hard Hat),Safety,0,0
2025-01-08,SAF-HM-STD,Safety Helmet (Hard Hat),Safety,2,0
2025-01-09,SAF-HM-STD,Safety Helmet (Hard Hat),Safety,2,0
2025-01-10,SAF-HM-STD,Safety Helmet (Hard Hat),Safety,1,0
2025-01-11,SAF-HM-STD,Safety Helmet (Hard Hat),Safety,0,0
2025-01-12,SAF-HM-STD,Safety Helmet (Hard Hat),Safety,0,0
2025-01-13,SAF-HM-STD,Safety Helmet (Hard Hat),Safety,1,0
2025-01-14,SAF-HM-STD,Safety Helmet (Hard Hat),Safety,0,0
2025-01-15,SAF-HM-STD,Safety Helmet (Hard Hat),Safety,3,0
2025-01-16,SAF-HM-STD,Safety Helmet (Hard Hat),Safety,2,0
2025-01-17,SAF-HM-STD,Safety Helmet (Hard Hat),Safety,0,0
2025-01-18,SAF-HM-STD,Safety Helmet (Hard Hat),Safety,3,0
2025-01-19,SAF-HM-STD,Safety Helmet (Hard Hat),Safety,0,0
2025-01-20,SAF-HM-STD,Safety Helmet (Hard Hat),Safety,1,0
2025-01-21,SAF-HM-STD,Safety Helmet (Hard Hat),Safety,0,0
2025-01-22,SAF-HM-STD,Safety Helmet (Hard Hat),Safety,0,0
2025-01-23,SAF-HM-STD,Safety Helmet (Hard Hat),Safety,0,0
2025-01-24,SAF-HM-STD,Safety Helmet (Hard Hat),Safety,0,0
2025-01-25,SAF-HM-STD,Safety Helmet (Hard Hat),Safety,1,0
2025-01-26,SAF-HM-STD,Safety Helmet (Hard Hat),Safety,3,0
2025-01-27,SAF-HM-STD,Safety Helmet (Hard Hat),Safety,0,0
2025-01-28,SAF-HM-STD,Safety Helmet (Hard Hat),Safety,1,0
2025-01-29,SAF-HM-STD,Safety Helmet (Hard Hat),Safety,0,0
2025-01-30,SAF-HM-STD,Safety Helmet (Hard Hat),Safety,1,0
2025-01-31,SAF-HM-STD,Safety Helmet (Hard Hat),Safety,0,0
2025-02-01,SAF-HM-STD,Safety Helmet (Hard Hat),Safety,5,0
2025-02-02,SAF-HM-STD,Safety Helmet (Hard Hat),Safety,1,0
2025-02-03,SAF-HM-STD,Safety Helmet (Hard Hat),Safety,2,0
2025-02-04,SAF-HM-STD,Safety Helmet (Hard Hat),Safety,2,0
2025-02-05,SAF-HM-STD,Safety Helmet (Hard Hat),Safety,2,0
2025-02-06,SAF-HM-STD,Safety Helmet (Hard Hat),Safety,3,0
2025-02-07,SAF-HM-STD,Safety Helmet (Hard Hat),Safety,0,0
2025-02-08,SAF-HM-STD,Safety Helmet (Hard Hat),Safety,1,0
2025-02-09,SAF-HM-STD,Safety Helmet (Hard Hat),Safety,1,0
2025-02-10,SAF-HM-STD,Safety Helmet (Hard Hat),Safety,3,0
2025-02-11,SAF-HM-STD,Safety Helmet (Hard Hat),Safety,4,0
2025-02-12,SAF-HM-STD,Safety Helmet (Hard Hat),Safety,2,0
2025-02-13,SAF-HM-STD,Safety Helmet (Hard Hat),Safety,0,0
2025-02-14,SAF-HM-STD,Safety Helmet (Hard Hat),Safety,2,0
2025-02-15,SAF-HM-STD,Safety Helmet (Hard Hat),Safety,0,0
2025-02-16,SAF-HM-STD,Safety Helmet (Hard Hat),Safety,2,0
2025-02-17,SAF-HM-STD,Safety Helmet (Hard Hat),Safety,1,0
2025-02-18,SAF-HM-STD,Safety Helmet (Hard Hat),Safety,1,0
2025-02-19,SAF-HM-STD,Safety Helmet (Hard Hat),Safety,0,0
2025-02-20,SAF-HM-STD,Safety Helmet (Hard Hat),Safety,0,0
2025-02-21,SAF-HM-STD,Safety Helmet (Hard Hat),Safety,0,0
2025-02-22,SAF-HM-STD,Safety Helmet (Hard Hat),Safety,2,0
2025-02-23,SAF-HM-STD,Safety Helmet (Hard Hat),Safety,2,0
2025-02-24,SAF-HM-STD,Safety Helmet (Hard Hat),Safety,0,0
2025-02-25,SAF-HM-STD,Safety Helmet (Hard Hat),Safety,0,0
2025-02-26,SAF-HM-STD,Safety Helmet (Hard Hat),Safety,2,0
2025-02-27,SAF-HM-STD,Safety Helmet (Hard Hat),Safety,2,0
2025-02-28,SAF-HM-STD,Safety Helmet (Hard Hat),Safety,2,0
2025-03-01,SAF-HM-STD,Safety Helmet (Hard Hat),Safety,2,0
2025-03-02,SAF-HM-STD,Safety Helmet (Hard Hat),Safety,3,0
2025-03-03,SAF-HM-STD,Safety Helmet (Hard Hat),Safety,1,0
2025-03-04,SAF-HM-STD,Safety Helmet (Hard Hat),Safety,0,0
2025-03-05,SAF-HM-STD,Safety Helmet (Hard Hat),Safety,1,0
2025-03-06,SAF-HM-STD,Safety Helmet (Hard Hat),Safety,1,0
2025-03-07,SAF-HM-STD,Safety Helmet (Hard Hat),Safety,1,0
2025-03-08,SAF-HM-STD,Safety Helmet (Hard Hat),Safety,5,0
2025-03-09,SAF-HM-STD,Safety Helmet (Hard Hat),Safety,2,0
2025-03-10,SAF-HM-STD,Safety Helmet (Hard Hat),Safety,0,0
2025-03-11,SAF-HM-STD,Safety Helmet (Hard Hat),Safety,3,0
2025-03-12,SAF-HM-STD,Safety Helmet (Hard Hat),Safety,2,0
2025-03-13,SAF-HM-STD,Safety Helmet (Hard Hat),Safety,2,0
2025-03-14,SAF-HM-STD,Safety Helmet (Hard Hat),Safety,1,0
2025-03-15,SAF-HM-STD,Safety Helmet (Hard Hat),Safety,1,0
2025-03-16,SAF-HM-STD,Safety Helmet (Hard Hat),Safety,2,0
2025-03-17,SAF-HM-STD,Safety Helmet (Hard Hat),Safety,0,0
2025-03-18,SAF-HM-STD,Safety Helmet (Hard Hat),Safety,0,0
2025-03-19,SAF-HM-STD,Safety Helmet (Hard Hat),Safety,3,0
2025-03-20,SAF-HM-STD,Safety Helmet (Hard Hat),Safety,0,0
2025-03-21,SAF-HM-STD,Safety Helmet (Hard Hat),Safety,0,0
2025-03-22,SAF-HM-STD,Safety Helmet (Hard Hat),Safety,3,0
2025-03-23,SAF-HM-STD,Safety Helmet (Hard Hat),Safety,3,0
2025-03-24,SAF-HM-STD,Safety Helmet (Hard Hat),Safety,2,0
2025-03-25,SAF-HM-STD,Safety Helmet (Hard Hat),Safety,0,0
2025-03-26,SAF-HM-STD,Safety Helmet (Hard Hat),Safety,1,0
2025-03-27,SAF-HM-STD,Safety Helmet (Hard Hat),Safety,0,0
2025-03-28,SAF-HM-STD,Safety Helmet (Hard Hat),Safety,0,0
2025-03-29,SAF-HM-STD,Safety Helmet (Hard Hat),Safety,2,0
2025-03-30,SAF-HM-STD,Safety Helmet (Hard Hat),Safety,2,0
2025-03-31,SAF-HM-STD,Safety Helmet (Hard Hat),Safety,0,0
2025-04-01,SAF-HM-STD,Safety Helmet (Hard Hat),Safety,1,0
2025-04-02,SAF-HM-STD,Safety Helmet (Hard Hat),Safety,1,0
2025-04-03,SAF-HM-STD,Safety Helmet (Hard Hat),Safety,3,1
2025-04-04,SAF-HM-STD,Safety Helmet (Hard Hat),Safety,2,0
2025-04-05,SAF-HM-STD,Safety Helmet (Hard Hat),Safety,2,0
2025-04-06,SAF-HM-STD,Safety Helmet (Hard Hat),Safety,2,0
2025-04-07,SAF-HM-STD,Safety Helmet (Hard Hat),Safety,0,0
2025-04-08,SAF-HM-STD,Safety Helmet (Hard Hat),Safety,2,0
2025-04-09,SAF-HM-STD,Safety Helmet (Hard Hat),Safety,1,0
2025-04-10,SAF-HM-STD,Safety Helmet (Hard Hat),Safety,1,0
2025-04-11,SAF-HM-STD,Safety Helmet (Hard Hat),Safety,0,0
2025-04-12,SAF-HM-STD,Safety Helmet (Hard Hat),Safety,2,0
2025-04-13,SAF-HM-STD,Safety Helmet (Hard Hat),Safety,0,0
2025-04-14,SAF-HM-STD,Safety Helmet (Hard Hat),Safety,1,0
2025-04-15,SAF-HM-STD,Safety Helmet (Hard Hat),Safety,1,0
2025-04-16,SAF-HM-STD,Safety Helmet (Hard Hat),Safety,1,0
2025-04-17,SAF-HM-STD,Safety Helmet (Hard Hat),Safety,0,0
2025-04-18,SAF-HM-STD,Safety Helmet (Hard Hat),Safety,1,0
2025-04-19,SAF-HM-STD,Safety Helmet (Hard Hat),Safety,1,0
2025-04-20,SAF-HM-STD,Safety Helmet (Hard Hat),Safety,0,0
2025-04-21,SAF-HM-STD,Safety Helmet (Hard Hat),Safety,1,0
2025-04-22,SAF-HM-STD,Safety Helmet (Hard Hat),Safety,0,0
2025-04-23,SAF-HM-STD,Safety Helmet (Hard Hat),Safety,2,0
2025-04-24,SAF-HM-STD,Safety Helmet (Hard Hat),Safety,0,0
2025-04-25,SAF-HM-STD,Safety Helmet (Hard Hat),Safety,0,0
2025-04-26,SAF-HM-STD,Safety Helmet (Hard Hat),Safety,2,0
2025-04-27,SAF-HM-STD,Safety Helmet (Hard Hat),Safety,0,0
2025-04-28,SAF-HM-STD,Safety Helmet (Hard Hat),Safety,1,0
2025-04-29,SAF-HM-STD,Safety Helmet (Hard Hat),Safety,2,0
2025-04-30,SAF-HM-STD,Safety Helmet (Hard Hat),Safety,2,0
2025-05-01,SAF-HM-STD,Safety Helmet (Hard Hat),Safety,2,0
2025-05-02,SAF-HM-STD,Safety Helmet (Hard Hat),Safety,0,0
2025-05-03,SAF-HM-STD,Safety Helmet (Hard Hat),Safety,1,0
2025-05-04,SAF-HM-STD,Safety Helmet (Hard Hat),Safety,0,0
2025-05-05,SAF-HM-STD,Safety Helmet (Hard Hat),Safety,1,0
2025-05-06,SAF-HM-STD,Safety Helmet (Hard Hat),Safety,0,0
2025-05-07,SAF-HM-STD,Safety Helmet (Hard Hat),Safety,3,0
2025-05-08,SAF-HM-STD,Safety Helmet (Hard Hat),Safety,1,0
2025-05-09,SAF-HM-STD,Safety Helmet (Hard Hat),Safety,1,0
2025-05-10,SAF-HM-STD,Safety Helmet (Hard Hat),Safety,0,0
2025-05-11,SAF-HM-STD,Safety Helmet (Hard Hat),Safety,1,0
2025-05-12,SAF-HM-STD,Safety Helmet (Hard Hat),Safety,1,0
2025-05-13,SAF-HM-STD,Safety Helmet (Hard Hat),Safety,4,1
2025-05-14,SAF-HM-STD,Safety Helmet (Hard Hat),Safety,0,0
2025-05-15,SAF-HM-STD,Safety Helmet (Hard Hat),Safety,2,0
2025-05-16,SAF-HM-STD,Safety Helmet (Hard Hat),Safety,2,0
2025-05-17,SAF-HM-STD,Safety Helmet (Hard Hat),Safety,0,0
2025-05-18,SAF-HM-STD,Safety Helmet (Hard Hat),Safety,0,0
2025-05-19,SAF-HM-STD,Safety Helmet (Hard Hat),Safety,0,0
2025-05-20,SAF-HM-STD,Safety Helmet (Hard Hat),Safety,2,0
2025-05-21,SAF-HM-STD,Safety Helmet (Hard Hat),Safety,1,0
2025-05-22,SAF-HM-STD,Safety Helmet (Hard Hat),Safety,0,0
2025-05-23,SAF-HM-STD,Safety Helmet (Hard Hat),Safety,1,0
2025-05-24,SAF-HM-STD,Safety Helmet (Hard Hat),Safety,0,0
2025-05-25,SAF-HM-STD,Safety Helmet (Hard Hat),Safety,2,0
2025-05-26,SAF-HM-STD,Safety Helmet (Hard Hat),Safety,5,0
2025-05-27,SAF-HM-STD,Safety Helmet (Hard Hat),Safety,0,0
2025-05-28,SAF-HM-STD,Safety Helmet (Hard Hat),Safety,3,0
2025-05-29,SAF-HM-STD,Safety Helmet (Hard Hat),Safety,6,0
2025-05-30,SAF-HM-STD,Safety Helmet (Hard Hat),Safety,0,0
2025-05-31,SAF-HM-STD,Safety Helmet (Hard Hat),Safety,0,0
2025-06-01,SAF-HM-STD,Safety Helmet (Hard Hat),Safety,2,0
2025-06-02,SAF-HM-STD,Safety Helmet (Hard Hat),Safety,0,0
2025-06-03,SAF-HM-STD,Safety Helmet (Hard Hat),Safety,0,0
2025-06-04,SAF-HM-STD,Safety Helmet (Hard Hat),Safety,0,0
2025-06-05,SAF-HM-STD,Safety Helmet (Hard Hat),Safety,1,0
2025-06-06,SAF-HM-STD,Safety Helmet (Hard Hat),Safety,1,0
2025-06-07,SAF-HM-STD,Safety Helmet (Hard Hat),Safety,1,0
2025-06-08,SAF-HM-STD,Safety Helmet (Hard Hat),Safety,0,0
2025-06-09,SAF-HM-STD,Safety Helmet (Hard Hat),Safety,0,0
2025-06-10,SAF-HM-STD,Safety Helmet (Hard Hat),Safety,0,0
2025-06-11,SAF-HM-STD,Safety Helmet (Hard Hat),Safety,2,0
2025-06-12,SAF-HM-STD,Safety Helmet (Hard Hat),Safety,0,0
2025-06-13,SAF-HM-STD,Safety Helmet (Hard Hat),Safety,0,0
2025-06-14,SAF-HM-STD,Safety Helmet (Hard Hat),Safety,2,0
2025-06-15,SAF-HM-STD,Safety Helmet (Hard Hat),Safety,2,0
2025-06-16,SAF-HM-STD,Safety Helmet (Hard Hat),Safety,0,0
2025-06-17,SAF-HM-STD,Safety Helmet (Hard Hat),Safety,1,0
2025-06-18,SAF-HM-STD,Safety Helmet (Hard Hat),Safety,2,0
2025-06-19,SAF-HM-STD,Safety Helmet (Hard Hat),Safety,0,0
2025-06-20,SAF-HM-STD,Safety Helmet (Hard Hat),Safety,0,0
2025-06-21,SAF-HM-STD,Safety Helmet (Hard Hat),Safety,0,0
2025-06-22,SAF-HM-STD,Safety Helmet (Hard Hat),Safety,0,0
2025-06-23,SAF-HM-STD,Safety Helmet (Hard Hat),Safety,1,0
2025-06-24,SAF-HM-STD,Safety Helmet (Hard Hat),Safety,1,0
2025-06-25,SAF-HM-STD,Safety Helmet (Hard Hat),Safety,1,0
2025-06-26,SAF-HM-STD,Safety Helmet (Hard Hat),Safety,2,0
2025-06-27,SAF-HM-STD,Safety Helmet (Hard Hat),Safety,0,0
2025-06-28,SAF-HM-STD,Safety Helmet (Hard Hat),Safety,3,0
2025-06-29,SAF-HM-STD,Safety Helmet (Hard Hat),Safety,1,0
2025-06-30,SAF-HM-STD,Safety Helmet (Hard Hat),Safety,2,0
2025-07-01,SAF-HM-STD,Safety Helmet (Hard Hat),Safety,1,0
2025-07-02,SAF-HM-STD,Safety Helmet (Hard Hat),Safety,0,0
2025-07-03,SAF-HM-STD,Safety Helmet (Hard Hat),Safety,1,0
2025-07-04,SAF-HM-STD,Safety Helmet (Hard Hat),Safety,1,0
2025-07-05,SAF-HM-STD,Safety Helmet (Hard Hat),Safety,1,0
2025-07-06,SAF-HM-STD,Safety Helmet (Hard Hat),Safety,0,0
2025-07-07,SAF-HM-STD,Safety Helmet (Hard Hat),Safety,0,0
2025-07-08,SAF-HM-STD,Safety Helmet (Hard Hat),Safety,0,0
2025-07-09,SAF-HM-STD,Safety Helmet (Hard Hat),Safety,0,0
2025-07-10,SAF-HM-STD,Safety Helmet (Hard Hat),Safety,0,0
2025-07-11,SAF-HM-STD,Safety Helmet (Hard Hat),Safety,0,0
2025-07-12,SAF-HM-STD,Safety Helmet (Hard Hat),Safety,3,0
2025-07-13,SAF-HM-STD,Safety Helmet (Hard Hat),Safety,0,0
2025-07-14,SAF-HM-STD,Safety Helmet (Hard Hat),Safety,1,0
2025-07-15,SAF-HM-STD,Safety Helmet (Hard Hat),Safety,1,0
2025-07-16,SAF-HM-STD,Safety Helmet (Hard Hat),Safety,2,0
2025-07-17,SAF-HM-STD,Safety Helmet (Hard Hat),Safety,0,0
2025-07-18,SAF-HM-STD,Safety Helmet (Hard Hat),Safety,0,0
2025-07-19,SAF-HM-STD,Safety Helmet (Hard Hat),Safety,2,0
2025-07-20,SAF-HM-STD,Safety Helmet (Hard Hat),Safety,0,0
2025-07-21,SAF-HM-STD,Safety Helmet (Hard Hat),Safety,0,0
2025-07-22,SAF-HM-STD,Safety Helmet (Hard Hat),Safety,1,0
2025-07-23,SAF-HM-STD,Safety Helmet (Hard Hat),Safety,1,0
2025-07-24,SAF-HM-STD,Safety Helmet (Hard Hat),Safety,0,0
2025-07-25,SAF-HM-STD,Safety Helmet (Hard Hat),Safety,1,0
2025-07-26,SAF-HM-STD,Safety Helmet (Hard Hat),Safety,3,0
2025-07-27,SAF-HM-STD,Safety Helmet (Hard Hat),Safety,1,0
2025-07-28,SAF-HM-STD,Safety Helmet (Hard Hat),Safety,3,0
2025-07-29,SAF-HM-STD,Safety Helmet (Hard Hat),Safety,0,0
2025-07-30,SAF-HM-STD,Safety Helmet (Hard Hat),Safety,3,0
2025-07-31,SAF-HM-STD,Safety Helmet (Hard Hat),Safety,2,0
2025-08-01,SAF-HM-STD,Safety Helmet (Hard Hat),Safety,0,0
2025-08-02,SAF-HM-STD,Safety Helmet (Hard Hat),Safety,0,0
2025-08-03,SAF-HM-STD,Safety Helmet (Hard Hat),Safety,0,0
2025-08-04,SAF-HM-STD,Safety Helmet (Hard Hat),Safety,0,0
2025-08-05,SAF-HM-STD,Safety Helmet (Hard Hat),Safety,0,0
2025-08-06,SAF-HM-STD,Safety Helmet (Hard Hat),Safety,0,0
2025-08-07,SAF-HM-STD,Safety Helmet (Hard Hat),Safety,1,0
2025-08-08,SAF-HM-STD,Safety Helmet (Hard Hat),Safety,0,0
2025-08-09,SAF-HM-STD,Safety Helmet (Hard Hat),Safety,1,0
2025-08-10,SAF-HM-STD,Safety Helmet (Hard Hat),Safety,2,0
2025-08-11,SAF-HM-STD,Safety Helmet (Hard Hat),Safety,0,0
2025-08-12,SAF-HM-STD,Safety Helmet (Hard Hat),Safety,3,0
2025-08-13,SAF-HM-STD,Safety Helmet (Hard Hat),Safety,0,0
2025-08-14,SAF-HM-STD,Safety Helmet (Hard Hat),Safety,1,0
2025-08-15,SAF-HM-STD,Safety Helmet (Hard Hat),Safety,0,0
2025-08-16,SAF-HM-STD,Safety Helmet (Hard Hat),Safety,4,0
2025-08-17,SAF-HM-STD,Safety Helmet (Hard Hat),Safety,0,0
2025-08-18,SAF-HM-STD,Safety Helmet (Hard Hat),Safety,0,0
2025-08-19,SAF-HM-STD,Safety Helmet (Hard Hat),Safety,0,0
2025-08-20,SAF-HM-STD,Safety Helmet (Hard Hat),Safety,1,0
2025-08-21,SAF-HM-STD,Safety Helmet (Hard Hat),Safety,2,0
2025-08-22,SAF-HM-STD,Safety Helmet (Hard Hat),Safety,1,0
2025-08-23,SAF-HM-STD,Safety Helmet (Hard Hat),Safety,1,0
2025-08-24,SAF-HM-STD,Safety Helmet (Hard Hat),Safety,2,0
2025-08-25,SAF-HM-STD,Safety Helmet (Hard Hat),Safety,0,0
2025-08-26,SAF-HM-STD,Safety Helmet (Hard Hat),Safety,0,0
2025-08-27,SAF-HM-STD,Safety Helmet (Hard Hat),Safety,1,0
2025-08-28,SAF-HM-STD,Safety Helmet (Hard Hat),Safety,0,0
2025-08-29,SAF-HM-STD,Safety Helmet (Hard Hat),Safety,1,0
2025-08-30,SAF-HM-STD,Safety Helmet (Hard Hat),Safety,0,0
2025-08-31,SAF-HM-STD,Safety Helmet (Hard Hat),Safety,0,0
2025-09-01,SAF-HM-STD,Safety Helmet (Hard Hat),Safety,0,0
2025-09-02,SAF-HM-STD,Safety Helmet (Hard Hat),Safety,2,0
2025-09-03,SAF-HM-STD,Safety Helmet (Hard Hat),Safety,3,0
2025-09-04,SAF-HM-STD,Safety Helmet (Hard Hat),Safety,0,0
2025-09-05,SAF-HM-STD,Safety Helmet (Hard Hat),Safety,0,0
2025-09-06,SAF-HM-STD,Safety Helmet (Hard Hat),Safety,1,0
2025-09-07,SAF-HM-STD,Safety Helmet (Hard Hat),Safety,3,0
2025-09-08,SAF-HM-STD,Safety Helmet (Hard Hat),Safety,0,0
2025-09-09,SAF-HM-STD,Safety Helmet (Hard Hat),Safety,0,0
2025-09-10,SAF-HM-STD,Safety Helmet (Hard Hat),Safety,2,0
2025-09-11,SAF-HM-STD,Safety Helmet (Hard Hat),Safety,3,0
2025-09-12,SAF-HM-STD,Safety Helmet (Hard Hat),Safety,1,0
2025-09-13,SAF-HM-STD,Safety Helmet (Hard Hat),Safety,1,0
2025-09-14,SAF-HM-STD,Safety Helmet (Hard Hat),Safety,2,0
2025-09-15,SAF-HM-STD,Safety Helmet (Hard Hat),Safety,0,0
2025-09-16,SAF-HM-STD,Safety Helmet (Hard Hat),Safety,0,0
2025-09-17,SAF-HM-STD,Safety Helmet (Hard Hat),Safety,1,0
2025-09-18,SAF-HM-STD,Safety Helmet (Hard Hat),Safety,0,0
2025-09-19,SAF-HM-STD,Safety Helmet (Hard Hat),Safety,0,0
2025-09-20,SAF-HM-STD,Safety Helmet (Hard Hat),Safety,0,0
2025-09-21,SAF-HM-STD,Safety Helmet (Hard Hat),Safety,1,0
2025-09-22,SAF-HM-STD,Safety Helmet (Hard Hat),Safety,3,0
2025-09-23,SAF-HM-STD,Safety Helmet (Hard Hat),Safety,0,0
2025-09-24,SAF-HM-STD,Safety Helmet (Hard Hat),Safety,0,0
2025-09-25,SAF-HM-STD,Safety Helmet (Hard Hat),Safety,0,0
2025-09-26,SAF-HM-STD,Safety Helmet (Hard Hat),Safety,3,0
2025-09-27,SAF-HM-STD,Safety Helmet (Hard Hat),Safety,0,0
2025-09-28,SAF-HM-STD,Safety Helmet (Hard Hat),Safety,2,0
2025-09-29,SAF-HM-STD,Safety Helmet (Hard Hat),Safety,3,0
2025-09-30,SAF-HM-STD,Safety Helmet (Hard Hat),Safety,0,0
2025-10-01,SAF-HM-STD,Safety Helmet (Hard Hat),Safety,2,0
2025-10-02,SAF-HM-STD,Safety Helmet (Hard Hat),Safety,2,0
2025-10-03,SAF-HM-STD,Safety Helmet (Hard Hat),Safety,0,0
2025-10-04,SAF-HM-STD,Safety Helmet (Hard Hat),Safety,3,0
2025-10-05,SAF-HM-STD,Safety Helmet (Hard Hat),Safety,1,0
2025-10-06,SAF-HM-STD,Safety Helmet (Hard Hat),Safety,0,0
2025-10-07,SAF-HM-STD,Safety Helmet (Hard Hat),Safety,3,0
2025-10-08,SAF-HM-STD,Safety Helmet (Hard Hat),Safety,3,0
2025-10-09,SAF-HM-STD,Safety Helmet (Hard Hat),Safety,1,0
2025-10-10,SAF-HM-STD,Safety Helmet (Hard Hat),Safety,0,0
2025-10-11,SAF-HM-STD,Safety Helmet (Hard Hat),Safety,2,0
2025-10-12,SAF-HM-STD,Safety Helmet (Hard Hat),Safety,0,0
2025-10-13,SAF-HM-STD,Safety Helmet (Hard Hat),Safety,0,0
2025-10-14,SAF-HM-STD,Safety Helmet (Hard Hat),Safety,0,0
2025-10-15,SAF-HM-STD,Safety Helmet (Hard Hat),Safety,1,0
2025-10-16,SAF-HM-STD,Safety Helmet (Hard Hat),Safety,0,0
2025-10-17,SAF-HM-STD,Safety Helmet (Hard Hat),Safety,1,0
2025-10-18,SAF-HM-STD,Safety Helmet (Hard Hat),Safety,3,0
2025-10-19,SAF-HM-STD,Safety Helmet (Hard Hat),Safety,1,0
2025-10-20,SAF-HM-STD,Safety Helmet (Hard Hat),Safety,0,0
2025-10-21,SAF-HM-STD,Safety Helmet (Hard Hat),Safety,0,0
2025-10-22,SAF-HM-STD,Safety Helmet (Hard Hat),Safety,0,0
2025-10-23,SAF-HM-STD,Safety Helmet (Hard Hat),Safety,2,0
2025-10-24,SAF-HM-STD,Safety Helmet (Hard Hat),Safety,0,0
2025-10-25,SAF-HM-STD,Safety Helmet (Hard Hat),Safety,3,0
2025-10-26,SAF-HM-STD,Safety Helmet (Hard Hat),Safety,0,0
2025-10-27,SAF-HM-STD,Safety Helmet (Hard Hat),Safety,1,0
2025-10-28,SAF-HM-STD,Safety Helmet (Hard Hat),Safety,0,0
2025-10-29,SAF-HM-STD,Safety Helmet (Hard Hat),Safety,2,0
2025-10-30,SAF-HM-STD,Safety Helmet (Hard Hat),Safety,0,0
2025-10-31,SAF-HM-STD,Safety Helmet (Hard Hat),Safety,1,0
2025-11-01,SAF-HM-STD,Safety Helmet (Hard Hat),Safety,0,0
2025-11-02,SAF-HM-STD,Safety Helmet (Hard Hat),Safety,0,0
2025-11-03,SAF-HM-STD,Safety Helmet (Hard Hat),Safety,0,0
2025-11-04,SAF-HM-STD,Safety Helmet (Hard Hat),Safety,4,0
2025-11-05,SAF-HM-STD,Safety Helmet (Hard Hat),Safety,0,0
2025-11-06,SAF-HM-STD,Safety Helmet (Hard Hat),Safety,2,0
2025-11-07,SAF-HM-STD,Safety Helmet (Hard Hat),Safety,1,0
2025-11-08,SAF-HM-STD,Safety Helmet (Hard Hat),Safety,0,0
2025-11-09,SAF-HM-STD,Safety Helmet (Hard Hat),Safety,2,0
2025-11-10,SAF-HM-STD,Safety Helmet (Hard Hat),Safety,0,0
2025-11-11,SAF-HM-STD,Safety Helmet (Hard Hat),Safety,2,0
2025-11-12,SAF-HM-STD,Safety Helmet (Hard Hat),Safety,0,0
2025-11-13,SAF-HM-STD,Safety Helmet (Hard Hat),Safety,0,0
2025-11-14,SAF-HM-STD,Safety Helmet (Hard Hat),Safety,0,0
2025-11-15,SAF-HM-STD,Safety Helmet (Hard Hat),Safety,4,0
2025-11-16,SAF-HM-STD,Safety Helmet (Hard Hat),Safety,0,0
2025-11-17,SAF-HM-STD,Safety Helmet (Hard Hat),Safety,0,0
2025-11-18,SAF-HM-STD,Safety Helmet (Hard Hat),Safety,3,0
2025-11-19,SAF-HM-STD,Safety Helmet (Hard Hat),Safety,0,0
2025-11-20,SAF-HM-STD,Safety Helmet (Hard Hat),Safety,1,0
2025-11-21,SAF-HM-STD,Safety Helmet (Hard Hat),Safety,2,0
2025-11-22,SAF-HM-STD,Safety Helmet (Hard Hat),Safety,1,0
2025-11-23,SAF-HM-STD,Safety Helmet (Hard Hat),Safety,1,0
2025-11-24,SAF-HM-STD,Safety Helmet (Hard Hat),Safety,0,0
2025-11-25,SAF-HM-STD,Safety Helmet (Hard Hat),Safety,3,0
2025-11-26,SAF-HM-STD,Safety Helmet (Hard Hat),Safety,0,0
2025-11-27,SAF-HM-STD,Safety Helmet (Hard Hat),Safety,3,0
2025-11-28,SAF-HM-STD,Safety Helmet (Hard Hat),Safety,0,0
2025-11-29,SAF-HM-STD,Safety Helmet (Hard Hat),Safety,2,0
2025-11-30,SAF-HM-STD,Safety Helmet (Hard Hat),Safety,0,0
2025-12-01,SAF-HM-STD,Safety Helmet (Hard Hat),Safety,3,0
2025-12-02,SAF-HM-STD,Safety Helmet (Hard Hat),Safety,4,0
2025-12-03,SAF-HM-STD,Safety Helmet (Hard Hat),Safety,2,0
2025-12-04,SAF-HM-STD,Safety Helmet (Hard Hat),Safety,0,0
2025-12-05,SAF-HM-STD,Safety Helmet (Hard Hat),Safety,0,0
2025-12-06,SAF-HM-STD,Safety Helmet (Hard Hat),Safety,2,0
2025-12-07,SAF-HM-STD,Safety Helmet (Hard Hat),Safety,2,0
2025-12-08,SAF-HM-STD,Safety Helmet (Hard Hat),Safety,0,0
2025-12-09,SAF-HM-STD,Safety Helmet (Hard Hat),Safety,1,0
2025-12-10,SAF-HM-STD,Safety Helmet (Hard Hat),Safety,3,0
2025-12-11,SAF-HM-STD,Safety Helmet (Hard Hat),Safety,0,0
2025-12-12,SAF-HM-STD,Safety Helmet (Hard Hat),Safety,1,0
2025-12-13,SAF-HM-STD,Safety Helmet (Hard Hat),Safety,1,0
2025-12-14,SAF-HM-STD,Safety Helmet (Hard Hat),Safety,0,0
2025-12-15,SAF-HM-STD,Safety Helmet (Hard Hat),Safety,4,0
2025-12-16,SAF-HM-STD,Safety Helmet (Hard Hat),Safety,3,0
2025-12-17,SAF-HM-STD,Safety Helmet (Hard Hat),Safety,1,0
2025-12-18,SAF-HM-STD,Safety Helmet (Hard Hat),Safety,2,0
2025-12-19,SAF-HM-STD,Safety Helmet (Hard Hat),Safety,0,0
2025-12-20,SAF-HM-STD,Safety Helmet (Hard Hat),Safety,1,0
2025-12-21,SAF-HM-STD,Safety Helmet (Hard Hat),Safety,2,0
2025-12-22,SAF-HM-STD,Safety Helmet (Hard Hat),Safety,0,0
2025-12-23,SAF-HM-STD,Safety Helmet (Hard Hat),Safety,1,0
2025-12-24,SAF-HM-STD,Safety Helmet (Hard Hat),Safety,0,0
2025-12-25,SAF-HM-STD,Safety Helmet (Hard Hat),Safety,0,0
2025-12-26,SAF-HM-STD,Safety Helmet (Hard Hat),Safety,0,0
2025-12-27,SAF-HM-STD,Safety Helmet (Hard Hat),Safety,2,0
2025-12-28,SAF-HM-STD,Safety Helmet (Hard Hat),Safety,5,0
2025-12-29,SAF-HM-STD,Safety Helmet (Hard Hat),Safety,1,0
2025-12-30,SAF-HM-STD,Safety Helmet (Hard Hat),Safety,3,1
2025-12-31,SAF-HM-STD,Safety Helmet (Hard Hat),Safety,0,0
2026-01-01,SAF-HM-STD,Safety Helmet (Hard Hat),Safety,4,0
2026-01-02,SAF-HM-STD,Safety Helmet (Hard Hat),Safety,2,0
2026-01-03,SAF-HM-STD,Safety Helmet (Hard Hat),Safety,1,0
2026-01-04,SAF-HM-STD,Safety Helmet (Hard Hat),Safety,0,0
2026-01-05,SAF-HM-STD,Safety Helmet (Hard Hat),Safety,0,0
2026-01-06,SAF-HM-STD,Safety Helmet (Hard Hat),Safety,3,0
2026-01-07,SAF-HM-STD,Safety Helmet (Hard Hat),Safety,4,1
2026-01-08,SAF-HM-STD,Safety Helmet (Hard Hat),Safety,4,0
2026-01-09,SAF-HM-STD,Safety Helmet (Hard Hat),Safety,0,0
2026-01-10,SAF-HM-STD,Safety Helmet (Hard Hat),Safety,4,0
2026-01-11,SAF-HM-STD,Safety Helmet (Hard Hat),Safety,3,0
2026-01-12,SAF-HM-STD,Safety Helmet (Hard Hat),Safety,1,0
2026-01-13,SAF-HM-STD,Safety Helmet (Hard Hat),Safety,1,0
2026-01-14,SAF-HM-STD,Safety Helmet (Hard Hat),Safety,0,0
2026-01-15,SAF-HM-STD,Safety Helmet (Hard Hat),Safety,1,0
2026-01-16,SAF-HM-STD,Safety Helmet (Hard Hat),Safety,2,0
2026-01-17,SAF-HM-STD,Safety Helmet (Hard Hat),Safety,0,0
2026-01-18,SAF-HM-STD,Safety Helmet (Hard Hat),Safety,2,0
2026-01-19,SAF-HM-STD,Safety Helmet (Hard Hat),Safety,0,0
2026-01-20,SAF-HM-STD,Safety Helmet (Hard Hat),Safety,0,0
2026-01-21,SAF-HM-STD,Safety Helmet (Hard Hat),Safety,1,0
2026-01-22,SAF-HM-STD,Safety Helmet (Hard Hat),Safety,0,0
2026-01-23,SAF-HM-STD,Safety Helmet (Hard Hat),Safety,2,0
2026-01-24,SAF-HM-STD,Safety Helmet (Hard Hat),Safety,0,0
2026-01-25,SAF-HM-STD,Safety Helmet (Hard Hat),Safety,3,0
2026-01-26,SAF-HM-STD,Safety Helmet (Hard Hat),Safety,0,0
2026-01-27,SAF-HM-STD,Safety Helmet (Hard Hat),Safety,4,0
2026-01-28,SAF-HM-STD,Safety Helmet (Hard Hat),Safety,2,0
2026-01-29,SAF-HM-STD,Safety Helmet (Hard Hat),Safety,2,0
2026-01-30,SAF-HM-STD,Safety Helmet (Hard Hat),Safety,1,0
2026-01-31,SAF-HM-STD,Safety Helmet (Hard Hat),Safety,0,0
2026-02-01,SAF-HM-STD,Safety Helmet (Hard Hat),Safety,0,0
2026-02-02,SAF-HM-STD,Safety Helmet (Hard Hat),Safety,2,0
2026-02-03,SAF-HM-STD,Safety Helmet (Hard Hat),Safety,4,1
2026-02-04,SAF-HM-STD,Safety Helmet (Hard Hat),Safety,1,0
2026-02-05,SAF-HM-STD,Safety Helmet (Hard Hat),Safety,0,0
2026-02-06,SAF-HM-STD,Safety Helmet (Hard Hat),Safety,3,0
2026-02-07,SAF-HM-STD,Safety Helmet (Hard Hat),Safety,3,0
2026-02-08,SAF-HM-STD,Safety Helmet (Hard Hat),Safety,2,0
2026-02-09,SAF-HM-STD,Safety Helmet (Hard Hat),Safety,0,0
2026-02-10,SAF-HM-STD,Safety Helmet (Hard Hat),Safety,0,0
2026-02-11,SAF-HM-STD,Safety Helmet (Hard Hat),Safety,2,0
2026-02-12,SAF-HM-STD,Safety Helmet (Hard Hat),Safety,1,0
2026-02-13,SAF-HM-STD,Safety Helmet (Hard Hat),Safety,1,0
2026-02-14,SAF-HM-STD,Safety Helmet (Hard Hat),Safety,5,0
2026-02-15,SAF-HM-STD,Safety Helmet (Hard Hat),Safety,2,0
2026-02-16,SAF-HM-STD,Safety Helmet (Hard Hat),Safety,0,0
2026-02-17,SAF-HM-STD,Safety Helmet (Hard Hat),Safety,0,0
2026-02-18,SAF-HM-STD,Safety Helmet (Hard Hat),Safety,0,0
2026-02-19,SAF-HM-STD,Safety Helmet (Hard Hat),Safety,2,0
2026-02-20,SAF-HM-STD,Safety Helmet (Hard Hat),Safety,5,0
2026-02-21,SAF-HM-STD,Safety Helmet (Hard Hat),Safety,0,0
2026-02-22,SAF-HM-STD,Safety Helmet (Hard Hat),Safety,0,0
2026-02-23,SAF-HM-STD,Safety Helmet (Hard Hat),Safety,0,0
2026-02-24,SAF-HM-STD,Safety Helmet (Hard Hat),Safety,1,0
2026-02-25,SAF-HM-STD,Safety Helmet (Hard Hat),Safety,4,0
2026-02-26,SAF-HM-STD,Safety Helmet (Hard Hat),Safety,0,0
2026-02-27,SAF-HM-STD,Safety Helmet (Hard Hat),Safety,0,0
2026-02-28,SAF-HM-STD,Safety Helmet (Hard Hat),Safety,0,0
2026-03-01,SAF-HM-STD,Safety Helmet (Hard Hat),Safety,4,0
2026-03-02,SAF-HM-STD,Safety Helmet (Hard Hat),Safety,1,0
2026-03-03,SAF-HM-STD,Safety Helmet (Hard Hat),Safety,3,0
2026-03-04,SAF-HM-STD,Safety Helmet (Hard Hat),Safety,2,0
2026-03-05,SAF-HM-STD,Safety Helmet (Hard Hat),Safety,1,0
2026-03-06,SAF-HM-STD,Safety Helmet (Hard Hat),Safety,3,0
2026-03-07,SAF-HM-STD,Safety Helmet (Hard Hat),Safety,1,0
2026-03-08,SAF-HM-STD,Safety Helmet (Hard Hat),Safety,0,0
2026-03-09,SAF-HM-STD,Safety Helmet (Hard Hat),Safety,2,0
2026-03-10,SAF-HM-STD,Safety Helmet (Hard Hat),Safety,0,0
2026-03-11,SAF-HM-STD,Safety Helmet (Hard Hat),Safety,0,0
2026-03-12,SAF-HM-STD,Safety Helmet (Hard Hat),Safety,1,0
2026-03-13,SAF-HM-STD,Safety Helmet (Hard Hat),Safety,3,0
2026-03-14,SAF-HM-STD,Safety Helmet (Hard Hat),Safety,2,0
2026-03-15,SAF-HM-STD,Safety Helmet (Hard Hat),Safety,0,0
2026-03-16,SAF-HM-STD,Safety Helmet (Hard Hat),Safety,0,0
2026-03-17,SAF-HM-STD,Safety Helmet (Hard Hat),Safety,0,0
2026-03-18,SAF-HM-STD,Safety Helmet (Hard Hat),Safety,0,0
2026-03-19,SAF-HM-STD,Safety Helmet (Hard Hat),Safety,2,0
2026-03-20,SAF-HM-STD,Safety Helmet (Hard Hat),Safety,0,0
2026-03-21,SAF-HM-STD,Safety Helmet (Hard Hat),Safety,0,0
2026-03-22,SAF-HM-STD,Safety Helmet (Hard Hat),Safety,2,0
2026-03-23,SAF-HM-STD,Safety Helmet (Hard Hat),Safety,1,0
2026-03-24,SAF-HM-STD,Safety Helmet (Hard Hat),Safety,1,0
2026-03-25,SAF-HM-STD,Safety Helmet (Hard Hat),Safety,0,0
2026-03-26,SAF-HM-STD,Safety Helmet (Hard Hat),Safety,0,0
2026-03-27,SAF-HM-STD,Safety Helmet (Hard Hat),Safety,0,0
2026-03-28,SAF-HM-STD,Safety Helmet (Hard Hat),Safety,1,0
2026-03-29,SAF-HM-STD,Safety Helmet (Hard Hat),Safety,1,0
2026-03-30,SAF-HM-STD,Safety Helmet (Hard Hat),Safety,0,0
2026-03-31,SAF-HM-STD,Safety Helmet (Hard Hat),Safety,2,0
2026-04-01,SAF-HM-STD,Safety Helmet (Hard Hat),Safety,0,0
2026-04-02,SAF-HM-STD,Safety Helmet (Hard Hat),Safety,0,0
2026-04-03,SAF-HM-STD,Safety Helmet (Hard Hat),Safety,0,0
2026-04-04,SAF-HM-STD,Safety Helmet (Hard Hat),Safety,0,0
2026-04-05,SAF-HM-STD,Safety Helmet (Hard Hat),Safety,5,0
2026-04-06,SAF-HM-STD,Safety Helmet (Hard Hat),Safety,1,0
2026-04-07,SAF-HM-STD,Safety Helmet (Hard Hat),Safety,0,0
2026-04-08,SAF-HM-STD,Safety Helmet (Hard Hat),Safety,0,0
2026-04-09,SAF-HM-STD,Safety Helmet (Hard Hat),Safety,0,0
2026-04-10,SAF-HM-STD,Safety Helmet (Hard Hat),Safety,0,0
2026-04-11,SAF-HM-STD,Safety Helmet (Hard Hat),Safety,1,0
2026-04-12,SAF-HM-STD,Safety Helmet (Hard Hat),Safety,2,0
2026-04-13,SAF-HM-STD,Safety Helmet (Hard Hat),Safety,0,0
2026-04-14,SAF-HM-STD,Safety Helmet (Hard Hat),Safety,3,0
2026-04-15,SAF-HM-STD,Safety Helmet (Hard Hat),Safety,1,0
2026-04-16,SAF-HM-STD,Safety Helmet (Hard Hat),Safety,2,0
2026-04-17,SAF-HM-STD,Safety Helmet (Hard Hat),Safety,0,0
2026-04-18,SAF-HM-STD,Safety Helmet (Hard Hat),Safety,1,0
2026-04-19,SAF-HM-STD,Safety Helmet (Hard Hat),Safety,2,0
2026-04-20,SAF-HM-STD,Safety Helmet (Hard Hat),Safety,2,0
2026-04-21,SAF-HM-STD,Safety Helmet (Hard Hat),Safety,3,0
2026-04-22,SAF-HM-STD,Safety Helmet (Hard Hat),Safety,0,0
2026-04-23,SAF-HM-STD,Safety Helmet (Hard Hat),Safety,2,0
2026-04-24,SAF-HM-STD,Safety Helmet (Hard Hat),Safety,0,0
2026-04-25,SAF-HM-STD,Safety Helmet (Hard Hat),Safety,5,0
2026-04-26,SAF-HM-STD,Safety Helmet (Hard Hat),Safety,4,0
2026-04-27,SAF-HM-STD,Safety Helmet (Hard Hat),Safety,4,0
2026-04-28,SAF-HM-STD,Safety Helmet (Hard Hat),Safety,0,0
2026-04-29,SAF-HM-STD,Safety Helmet (Hard Hat),Safety,1,0
2026-04-30,SAF-HM-STD,Safety Helmet (Hard Hat),Safety,2,0
2026-05-01,SAF-HM-STD,Safety Helmet (Hard Hat),Safety,4,0
2026-05-02,SAF-HM-STD,Safety Helmet (Hard Hat),Safety,0,0
2026-05-03,SAF-HM-STD,Safety Helmet (Hard Hat),Safety,5,0
2026-05-04,SAF-HM-STD,Safety Helmet (Hard Hat),Safety,0,0
2026-05-05,SAF-HM-STD,Safety Helmet (Hard Hat),Safety,1,0
2026-05-06,SAF-HM-STD,Safety Helmet (Hard Hat),Safety,2,0
2026-05-07,SAF-HM-STD,Safety Helmet (Hard Hat),Safety,0,0
2026-05-08,SAF-HM-STD,Safety Helmet (Hard Hat),Safety,0,0
2026-05-09,SAF-HM-STD,Safety Helmet (Hard Hat),Safety,0,0
2026-05-10,SAF-HM-STD,Safety Helmet (Hard Hat),Safety,0,0
2026-05-11,SAF-HM-STD,Safety Helmet (Hard Hat),Safety,1,0
2026-05-12,SAF-HM-STD,Safety Helmet (Hard Hat),Safety,0,0
2026-05-13,SAF-HM-STD,Safety Helmet (Hard Hat),Safety,0,0
2026-05-14,SAF-HM-STD,Safety Helmet (Hard Hat),Safety,0,0
2026-05-15,SAF-HM-STD,Safety Helmet (Hard Hat),Safety,0,0
